  0
SECTION
  2
HEADER
  9
$ACADVER
  1
AC1027
  9
$ACADMAINTVER
 70
   125
  9
$DWGCODEPAGE
  3
ANSI_936
  9
$LASTSAVEDBY
  1
12968
  9
$REQUIREDVERSIONS
160
                 0
  9
$INSBASE
 10
0.0
 20
0.0
 30
0.0
  9
$EXTMIN
 10
-5500.0
 20
-17416.86766712142
 30
0.0
  9
$EXTMAX
 10
159175.1296043656
 20
188138.1991814461
 30
0.0
  9
$LIMMIN
 10
0.0
 20
0.0
  9
$LIMMAX
 10
420.0
 20
297.0
  9
$ORTHOMODE
 70
     0
  9
$REGENMODE
 70
     1
  9
$FILLMODE
 70
     1
  9
$QTEXTMODE
 70
     0
  9
$MIRRTEXT
 70
     1
  9
$LTSCALE
 40
1.0
  9
$ATTMODE
 70
     1
  9
$TEXTSIZE
 40
2.5
  9
$TRACEWID
 40
1.0
  9
$TEXTSTYLE
  7
Standard
  9
$CLAYER
  8
0
  9
$CELTYPE
  6
ByLayer
  9
$CECOLOR
 62
   256
  9
$CELTSCALE
 40
1.0
  9
$DISPSILH
 70
     0
  9
$DIMSCALE
 40
1.0
  9
$DIMASZ
 40
2.5
  9
$DIMEXO
 40
0.625
  9
$DIMDLI
 40
3.75
  9
$DIMRND
 40
0.0
  9
$DIMDLE
 40
0.0
  9
$DIMEXE
 40
1.25
  9
$DIMTP
 40
0.0
  9
$DIMTM
 40
0.0
  9
$DIMTXT
 40
2.5
  9
$DIMCEN
 40
2.5
  9
$DIMTSZ
 40
0.0
  9
$DIMTOL
 70
     0
  9
$DIMLIM
 70
     0
  9
$DIMTIH
 70
     0
  9
$DIMTOH
 70
     0
  9
$DIMSE1
 70
     0
  9
$DIMSE2
 70
     0
  9
$DIMTAD
 70
     1
  9
$DIMZIN
 70
     8
  9
$DIMBLK
  1

  9
$DIMASO
 70
     1
  9
$DIMSHO
 70
     1
  9
$DIMPOST
  1

  9
$DIMAPOST
  1

  9
$DIMALT
 70
     0
  9
$DIMALTD
 70
     3
  9
$DIMALTF
 40
0.03937007874
  9
$DIMLFAC
 40
1.0
  9
$DIMTOFL
 70
     1
  9
$DIMTVP
 40
0.0
  9
$DIMTIX
 70
     0
  9
$DIMSOXD
 70
     0
  9
$DIMSAH
 70
     0
  9
$DIMBLK1
  1

  9
$DIMBLK2
  1

  9
$DIMSTYLE
  2
Standard
  9
$DIMCLRD
 70
     0
  9
$DIMCLRE
 70
     0
  9
$DIMCLRT
 70
     0
  9
$DIMTFAC
 40
1.0
  9
$DIMGAP
 40
0.625
  9
$DIMJUST
 70
     0
  9
$DIMSD1
 70
     0
  9
$DIMSD2
 70
     0
  9
$DIMTOLJ
 70
     0
  9
$DIMTZIN
 70
     8
  9
$DIMALTZ
 70
     0
  9
$DIMALTTZ
 70
     0
  9
$DIMUPT
 70
     0
  9
$DIMDEC
 70
     2
  9
$DIMTDEC
 70
     2
  9
$DIMALTU
 70
     2
  9
$DIMALTTD
 70
     3
  9
$DIMTXSTY
  7
Standard
  9
$DIMAUNIT
 70
     0
  9
$DIMADEC
 70
     0
  9
$DIMALTRND
 40
0.0
  9
$DIMAZIN
 70
     0
  9
$DIMDSEP
 70
    44
  9
$DIMATFIT
 70
     3
  9
$DIMFRAC
 70
     0
  9
$DIMLDRBLK
  1

  9
$DIMLUNIT
 70
     2
  9
$DIMLWD
 70
    -2
  9
$DIMLWE
 70
    -2
  9
$DIMTMOVE
 70
     0
  9
$DIMFXL
 40
2.5
  9
$DIMFXLON
 70
     0
  9
$DIMJOGANG
 40
0.785398163397
  9
$DIMTFILL
 70
     0
  9
$DIMTFILLCLR
 70
     0
  9
$DIMARCSYM
 70
     0
  9
$DIMLTYPE
  6

  9
$DIMLTEX1
  6

  9
$DIMLTEX2
  6

  9
$DIMTXTDIRECTION
 70
     0
  9
$LUNITS
 70
     2
  9
$LUPREC
 70
     4
  9
$SKETCHINC
 40
1.0
  9
$FILLETRAD
 40
10.0
  9
$AUNITS
 70
     0
  9
$AUPREC
 70
     2
  9
$MENU
  1
.
  9
$ELEVATION
 40
0.0
  9
$PELEVATION
 40
0.0
  9
$THICKNESS
 40
0.0
  9
$LIMCHECK
 70
     0
  9
$CHAMFERA
 40
0.0
  9
$CHAMFERB
 40
0.0
  9
$CHAMFERC
 40
0.0
  9
$CHAMFERD
 40
0.0
  9
$SKPOLY
 70
     0
  9
$TDCREATE
 40
2458532.487326389
  9
$TDUCREATE
 40
2458532.153996898
  9
$TDUPDATE
 40
2461308.623900463
  9
$TDUUPDATE
 40
2461308.290567130
  9
$TDINDWG
 40
0.0125462963
  9
$TDUSRTIMER
 40
0.0125462963
  9
$USRTIMER
 70
     1
  9
$ANGBASE
 50
0.0
  9
$ANGDIR
 70
     0
  9
$PDMODE
 70
     0
  9
$PDSIZE
 40
0.0
  9
$PLINEWID
 40
0.0
  9
$SPLFRAME
 70
     0
  9
$SPLINETYPE
 70
     6
  9
$SPLINESEGS
 70
     8
  9
$HANDSEED
  5
1C77
  9
$SURFTAB1
 70
     6
  9
$SURFTAB2
 70
     6
  9
$SURFTYPE
 70
     6
  9
$SURFU
 70
     6
  9
$SURFV
 70
     6
  9
$UCSBASE
  2

  9
$UCSNAME
  2

  9
$UCSORG
 10
0.0
 20
0.0
 30
0.0
  9
$UCSXDIR
 10
1.0
 20
0.0
 30
0.0
  9
$UCSYDIR
 10
0.0
 20
1.0
 30
0.0
  9
$UCSORTHOREF
  2

  9
$UCSORTHOVIEW
 70
     0
  9
$UCSORGTOP
 10
0.0
 20
0.0
 30
0.0
  9
$UCSORGBOTTOM
 10
0.0
 20
0.0
 30
0.0
  9
$UCSORGLEFT
 10
0.0
 20
0.0
 30
0.0
  9
$UCSORGRIGHT
 10
0.0
 20
0.0
 30
0.0
  9
$UCSORGFRONT
 10
0.0
 20
0.0
 30
0.0
  9
$UCSORGBACK
 10
0.0
 20
0.0
 30
0.0
  9
$PUCSBASE
  2

  9
$PUCSNAME
  2

  9
$PUCSORG
 10
0.0
 20
0.0
 30
0.0
  9
$PUCSXDIR
 10
1.0
 20
0.0
 30
0.0
  9
$PUCSYDIR
 10
0.0
 20
1.0
 30
0.0
  9
$PUCSORTHOREF
  2

  9
$PUCSORTHOVIEW
 70
     0
  9
$PUCSORGTOP
 10
0.0
 20
0.0
 30
0.0
  9
$PUCSORGBOTTOM
 10
0.0
 20
0.0
 30
0.0
  9
$PUCSORGLEFT
 10
0.0
 20
0.0
 30
0.0
  9
$PUCSORGRIGHT
 10
0.0
 20
0.0
 30
0.0
  9
$PUCSORGFRONT
 10
0.0
 20
0.0
 30
0.0
  9
$PUCSORGBACK
 10
0.0
 20
0.0
 30
0.0
  9
$USERI1
 70
     0
  9
$USERI2
 70
     0
  9
$USERI3
 70
     0
  9
$USERI4
 70
     0
  9
$USERI5
 70
     0
  9
$USERR1
 40
0.0
  9
$USERR2
 40
0.0
  9
$USERR3
 40
0.0
  9
$USERR4
 40
0.0
  9
$USERR5
 40
0.0
  9
$WORLDVIEW
 70
     1
  9
$SHADEDGE
 70
     3
  9
$SHADEDIF
 70
    70
  9
$TILEMODE
 70
     1
  9
$MAXACTVP
 70
    64
  9
$PINSBASE
 10
0.0
 20
0.0
 30
0.0
  9
$PLIMCHECK
 70
     0
  9
$PEXTMIN
 10
1.000000000000000E+20
 20
1.000000000000000E+20
 30
1.000000000000000E+20
  9
$PEXTMAX
 10
-1.000000000000000E+20
 20
-1.000000000000000E+20
 30
-1.000000000000000E+20
  9
$PLIMMIN
 10
0.0
 20
0.0
  9
$PLIMMAX
 10
420.0
 20
297.0
  9
$UNITMODE
 70
     0
  9
$VISRETAIN
 70
     1
  9
$PLINEGEN
 70
     0
  9
$PSLTSCALE
 70
     1
  9
$TREEDEPTH
 70
  3020
  9
$CMLSTYLE
  2
Standard
  9
$CMLJUST
 70
     0
  9
$CMLSCALE
 40
20.0
  9
$PROXYGRAPHICS
 70
     1
  9
$MEASUREMENT
 70
     1
  9
$CELWEIGHT
370
    -1
  9
$ENDCAPS
280
     0
  9
$JOINSTYLE
280
     0
  9
$LWDISPLAY
290
     0
  9
$INSUNITS
 70
     4
  9
$HYPERLINKBASE
  1

  9
$STYLESHEET
  1

  9
$XEDIT
290
     1
  9
$CEPSNTYPE
380
     0
  9
$PSTYLEMODE
290
     1
  9
$FINGERPRINTGUID
  2
{B923DC12-EAF0-4DD3-9B2A-81EB5D9D99A2}
  9
$VERSIONGUID
  2
{B3E48451-769A-4147-B7FB-01B64832F28C}
  9
$EXTNAMES
290
     1
  9
$PSVPSCALE
 40
0.0
  9
$OLESTARTUP
290
     0
  9
$SORTENTS
280
   127
  9
$INDEXCTL
280
     0
  9
$HIDETEXT
280
     1
  9
$XCLIPFRAME
280
     2
  9
$HALOGAP
280
     0
  9
$OBSCOLOR
 70
   257
  9
$OBSLTYPE
280
     0
  9
$INTERSECTIONDISPLAY
280
     0
  9
$INTERSECTIONCOLOR
 70
   257
  9
$DIMASSOC
280
     2
  9
$PROJECTNAME
  1

  9
$CAMERADISPLAY
290
     0
  9
$LENSLENGTH
 40
50.0
  9
$CAMERAHEIGHT
 40
0.0
  9
$STEPSPERSEC
 40
24.0
  9
$STEPSIZE
 40
100.0
  9
$3DDWFPREC
 40
2.0
  9
$PSOLWIDTH
 40
0.005
  9
$PSOLHEIGHT
 40
0.08
  9
$LOFTANG1
 40
1.570795999999999
  9
$LOFTANG2
 40
1.570795999999999
  9
$LOFTMAG1
 40
0.0
  9
$LOFTMAG2
 40
0.0
  9
$LOFTPARAM
 70
     7
  9
$LOFTNORMALS
280
     1
  9
$LATITUDE
 40
37.795
  9
$LONGITUDE
 40
-122.394
  9
$NORTHDIRECTION
 40
0.0
  9
$TIMEZONE
 70
 -8000
  9
$LIGHTGLYPHDISPLAY
280
     1
  9
$TILEMODELIGHTSYNCH
280
     1
  9
$CMATERIAL
347
20
  9
$SOLIDHIST
280
     0
  9
$SHOWHIST
280
     1
  9
$DWFFRAME
280
     2
  9
$DGNFRAME
280
     2
  9
$REALWORLDSCALE
290
     1
  9
$INTERFERECOLOR
 62
   256
  9
$INTERFEREOBJVS
345
866
  9
$INTERFEREVPVS
346
863
  9
$CSHADOW
280
     0
  9
$SHADOWPLANELOCATION
 40
0.0
  0
ENDSEC
  0
SECTION
  2
CLASSES
  0
CLASS
  1
ACDBDICTIONARYWDFLT
  2
AcDbDictionaryWithDefault
  3
ObjectDBX Classes
 90
        0
 91
        1
280
     0
281
     0
  0
CLASS
  1
SUN
  2
AcDbSun
  3
SCENEOE
 90
     1153
 91
        0
280
     0
281
     0
  0
CLASS
  1
VISUALSTYLE
  2
AcDbVisualStyle
  3
ObjectDBX Classes
 90
     4095
 91
       24
280
     0
281
     0
  0
CLASS
  1
MATERIAL
  2
AcDbMaterial
  3
ObjectDBX Classes
 90
     1153
 91
        3
280
     0
281
     0
  0
CLASS
  1
SCALE
  2
AcDbScale
  3
ObjectDBX Classes
 90
     1153
 91
       17
280
     0
281
     0
  0
CLASS
  1
TABLESTYLE
  2
AcDbTableStyle
  3
ObjectDBX Classes
 90
     4095
 91
        1
280
     0
281
     0
  0
CLASS
  1
MLEADERSTYLE
  2
AcDbMLeaderStyle
  3
ACDB_MLEADERSTYLE_CLASS
 90
     4095
 91
        1
280
     0
281
     0
  0
CLASS
  1
DICTIONARYVAR
  2
AcDbDictionaryVar
  3
ObjectDBX Classes
 90
        0
 91
       18
280
     0
281
     0
  0
CLASS
  1
CELLSTYLEMAP
  2
AcDbCellStyleMap
  3
ObjectDBX Classes
 90
     1152
 91
        1
280
     0
281
     0
  0
CLASS
  1
MENTALRAYRENDERSETTINGS
  2
AcDbMentalRayRenderSettings
  3
SCENEOE
 90
     1024
 91
        0
280
     0
281
     0
  0
CLASS
  1
ACDBDETAILVIEWSTYLE
  2
AcDbDetailViewStyle
  3
ObjectDBX Classes
 90
     1025
 91
        1
280
     0
281
     0
  0
CLASS
  1
ACDBSECTIONVIEWSTYLE
  2
AcDbSectionViewStyle
  3
ObjectDBX Classes
 90
     1025
 91
        1
280
     0
281
     0
  0
CLASS
  1
RASTERVARIABLES
  2
AcDbRasterVariables
  3
ISM
 90
        0
 91
        0
280
     0
281
     0
  0
ENDSEC
  0
SECTION
  2
TABLES
  0
TABLE
  2
VPORT
  5
8
102
{ACAD_XDICTIONARY
360
897
102
}
330
0
100
AcDbSymbolTable
 70
     1
1001
ACAD
1000
DbSaveVer
1071
      427
  0
VPORT
  5
1C35
330
8
100
AcDbSymbolTableRecord
100
AcDbViewportTableRecord
  2
*Active
 70
     0
 10
0.0
 20
0.0
 11
1.0
 21
1.0
 12
11945.30354916504
 22
7769.788930178854
 13
0.0
 23
0.0
 14
0.5
 24
0.5
 15
0.5
 25
0.5
 16
0.0
 26
0.0
 36
1.0
 17
0.0
 27
0.0
 37
0.0
 40
20772.09784803109
 41
3.615384615384615
 42
50.0
 43
0.0
 44
0.0
 50
0.0
 51
0.0
 71
     0
 72
  1000
 73
     1
 74
     3
 75
     0
 76
     0
 77
     0
 78
     0
281
     0
 65
     1
110
0.0
120
0.0
130
0.0
111
1.0
121
0.0
131
0.0
112
0.0
122
1.0
132
0.0
 79
     0
146
0.0
348
862
 60
     3
 61
     5
292
     1
282
     1
141
0.0
142
0.0
 63
   250
421
  3355443
1001
ACAD_NAV_VCDISPLAY
1070
     3
  0
ENDTAB
  0
TABLE
  2
LTYPE
  5
2
330
0
100
AcDbSymbolTable
 70
     2
  0
LTYPE
  5
24
330
2
100
AcDbSymbolTableRecord
100
AcDbLinetypeTableRecord
  2
ByBlock
 70
     0
  3

 72
    65
 73
     0
 40
0.0
  0
LTYPE
  5
25
330
2
100
AcDbSymbolTableRecord
100
AcDbLinetypeTableRecord
  2
ByLayer
 70
     0
  3

 72
    65
 73
     0
 40
0.0
  0
LTYPE
  5
26
330
2
100
AcDbSymbolTableRecord
100
AcDbLinetypeTableRecord
  2
Continuous
 70
     0
  3

 72
    65
 73
     0
 40
0.0
  0
LTYPE
  5
A7E
330
2
100
AcDbSymbolTableRecord
100
AcDbLinetypeTableRecord
  2
AXIS22
 70
     0
  3
Center line
 72
    65
 73
     4
 40
1400.0
 49
900.0
 74
     0
 49
-150.0
 74
     0
 49
200.0
 74
     0
 49
-150.0
 74
     0
  0
ENDTAB
  0
TABLE
  2
LAYER
  5
1
102
{ACAD_XDICTIONARY
360
901
102
}
330
0
100
AcDbSymbolTable
 70
    55
  0
LAYER
  5
27
330
1
100
AcDbSymbolTableRecord
100
AcDbLayerTableRecord
  2
0
 70
     0
 62
     7
  6
Continuous
370
    -3
390
13
347
21
348
0
  0
LAYER
  5
28
330
1
100
AcDbSymbolTableRecord
100
AcDbLayerTableRecord
  2
Defpoints
 70
     0
 62
     7
  6
Continuous
290
     0
370
    -3
390
13
347
21
348
0
  0
LAYER
  5
30
330
1
100
AcDbSymbolTableRecord
100
AcDbLayerTableRecord
  2
CONTOUR
 70
     0
 62
     4
  6
Continuous
370
    35
390
13
347
21
348
0
  0
LAYER
  5
31
330
1
100
AcDbSymbolTableRecord
100
AcDbLayerTableRecord
  2
MEMBER
 70
     0
 62
     7
  6
Continuous
370
    25
390
13
347
21
348
0
  0
LAYER
  5
32
330
1
100
AcDbSymbolTableRecord
100
AcDbLayerTableRecord
  2
SEAM
 70
     0
 62
     7
  6
Continuous
370
    13
390
13
347
21
348
0
  0
LAYER
  5
33
330
1
100
AcDbSymbolTableRecord
100
AcDbLayerTableRecord
  2
CENTER
 70
     0
 62
    30
  6
Continuous
370
    13
390
13
347
21
348
0
  0
LAYER
  5
34
330
1
100
AcDbSymbolTableRecord
100
AcDbLayerTableRecord
  2
DIM
 70
     0
 62
     2
  6
Continuous
370
    13
390
13
347
21
348
0
  0
LAYER
  5
35
330
1
100
AcDbSymbolTableRecord
100
AcDbLayerTableRecord
  2
TEXT
 70
     0
 62
     7
  6
Continuous
370
    18
390
13
347
21
348
0
  0
LAYER
  5
85A
330
1
100
AcDbSymbolTableRecord
100
AcDbLayerTableRecord
  2
VIEWPORTS
 70
     0
 62
     7
  6
Continuous
370
    -3
390
13
347
21
348
0
  0
LAYER
  5
9F1
330
1
100
AcDbSymbolTableRecord
100
AcDbLayerTableRecord
  2
FRAME_LAYOUT
 70
     0
 62
     4
  6
Continuous
370
    -3
390
13
347
21
348
0
  0
LAYER
  5
9F2
330
1
100
AcDbSymbolTableRecord
100
AcDbLayerTableRecord
  2
FRAME_DETAIL
 70
     0
 62
     7
  6
Continuous
370
    -3
390
13
347
21
348
0
  0
LAYER
  5
A7F
330
1
100
AcDbSymbolTableRecord
100
AcDbLayerTableRecord
  2
03_CONTOUR
 70
     0
 62
     4
  6
Continuous
370
    -3
390
13
347
21
348
0
  0
LAYER
  5
A80
330
1
100
AcDbSymbolTableRecord
100
AcDbLayerTableRecord
  2
03_MEMBER
 70
     0
 62
     7
  6
Continuous
370
    -3
390
13
347
21
348
0
  0
LAYER
  5
A81
330
1
100
AcDbSymbolTableRecord
100
AcDbLayerTableRecord
  2
03_CENTER
 70
     0
 62
    30
  6
Continuous
370
    -3
390
13
347
21
348
0
  0
LAYER
  5
A82
330
1
100
AcDbSymbolTableRecord
100
AcDbLayerTableRecord
  2
03_SEAM
 70
     0
 62
     7
  6
Continuous
370
    -3
390
13
347
21
348
0
  0
LAYER
  5
A83
330
1
100
AcDbSymbolTableRecord
100
AcDbLayerTableRecord
  2
03_TEXT
 70
     0
 62
     7
  6
Continuous
370
    -3
390
13
347
21
348
0
  0
LAYER
  5
A84
330
1
100
AcDbSymbolTableRecord
100
AcDbLayerTableRecord
  2
03_0
 70
     0
 62
     7
  6
Continuous
370
    -3
390
13
347
21
348
0
  0
LAYER
  5
A85
330
1
100
AcDbSymbolTableRecord
100
AcDbLayerTableRecord
  2
03_Defpoints
 70
     0
 62
     7
  6
Continuous
370
    -3
390
13
347
21
348
0
  0
LAYER
  5
A86
330
1
100
AcDbSymbolTableRecord
100
AcDbLayerTableRecord
  2
03_FRAME_LAYOUT
 70
     0
 62
     4
  6
Continuous
370
    -3
390
13
347
21
348
0
  0
LAYER
  5
A87
330
1
100
AcDbSymbolTableRecord
100
AcDbLayerTableRecord
  2
03_FRAME_DETAIL
 70
     0
 62
     7
  6
Continuous
370
    -3
390
13
347
21
348
0
  0
LAYER
  5
A8C
330
1
100
AcDbSymbolTableRecord
100
AcDbLayerTableRecord
  2
01_HULL
 70
     0
 62
     4
  6
Continuous
370
    -3
390
13
347
21
348
0
  0
LAYER
  5
A8D
330
1
100
AcDbSymbolTableRecord
100
AcDbLayerTableRecord
  2
01_MEMBER
 70
     0
 62
     7
  6
Continuous
370
    -3
390
13
347
21
348
0
  0
LAYER
  5
A8E
330
1
100
AcDbSymbolTableRecord
100
AcDbLayerTableRecord
  2
01_CENTER
 70
     0
 62
    30
  6
AXIS22
370
    -3
390
13
347
21
348
0
  0
LAYER
  5
A8F
330
1
100
AcDbSymbolTableRecord
100
AcDbLayerTableRecord
  2
01_SEAM
 70
     0
 62
     7
  6
Continuous
370
    -3
390
13
347
21
348
0
  0
LAYER
  5
A90
330
1
100
AcDbSymbolTableRecord
100
AcDbLayerTableRecord
  2
01_TEXT
 70
     0
 62
     7
  6
Continuous
370
    -3
390
13
347
21
348
0
  0
LAYER
  5
A91
330
1
100
AcDbSymbolTableRecord
100
AcDbLayerTableRecord
  2
01_DIM
 70
     0
 62
     2
  6
Continuous
370
    -3
390
13
347
21
348
0
  0
LAYER
  5
A92
330
1
100
AcDbSymbolTableRecord
100
AcDbLayerTableRecord
  2
01_PRESSURE
 70
     0
 62
     3
  6
Continuous
370
    -3
390
13
347
21
348
0
  0
LAYER
  5
B32
330
1
100
AcDbSymbolTableRecord
100
AcDbLayerTableRecord
  2
02_HULL
 70
     0
 62
     4
  6
Continuous
370
    -3
390
13
347
21
348
0
  0
LAYER
  5
B33
330
1
100
AcDbSymbolTableRecord
100
AcDbLayerTableRecord
  2
02_MEMBER
 70
     0
 62
     7
  6
Continuous
370
    -3
390
13
347
21
348
0
  0
LAYER
  5
B34
330
1
100
AcDbSymbolTableRecord
100
AcDbLayerTableRecord
  2
02_CENTER
 70
     0
 62
    30
  6
AXIS22
370
    -3
390
13
347
21
348
0
  0
LAYER
  5
B35
330
1
100
AcDbSymbolTableRecord
100
AcDbLayerTableRecord
  2
02_SEAM
 70
     0
 62
     7
  6
Continuous
370
    -3
390
13
347
21
348
0
  0
LAYER
  5
B36
330
1
100
AcDbSymbolTableRecord
100
AcDbLayerTableRecord
  2
02_TEXT
 70
     0
 62
     7
  6
Continuous
370
    -3
390
13
347
21
348
0
  0
LAYER
  5
B37
330
1
100
AcDbSymbolTableRecord
100
AcDbLayerTableRecord
  2
02_DIM
 70
     0
 62
     2
  6
Continuous
370
    -3
390
13
347
21
348
0
  0
LAYER
  5
B38
330
1
100
AcDbSymbolTableRecord
100
AcDbLayerTableRecord
  2
02_PRESSURE
 70
     0
 62
     3
  6
Continuous
370
    -3
390
13
347
21
348
0
  0
LAYER
  5
B7C
330
1
100
AcDbSymbolTableRecord
100
AcDbLayerTableRecord
  2
04_HULL
 70
     0
 62
     4
  6
Continuous
370
    -3
390
13
347
21
348
0
  0
LAYER
  5
B7D
330
1
100
AcDbSymbolTableRecord
100
AcDbLayerTableRecord
  2
04_MEMBER
 70
     0
 62
     7
  6
Continuous
370
    -3
390
13
347
21
348
0
  0
LAYER
  5
B7E
330
1
100
AcDbSymbolTableRecord
100
AcDbLayerTableRecord
  2
04_CENTER
 70
     0
 62
    30
  6
AXIS22
370
    -3
390
13
347
21
348
0
  0
LAYER
  5
B7F
330
1
100
AcDbSymbolTableRecord
100
AcDbLayerTableRecord
  2
04_SEAM
 70
     0
 62
     7
  6
Continuous
370
    -3
390
13
347
21
348
0
  0
LAYER
  5
B80
330
1
100
AcDbSymbolTableRecord
100
AcDbLayerTableRecord
  2
04_TEXT
 70
     0
 62
     7
  6
Continuous
370
    -3
390
13
347
21
348
0
  0
LAYER
  5
B81
330
1
100
AcDbSymbolTableRecord
100
AcDbLayerTableRecord
  2
04_DIM
 70
     0
 62
     2
  6
Continuous
370
    -3
390
13
347
21
348
0
  0
LAYER
  5
B82
330
1
100
AcDbSymbolTableRecord
100
AcDbLayerTableRecord
  2
04_PRESSURE
 70
     0
 62
     3
  6
Continuous
370
    -3
390
13
347
21
348
0
  0
LAYER
  5
1B93
330
1
100
AcDbSymbolTableRecord
100
AcDbLayerTableRecord
  2
ARR_WATER
 70
     0
 62
     5
  6
Continuous
370
    -3
390
13
347
21
348
0
  0
LAYER
  5
1B94
330
1
100
AcDbSymbolTableRecord
100
AcDbLayerTableRecord
  2
ARR_SECONDARY
 70
     0
 62
     4
  6
Continuous
370
    -3
390
13
347
21
348
0
  0
LAYER
  5
1B95
330
1
100
AcDbSymbolTableRecord
100
AcDbLayerTableRecord
  2
ARR_PLATE_SEAMS
 70
     0
 62
     7
  6
Continuous
370
    -3
390
13
347
21
348
0
  0
LAYER
  5
1B96
330
1
100
AcDbSymbolTableRecord
100
AcDbLayerTableRecord
  2
ARR_BOUNDARY
 70
     0
 62
     1
  6
Continuous
370
    -3
390
13
347
21
348
0
  0
LAYER
  5
1B97
330
1
100
AcDbSymbolTableRecord
100
AcDbLayerTableRecord
  2
ARR_NOTE
 70
     0
 62
     7
  6
Continuous
370
    -3
390
13
347
21
348
0
  0
LAYER
  5
1B98
330
1
100
AcDbSymbolTableRecord
100
AcDbLayerTableRecord
  2
ARR_0
 70
     0
 62
     7
  6
Continuous
370
    -3
390
13
347
21
348
0
  0
LAYER
  5
1B99
330
1
100
AcDbSymbolTableRecord
100
AcDbLayerTableRecord
  2
ARR_HULL
 70
     0
 62
     7
  6
Continuous
370
    -3
390
13
347
21
348
0
  0
LAYER
  5
1B9A
330
1
100
AcDbSymbolTableRecord
100
AcDbLayerTableRecord
  2
ARR_CENTER
 70
     0
 62
     3
  6
Continuous
370
    -3
390
13
347
21
348
0
  0
LAYER
  5
1B9B
330
1
100
AcDbSymbolTableRecord
100
AcDbLayerTableRecord
  2
ARR_PRIMARY
 70
     0
 62
     1
  6
Continuous
370
    -3
390
13
347
21
348
0
  0
LAYER
  5
1B9C
330
1
100
AcDbSymbolTableRecord
100
AcDbLayerTableRecord
  2
ARR_Defpoints
 70
     0
 62
     7
  6
Continuous
370
    -3
390
13
347
21
348
0
  0
LAYER
  5
1C01
330
1
100
AcDbSymbolTableRecord
100
AcDbLayerTableRecord
  2
24_TEXT
 70
     0
 62
     7
  6
Continuous
370
    -3
390
13
347
21
348
0
  0
LAYER
  5
1C02
330
1
100
AcDbSymbolTableRecord
100
AcDbLayerTableRecord
  2
24_MEMBER
 70
     0
 62
     4
  6
Continuous
370
    -3
390
13
347
21
348
0
  0
LAYER
  5
1C03
330
1
100
AcDbSymbolTableRecord
100
AcDbLayerTableRecord
  2
24_NET
 70
     0
 62
     6
  6
Continuous
370
    -3
390
13
347
21
348
0
  0
LAYER
  5
1C04
330
1
100
AcDbSymbolTableRecord
100
AcDbLayerTableRecord
  2
24_DETAIL
 70
     0
 62
     4
  6
Continuous
370
    -3
390
13
347
21
348
0
  0
ENDTAB
  0
TABLE
  2
STYLE
  5
5
330
0
100
AcDbSymbolTable
 70
     3
  0
STYLE
  5
29
330
5
100
AcDbSymbolTableRecord
100
AcDbTextStyleTableRecord
  2
Standard
 70
     0
 40
0.0
 41
1.0
 50
0.0
 71
     0
 42
2.5
  3
arial.ttf
  4

1001
ACAD
1000
Arial
1071
       34
  0
STYLE
  5
2F
330
5
100
AcDbSymbolTableRecord
100
AcDbTextStyleTableRecord
  2
RU
 70
     0
 40
0.0
 41
1.0
 50
0.0
 71
     0
 42
2.5
  3
arial.ttf
  4

1001
ACAD
1000
Arial
1071
       34
  0
STYLE
  5
1B9D
330
5
100
AcDbSymbolTableRecord
100
AcDbTextStyleTableRecord
  2
unicode
 70
     0
 40
0.0
 41
1.0
 50
0.0
 71
     0
 42
2.5
  3
arial.ttf
  4

1001
ACAD
1000
Arial
1071
       34
  0
ENDTAB
  0
TABLE
  2
VIEW
  5
7
330
0
100
AcDbSymbolTable
 70
     4
  0
VIEW
  5
1B9E
330
7
100
AcDbSymbolTableRecord
100
AcDbViewTableRecord
  2
01_Arrangement
 70
     0
 40
113000.0
 10
77500.0
 20
124000.0
 41
172000.0
 11
0.0
 21
0.0
 31
1.0
 12
0.0
 22
0.0
 32
0.0
 42
50.0
 43
0.0
 44
0.0
 50
0.0
 71
     0
281
     0
 72
     0
 73
     0
  0
VIEW
  5
1B9F
330
7
100
AcDbSymbolTableRecord
100
AcDbViewTableRecord
  2
02_Structures
 70
     0
 40
71000.0
 10
33000.0
 20
15500.0
 41
80000.0
 11
0.0
 21
0.0
 31
1.0
 12
0.0
 22
0.0
 32
0.0
 42
50.0
 43
0.0
 44
0.0
 50
0.0
 71
     0
281
     0
 72
     0
 73
     0
  0
VIEW
  5
1BA0
330
7
100
AcDbSymbolTableRecord
100
AcDbViewTableRecord
  2
03_Midship
 70
     0
 40
27000.0
 10
13000.0
 20
7500.0
 41
41000.0
 11
0.0
 21
0.0
 31
1.0
 12
0.0
 22
0.0
 32
0.0
 42
50.0
 43
0.0
 44
0.0
 50
0.0
 71
     0
281
     0
 72
     0
 73
     0
  0
VIEW
  5
1BA1
330
7
100
AcDbSymbolTableRecord
100
AcDbViewTableRecord
  2
04_Pressure
 70
     0
 40
32500.0
 10
51000.0
 20
34500.0
 41
31000.0
 11
0.0
 21
0.0
 31
1.0
 12
0.0
 22
0.0
 32
0.0
 42
50.0
 43
0.0
 44
0.0
 50
0.0
 71
     0
281
     0
 72
     0
 73
     0
  0
ENDTAB
  0
TABLE
  2
UCS
  5
6
330
0
100
AcDbSymbolTable
 70
     0
  0
ENDTAB
  0
TABLE
  2
APPID
  5
3
330
0
100
AcDbSymbolTable
 70
     6
  0
APPID
  5
2A
330
3
100
AcDbSymbolTableRecord
100
AcDbRegAppTableRecord
  2
ACAD
 70
     0
  0
APPID
  5
854
330
3
100
AcDbSymbolTableRecord
100
AcDbRegAppTableRecord
  2
HATCHBACKGROUNDCOLOR
 70
     0
  0
APPID
  5
855
330
3
100
AcDbSymbolTableRecord
100
AcDbRegAppTableRecord
  2
EZDXF
 70
     0
  0
APPID
  5
88D
330
3
100
AcDbSymbolTableRecord
100
AcDbRegAppTableRecord
  2
ACAD_NAV_VCDISPLAY
 70
     0
  0
APPID
  5
8A1
330
3
100
AcDbSymbolTableRecord
100
AcDbRegAppTableRecord
  2
ACAD_DSTYLE_DIMEXT_LENGTH
 70
     0
  0
APPID
  5
8A2
330
3
100
AcDbSymbolTableRecord
100
AcDbRegAppTableRecord
  2
ACAD_MLEADERVER
 70
     0
  0
ENDTAB
  0
TABLE
  2
DIMSTYLE
  5
4
330
0
100
AcDbSymbolTable
 70
     1
100
AcDbDimStyleTable
 71
     0
  0
DIMSTYLE
105
2B
330
4
100
AcDbSymbolTableRecord
100
AcDbDimStyleTableRecord
  2
Standard
 70
     0
 41
2.5
 42
0.625
 43
3.75
 44
1.25
 49
2.5
 73
     0
 74
     0
 77
     1
 78
     8
 79
     3
140
2.5
141
2.5
143
0.03937007874
147
0.625
171
     3
172
     1
179
     2
271
     2
272
     2
274
     3
278
    44
283
     0
284
     8
340
29
  0
ENDTAB
  0
TABLE
  2
BLOCK_RECORD
  5
9
330
0
100
AcDbSymbolTable
 70
     2
  0
BLOCK_RECORD
  5
17
330
9
100
AcDbSymbolTableRecord
100
AcDbBlockTableRecord
  2
*Model_Space
340
1A
 70
     0
280
     1
281
     0
  0
BLOCK_RECORD
  5
A88
330
9
100
AcDbSymbolTableRecord
100
AcDbBlockTableRecord
  2
*Paper_Space
340
A8B
 70
     0
280
     1
281
     0
  0
BLOCK_RECORD
  5
4D9
330
9
100
AcDbSymbolTableRecord
100
AcDbBlockTableRecord
  2
_CLOSEDFILLED
340
0
102
{BLKREFS
331
74D
331
74F
331
759
331
75B
331
764
331
766
331
76F
331
771
331
77B
331
77D
331
787
331
789
331
6ED
331
6EF
331
6F9
331
6FB
331
705
331
707
331
711
331
713
331
71D
331
71F
331
729
331
72B
331
735
331
737
331
741
331
743
102
}
 70
     0
280
     1
281
     0
  0
BLOCK_RECORD
  5
1B8F
330
9
100
AcDbSymbolTableRecord
100
AcDbBlockTableRecord
  2
_CLOSEDFILLED0
340
0
102
{BLKREFS
331
1B3A
331
1B3C
331
1B45
331
1B47
331
1B50
331
1B52
331
1B5B
331
1B5D
331
1B66
331
1B68
331
1AC4
331
1AC6
331
1ACF
331
1AD1
331
1ADA
331
1ADC
331
1AE5
331
1AE7
331
1AEF
331
1AF1
331
1AFA
331
1AFC
331
1B05
331
1B07
331
1B10
331
1B12
331
1B1B
331
1B1D
331
1B25
331
1B27
331
1B30
331
1B32
331
1A16
331
1A18
331
1A20
331
1A22
331
1A2B
331
1A2D
331
1A36
331
1A38
331
1A41
331
1A43
331
1A4C
331
1A4E
331
1A57
331
1A59
331
1A62
331
1A64
331
1A6C
331
1A6E
331
1A77
331
1A79
331
1A82
331
1A84
331
1A8D
331
1A8F
331
1A98
331
1A9A
331
1AA3
331
1AA5
331
1AAE
331
1AB0
331
1AB9
331
1ABB
102
}
 70
     0
280
     1
281
     0
  0
ENDTAB
  0
ENDSEC
  0
SECTION
  2
BLOCKS
  0
BLOCK
  5
18
330
17
100
AcDbEntity
  8
0
100
AcDbBlockBegin
  2
*Model_Space
 70
     0
 10
0.0
 20
0.0
 30
0.0
  3
*Model_Space
  1

  0
ENDBLK
  5
19
330
17
100
AcDbEntity
  8
0
100
AcDbBlockEnd
  0
BLOCK
  5
A89
330
A88
100
AcDbEntity
 67
     1
  8
0
100
AcDbBlockBegin
  2
*Paper_Space
 70
     0
 10
0.0
 20
0.0
 30
0.0
  3
*Paper_Space
  1

  0
ENDBLK
  5
A8A
330
A88
100
AcDbEntity
 67
     1
  8
0
100
AcDbBlockEnd
  0
BLOCK
  5
4DA
330
4D9
100
AcDbEntity
  8
0
100
AcDbBlockBegin
  2
_CLOSEDFILLED
 70
     0
 10
0.0
 20
0.0
 30
0.0
  3
_CLOSEDFILLED
  1

  0
SOLID
  5
4DC
330
4D9
100
AcDbEntity
  8
0
  6
ByBlock
 62
     0
100
AcDbTrace
 10
-1.0
 20
0.1643989837240253
 30
0.0
 11
0.0
 21
0.0
 31
0.0
 12
-1.0
 22
-0.1643989837240253
 32
0.0
 13
-1.0
 23
-0.1643989837240253
 33
0.0
  0
ENDBLK
  5
4DB
330
4D9
100
AcDbEntity
  8
0
100
AcDbBlockEnd
  0
BLOCK
  5
1B90
330
1B8F
100
AcDbEntity
  8
0
100
AcDbBlockBegin
  2
_CLOSEDFILLED0
 70
     0
 10
0.0
 20
0.0
 30
0.0
  3
_CLOSEDFILLED0
  1

  0
SOLID
  5
1B92
330
1B8F
100
AcDbEntity
  8
ARR_0
  6
ByBlock
 62
     0
100
AcDbTrace
 10
-1.0
 20
0.1643989837240253
 30
0.0
 11
0.0
 21
0.0
 31
0.0
 12
-1.0
 22
-0.1643989837240253
 32
0.0
 13
-1.0
 23
-0.1643989837240253
 33
0.0
  0
ENDBLK
  5
1B91
330
1B8F
100
AcDbEntity
  8
0
100
AcDbBlockEnd
  0
ENDSEC
  0
SECTION
  2
ENTITIES
  0
LWPOLYLINE
  5
3B
330
17
100
AcDbEntity
  8
03_CONTOUR
100
AcDbPolyline
 90
        5
 70
     0
 43
0.0
 10
0.0
 20
1550.0
 10
0.0
 20
15500.0
 10
13500.0
 20
16040.0
 10
27000.0
 20
15500.0
 10
27000.0
 20
1550.0
  0
ARC
  5
3D
330
17
100
AcDbEntity
  8
03_CONTOUR
100
AcDbCircle
 10
1550.0
 20
1550.0
 30
0.0
 40
1550.0
100
AcDbArc
 50
180.0
 51
270.0
  0
ARC
  5
3F
330
17
100
AcDbEntity
  8
03_CONTOUR
100
AcDbCircle
 10
25450.0
 20
1550.0
 30
0.0
 40
1550.0
100
AcDbArc
 50
270.0
 51
360.0
  0
LINE
  5
41
330
17
100
AcDbEntity
  8
03_CONTOUR
100
AcDbLine
 10
1550.0
 20
0.0
 30
0.0
 11
25450.0
 21
0.0
 31
0.0
  0
LINE
  5
43
330
17
100
AcDbEntity
  8
03_CONTOUR
100
AcDbLine
 10
0.0
 20
1800.0
 30
0.0
 11
27000.0
 21
1800.0
 31
0.0
  0
LINE
  5
45
330
17
100
AcDbEntity
  8
03_CONTOUR
100
AcDbLine
 10
2000.0
 20
0.0
 30
0.0
 11
2000.0
 21
15580.0
 31
0.0
  0
LINE
  5
47
330
17
100
AcDbEntity
  8
03_CONTOUR
100
AcDbLine
 10
25000.0
 20
0.0
 30
0.0
 11
25000.0
 21
15580.0
 31
0.0
  0
LINE
  5
49
330
17
100
AcDbEntity
  8
03_CONTOUR
100
AcDbLine
 10
13500.0
 20
0.0
 30
0.0
 11
13500.0
 21
16040.0
 31
0.0
  0
LINE
  5
4B
330
17
100
AcDbEntity
  8
03_CONTOUR
100
AcDbLine
 10
0.0
 20
5200.0
 30
0.0
 11
2000.0
 21
5200.0
 31
0.0
  0
LINE
  5
4D
330
17
100
AcDbEntity
  8
03_CONTOUR
100
AcDbLine
 10
25000.0
 20
5200.0
 30
0.0
 11
27000.0
 21
5200.0
 31
0.0
  0
LINE
  5
53
330
17
100
AcDbEntity
  8
03_CONTOUR
100
AcDbLine
 10
0.0
 20
8600.0
 30
0.0
 11
2000.0
 21
8600.0
 31
0.0
  0
LINE
  5
55
330
17
100
AcDbEntity
  8
03_CONTOUR
100
AcDbLine
 10
25000.0
 20
8600.0
 30
0.0
 11
27000.0
 21
8600.0
 31
0.0
  0
LINE
  5
5B
330
17
100
AcDbEntity
  8
03_CONTOUR
100
AcDbLine
 10
0.0
 20
12000.0
 30
0.0
 11
2000.0
 21
12000.0
 31
0.0
  0
LINE
  5
5D
330
17
100
AcDbEntity
  8
03_CONTOUR
100
AcDbLine
 10
25000.0
 20
12000.0
 30
0.0
 11
27000.0
 21
12000.0
 31
0.0
  0
LINE
  5
63
330
17
100
AcDbEntity
  8
03_MEMBER
100
AcDbLine
 10
1991.5
 20
0.0
 30
0.0
 11
1991.5
 21
1800.0
 31
0.0
  0
LINE
  5
65
330
17
100
AcDbEntity
  8
03_MEMBER
100
AcDbLine
 10
2008.5
 20
0.0
 30
0.0
 11
2008.5
 21
1800.0
 31
0.0
  0
LINE
  5
67
330
17
100
AcDbEntity
  8
03_MEMBER
100
AcDbLine
 10
13491.5
 20
0.0
 30
0.0
 11
13491.5
 21
1800.0
 31
0.0
  0
LINE
  5
69
330
17
100
AcDbEntity
  8
03_MEMBER
100
AcDbLine
 10
13508.5
 20
0.0
 30
0.0
 11
13508.5
 21
1800.0
 31
0.0
  0
LINE
  5
6B
330
17
100
AcDbEntity
  8
03_MEMBER
100
AcDbLine
 10
24991.5
 20
0.0
 30
0.0
 11
24991.5
 21
1800.0
 31
0.0
  0
LINE
  5
6D
330
17
100
AcDbEntity
  8
03_MEMBER
100
AcDbLine
 10
25008.5
 20
0.0
 30
0.0
 11
25008.5
 21
1800.0
 31
0.0
  0
LINE
  5
6F
330
17
100
AcDbEntity
  8
03_MEMBER
100
AcDbLine
 10
2766.666666666667
 20
0.0
 30
0.0
 11
2766.666666666667
 21
1800.0
 31
0.0
  0
LINE
  5
71
330
17
100
AcDbEntity
  8
03_MEMBER
100
AcDbLine
 10
2778.666666666667
 20
0.0
 30
0.0
 11
2778.666666666667
 21
1800.0
 31
0.0
  0
LWPOLYLINE
  5
73
330
17
100
AcDbEntity
  8
03_MEMBER
100
AcDbPolyline
 90
        6
 70
     1
 43
0.0
 10
2760.666666666667
 20
0.0
 10
2772.666666666667
 20
0.0
 10
2772.666666666667
 20
210.7179676972449
 10
2812.666666666667
 20
268.0
 10
2800.666666666667
 20
280.0
 10
2760.666666666667
 20
280.0
  0
LWPOLYLINE
  5
75
330
17
100
AcDbEntity
  8
03_MEMBER
100
AcDbPolyline
 90
        6
 70
     1
 43
0.0
 10
2760.666666666667
 20
1800.0
 10
2772.666666666667
 20
1800.0
 10
2772.666666666667
 20
1604.085879880048
 10
2809.666666666667
 20
1552.0
 10
2797.666666666667
 20
1540.0
 10
2760.666666666667
 20
1540.0
  0
LINE
  5
77
330
17
100
AcDbEntity
  8
03_MEMBER
100
AcDbLine
 10
3533.333333333333
 20
0.0
 30
0.0
 11
3533.333333333333
 21
1800.0
 31
0.0
  0
LINE
  5
79
330
17
100
AcDbEntity
  8
03_MEMBER
100
AcDbLine
 10
3545.333333333334
 20
0.0
 30
0.0
 11
3545.333333333334
 21
1800.0
 31
0.0
  0
LWPOLYLINE
  5
7B
330
17
100
AcDbEntity
  8
03_MEMBER
100
AcDbPolyline
 90
        6
 70
     1
 43
0.0
 10
3527.333333333333
 20
0.0
 10
3539.333333333333
 20
0.0
 10
3539.333333333333
 20
210.7179676972449
 10
3579.333333333333
 20
268.0
 10
3567.333333333333
 20
280.0
 10
3527.333333333333
 20
280.0
  0
LWPOLYLINE
  5
7D
330
17
100
AcDbEntity
  8
03_MEMBER
100
AcDbPolyline
 90
        6
 70
     1
 43
0.0
 10
3527.333333333333
 20
1800.0
 10
3539.333333333333
 20
1800.0
 10
3539.333333333333
 20
1604.085879880048
 10
3576.333333333333
 20
1552.0
 10
3564.333333333333
 20
1540.0
 10
3527.333333333333
 20
1540.0
  0
LINE
  5
7F
330
17
100
AcDbEntity
  8
03_MEMBER
100
AcDbLine
 10
4300.0
 20
0.0
 30
0.0
 11
4300.0
 21
1800.0
 31
0.0
  0
LINE
  5
81
330
17
100
AcDbEntity
  8
03_MEMBER
100
AcDbLine
 10
4312.0
 20
0.0
 30
0.0
 11
4312.0
 21
1800.0
 31
0.0
  0
LWPOLYLINE
  5
83
330
17
100
AcDbEntity
  8
03_MEMBER
100
AcDbPolyline
 90
        6
 70
     1
 43
0.0
 10
4294.0
 20
0.0
 10
4306.0
 20
0.0
 10
4306.0
 20
210.7179676972449
 10
4346.0
 20
268.0
 10
4334.0
 20
280.0
 10
4294.0
 20
280.0
  0
LWPOLYLINE
  5
85
330
17
100
AcDbEntity
  8
03_MEMBER
100
AcDbPolyline
 90
        6
 70
     1
 43
0.0
 10
4294.0
 20
1800.0
 10
4306.0
 20
1800.0
 10
4306.0
 20
1604.085879880048
 10
4343.0
 20
1552.0
 10
4331.0
 20
1540.0
 10
4294.0
 20
1540.0
  0
LINE
  5
87
330
17
100
AcDbEntity
  8
03_MEMBER
100
AcDbLine
 10
5066.666666666667
 20
0.0
 30
0.0
 11
5066.666666666667
 21
1800.0
 31
0.0
  0
LINE
  5
89
330
17
100
AcDbEntity
  8
03_MEMBER
100
AcDbLine
 10
5078.666666666666
 20
0.0
 30
0.0
 11
5078.666666666666
 21
1800.0
 31
0.0
  0
LWPOLYLINE
  5
8B
330
17
100
AcDbEntity
  8
03_MEMBER
100
AcDbPolyline
 90
        6
 70
     1
 43
0.0
 10
5060.666666666667
 20
0.0
 10
5072.666666666667
 20
0.0
 10
5072.666666666667
 20
210.7179676972449
 10
5112.666666666667
 20
268.0
 10
5100.666666666667
 20
280.0
 10
5060.666666666667
 20
280.0
  0
LWPOLYLINE
  5
8D
330
17
100
AcDbEntity
  8
03_MEMBER
100
AcDbPolyline
 90
        6
 70
     1
 43
0.0
 10
5060.666666666667
 20
1800.0
 10
5072.666666666667
 20
1800.0
 10
5072.666666666667
 20
1604.085879880048
 10
5109.666666666667
 20
1552.0
 10
5097.666666666667
 20
1540.0
 10
5060.666666666667
 20
1540.0
  0
LINE
  5
8F
330
17
100
AcDbEntity
  8
03_MEMBER
100
AcDbLine
 10
5833.333333333334
 20
0.0
 30
0.0
 11
5833.333333333334
 21
1800.0
 31
0.0
  0
LINE
  5
91
330
17
100
AcDbEntity
  8
03_MEMBER
100
AcDbLine
 10
5845.333333333334
 20
0.0
 30
0.0
 11
5845.333333333334
 21
1800.0
 31
0.0
  0
LWPOLYLINE
  5
93
330
17
100
AcDbEntity
  8
03_MEMBER
100
AcDbPolyline
 90
        6
 70
     1
 43
0.0
 10
5827.333333333334
 20
0.0
 10
5839.333333333334
 20
0.0
 10
5839.333333333334
 20
210.7179676972449
 10
5879.333333333335
 20
268.0
 10
5867.333333333334
 20
280.0
 10
5827.333333333334
 20
280.0
  0
LWPOLYLINE
  5
95
330
17
100
AcDbEntity
  8
03_MEMBER
100
AcDbPolyline
 90
        6
 70
     1
 43
0.0
 10
5827.333333333334
 20
1800.0
 10
5839.333333333334
 20
1800.0
 10
5839.333333333334
 20
1604.085879880048
 10
5876.333333333334
 20
1552.0
 10
5864.333333333334
 20
1540.0
 10
5827.333333333334
 20
1540.0
  0
LINE
  5
97
330
17
100
AcDbEntity
  8
03_MEMBER
100
AcDbLine
 10
6600.0
 20
0.0
 30
0.0
 11
6600.0
 21
1800.0
 31
0.0
  0
LINE
  5
99
330
17
100
AcDbEntity
  8
03_MEMBER
100
AcDbLine
 10
6612.0
 20
0.0
 30
0.0
 11
6612.0
 21
1800.0
 31
0.0
  0
LWPOLYLINE
  5
9B
330
17
100
AcDbEntity
  8
03_MEMBER
100
AcDbPolyline
 90
        6
 70
     1
 43
0.0
 10
6594.0
 20
0.0
 10
6606.0
 20
0.0
 10
6606.0
 20
210.7179676972449
 10
6646.0
 20
268.0
 10
6634.0
 20
280.0
 10
6594.0
 20
280.0
  0
LWPOLYLINE
  5
9D
330
17
100
AcDbEntity
  8
03_MEMBER
100
AcDbPolyline
 90
        6
 70
     1
 43
0.0
 10
6594.0
 20
1800.0
 10
6606.0
 20
1800.0
 10
6606.0
 20
1604.085879880048
 10
6643.0
 20
1552.0
 10
6631.0
 20
1540.0
 10
6594.0
 20
1540.0
  0
LINE
  5
9F
330
17
100
AcDbEntity
  8
03_MEMBER
100
AcDbLine
 10
7366.666666666668
 20
0.0
 30
0.0
 11
7366.666666666668
 21
1800.0
 31
0.0
  0
LINE
  5
A1
330
17
100
AcDbEntity
  8
03_MEMBER
100
AcDbLine
 10
7378.666666666667
 20
0.0
 30
0.0
 11
7378.666666666667
 21
1800.0
 31
0.0
  0
LWPOLYLINE
  5
A3
330
17
100
AcDbEntity
  8
03_MEMBER
100
AcDbPolyline
 90
        6
 70
     1
 43
0.0
 10
7360.666666666668
 20
0.0
 10
7372.666666666667
 20
0.0
 10
7372.666666666667
 20
210.7179676972449
 10
7412.666666666668
 20
268.0
 10
7400.666666666667
 20
280.0
 10
7360.666666666668
 20
280.0
  0
LWPOLYLINE
  5
A5
330
17
100
AcDbEntity
  8
03_MEMBER
100
AcDbPolyline
 90
        6
 70
     1
 43
0.0
 10
7360.666666666668
 20
1800.0
 10
7372.666666666667
 20
1800.0
 10
7372.666666666667
 20
1604.085879880048
 10
7409.666666666668
 20
1552.0
 10
7397.666666666667
 20
1540.0
 10
7360.666666666668
 20
1540.0
  0
LINE
  5
A7
330
17
100
AcDbEntity
  8
03_MEMBER
100
AcDbLine
 10
8133.333333333334
 20
0.0
 30
0.0
 11
8133.333333333334
 21
1800.0
 31
0.0
  0
LINE
  5
A9
330
17
100
AcDbEntity
  8
03_MEMBER
100
AcDbLine
 10
8145.333333333335
 20
0.0
 30
0.0
 11
8145.333333333335
 21
1800.0
 31
0.0
  0
LWPOLYLINE
  5
AB
330
17
100
AcDbEntity
  8
03_MEMBER
100
AcDbPolyline
 90
        6
 70
     1
 43
0.0
 10
8127.333333333334
 20
0.0
 10
8139.333333333334
 20
0.0
 10
8139.333333333334
 20
210.7179676972449
 10
8179.333333333334
 20
268.0
 10
8167.333333333335
 20
280.0
 10
8127.333333333334
 20
280.0
  0
LWPOLYLINE
  5
AD
330
17
100
AcDbEntity
  8
03_MEMBER
100
AcDbPolyline
 90
        6
 70
     1
 43
0.0
 10
8127.333333333334
 20
1800.0
 10
8139.333333333334
 20
1800.0
 10
8139.333333333334
 20
1604.085879880048
 10
8176.333333333333
 20
1552.0
 10
8164.333333333335
 20
1540.0
 10
8127.333333333334
 20
1540.0
  0
LINE
  5
AF
330
17
100
AcDbEntity
  8
03_MEMBER
100
AcDbLine
 10
8900.0
 20
0.0
 30
0.0
 11
8900.0
 21
1800.0
 31
0.0
  0
LINE
  5
B1
330
17
100
AcDbEntity
  8
03_MEMBER
100
AcDbLine
 10
8912.0
 20
0.0
 30
0.0
 11
8912.0
 21
1800.0
 31
0.0
  0
LWPOLYLINE
  5
B3
330
17
100
AcDbEntity
  8
03_MEMBER
100
AcDbPolyline
 90
        6
 70
     1
 43
0.0
 10
8894.0
 20
0.0
 10
8906.0
 20
0.0
 10
8906.0
 20
210.7179676972449
 10
8946.0
 20
268.0
 10
8934.0
 20
280.0
 10
8894.0
 20
280.0
  0
LWPOLYLINE
  5
B5
330
17
100
AcDbEntity
  8
03_MEMBER
100
AcDbPolyline
 90
        6
 70
     1
 43
0.0
 10
8894.0
 20
1800.0
 10
8906.0
 20
1800.0
 10
8906.0
 20
1604.085879880048
 10
8943.0
 20
1552.0
 10
8931.0
 20
1540.0
 10
8894.0
 20
1540.0
  0
LINE
  5
B7
330
17
100
AcDbEntity
  8
03_MEMBER
100
AcDbLine
 10
9666.666666666671
 20
0.0
 30
0.0
 11
9666.666666666671
 21
1800.0
 31
0.0
  0
LINE
  5
B9
330
17
100
AcDbEntity
  8
03_MEMBER
100
AcDbLine
 10
9678.666666666668
 20
0.0
 30
0.0
 11
9678.666666666668
 21
1800.0
 31
0.0
  0
LWPOLYLINE
  5
BB
330
17
100
AcDbEntity
  8
03_MEMBER
100
AcDbPolyline
 90
        6
 70
     1
 43
0.0
 10
9660.666666666669
 20
0.0
 10
9672.666666666669
 20
0.0
 10
9672.666666666669
 20
210.7179676972449
 10
9712.666666666669
 20
268.0
 10
9700.666666666668
 20
280.0
 10
9660.666666666669
 20
280.0
  0
LWPOLYLINE
  5
BD
330
17
100
AcDbEntity
  8
03_MEMBER
100
AcDbPolyline
 90
        6
 70
     1
 43
0.0
 10
9660.666666666669
 20
1800.0
 10
9672.666666666669
 20
1800.0
 10
9672.666666666669
 20
1604.085879880048
 10
9709.666666666668
 20
1552.0
 10
9697.66666666667
 20
1540.0
 10
9660.666666666669
 20
1540.0
  0
LINE
  5
BF
330
17
100
AcDbEntity
  8
03_MEMBER
100
AcDbLine
 10
10433.33333333333
 20
0.0
 30
0.0
 11
10433.33333333333
 21
1800.0
 31
0.0
  0
LINE
  5
C1
330
17
100
AcDbEntity
  8
03_MEMBER
100
AcDbLine
 10
10445.33333333333
 20
0.0
 30
0.0
 11
10445.33333333333
 21
1800.0
 31
0.0
  0
LWPOLYLINE
  5
C3
330
17
100
AcDbEntity
  8
03_MEMBER
100
AcDbPolyline
 90
        6
 70
     1
 43
0.0
 10
10427.33333333333
 20
0.0
 10
10439.33333333333
 20
0.0
 10
10439.33333333333
 20
210.7179676972449
 10
10479.33333333333
 20
268.0
 10
10467.33333333333
 20
280.0
 10
10427.33333333333
 20
280.0
  0
LWPOLYLINE
  5
C5
330
17
100
AcDbEntity
  8
03_MEMBER
100
AcDbPolyline
 90
        6
 70
     1
 43
0.0
 10
10427.33333333333
 20
1800.0
 10
10439.33333333333
 20
1800.0
 10
10439.33333333333
 20
1604.085879880048
 10
10476.33333333333
 20
1552.0
 10
10464.33333333333
 20
1540.0
 10
10427.33333333333
 20
1540.0
  0
LINE
  5
C7
330
17
100
AcDbEntity
  8
03_MEMBER
100
AcDbLine
 10
11200.0
 20
0.0
 30
0.0
 11
11200.0
 21
1800.0
 31
0.0
  0
LINE
  5
C9
330
17
100
AcDbEntity
  8
03_MEMBER
100
AcDbLine
 10
11212.0
 20
0.0
 30
0.0
 11
11212.0
 21
1800.0
 31
0.0
  0
LWPOLYLINE
  5
CB
330
17
100
AcDbEntity
  8
03_MEMBER
100
AcDbPolyline
 90
        6
 70
     1
 43
0.0
 10
11194.0
 20
0.0
 10
11206.0
 20
0.0
 10
11206.0
 20
210.7179676972449
 10
11246.0
 20
268.0
 10
11234.0
 20
280.0
 10
11194.0
 20
280.0
  0
LWPOLYLINE
  5
CD
330
17
100
AcDbEntity
  8
03_MEMBER
100
AcDbPolyline
 90
        6
 70
     1
 43
0.0
 10
11194.0
 20
1800.0
 10
11206.0
 20
1800.0
 10
11206.0
 20
1604.085879880048
 10
11243.0
 20
1552.0
 10
11231.0
 20
1540.0
 10
11194.0
 20
1540.0
  0
LINE
  5
CF
330
17
100
AcDbEntity
  8
03_MEMBER
100
AcDbLine
 10
11966.66666666666
 20
0.0
 30
0.0
 11
11966.66666666666
 21
1800.0
 31
0.0
  0
LINE
  5
D1
330
17
100
AcDbEntity
  8
03_MEMBER
100
AcDbLine
 10
11978.66666666667
 20
0.0
 30
0.0
 11
11978.66666666667
 21
1800.0
 31
0.0
  0
LWPOLYLINE
  5
D3
330
17
100
AcDbEntity
  8
03_MEMBER
100
AcDbPolyline
 90
        6
 70
     1
 43
0.0
 10
11960.66666666667
 20
0.0
 10
11972.66666666667
 20
0.0
 10
11972.66666666667
 20
210.7179676972449
 10
12012.66666666667
 20
268.0
 10
12000.66666666667
 20
280.0
 10
11960.66666666667
 20
280.0
  0
LWPOLYLINE
  5
D5
330
17
100
AcDbEntity
  8
03_MEMBER
100
AcDbPolyline
 90
        6
 70
     1
 43
0.0
 10
11960.66666666667
 20
1800.0
 10
11972.66666666667
 20
1800.0
 10
11972.66666666667
 20
1604.085879880048
 10
12009.66666666667
 20
1552.0
 10
11997.66666666667
 20
1540.0
 10
11960.66666666667
 20
1540.0
  0
LINE
  5
D7
330
17
100
AcDbEntity
  8
03_MEMBER
100
AcDbLine
 10
12733.33333333333
 20
0.0
 30
0.0
 11
12733.33333333333
 21
1800.0
 31
0.0
  0
LINE
  5
D9
330
17
100
AcDbEntity
  8
03_MEMBER
100
AcDbLine
 10
12745.33333333333
 20
0.0
 30
0.0
 11
12745.33333333333
 21
1800.0
 31
0.0
  0
LWPOLYLINE
  5
DB
330
17
100
AcDbEntity
  8
03_MEMBER
100
AcDbPolyline
 90
        6
 70
     1
 43
0.0
 10
12727.33333333333
 20
0.0
 10
12739.33333333333
 20
0.0
 10
12739.33333333333
 20
210.7179676972449
 10
12779.33333333333
 20
268.0
 10
12767.33333333333
 20
280.0
 10
12727.33333333333
 20
280.0
  0
LWPOLYLINE
  5
DD
330
17
100
AcDbEntity
  8
03_MEMBER
100
AcDbPolyline
 90
        6
 70
     1
 43
0.0
 10
12727.33333333333
 20
1800.0
 10
12739.33333333333
 20
1800.0
 10
12739.33333333333
 20
1604.085879880048
 10
12776.33333333333
 20
1552.0
 10
12764.33333333333
 20
1540.0
 10
12727.33333333333
 20
1540.0
  0
LWPOLYLINE
  5
DF
330
17
100
AcDbEntity
  8
03_MEMBER
100
AcDbPolyline
 90
        6
 70
     1
 43
0.0
 10
14260.66666666666
 20
0.0
 10
14272.66666666666
 20
0.0
 10
14272.66666666666
 20
210.7179676972449
 10
14312.66666666666
 20
268.0
 10
14300.66666666666
 20
280.0
 10
14260.66666666666
 20
280.0
  0
LWPOLYLINE
  5
E1
330
17
100
AcDbEntity
  8
03_MEMBER
100
AcDbPolyline
 90
        6
 70
     1
 43
0.0
 10
14260.66666666666
 20
1800.0
 10
14272.66666666666
 20
1800.0
 10
14272.66666666666
 20
1604.085879880048
 10
14309.66666666666
 20
1552.0
 10
14297.66666666666
 20
1540.0
 10
14260.66666666666
 20
1540.0
  0
LWPOLYLINE
  5
E3
330
17
100
AcDbEntity
  8
03_MEMBER
100
AcDbPolyline
 90
        6
 70
     1
 43
0.0
 10
15027.33333333333
 20
0.0
 10
15039.33333333333
 20
0.0
 10
15039.33333333333
 20
210.7179676972449
 10
15079.33333333333
 20
268.0
 10
15067.33333333333
 20
280.0
 10
15027.33333333333
 20
280.0
  0
LWPOLYLINE
  5
E5
330
17
100
AcDbEntity
  8
03_MEMBER
100
AcDbPolyline
 90
        6
 70
     1
 43
0.0
 10
15027.33333333333
 20
1800.0
 10
15039.33333333333
 20
1800.0
 10
15039.33333333333
 20
1604.085879880048
 10
15076.33333333333
 20
1552.0
 10
15064.33333333333
 20
1540.0
 10
15027.33333333333
 20
1540.0
  0
LWPOLYLINE
  5
E7
330
17
100
AcDbEntity
  8
03_MEMBER
100
AcDbPolyline
 90
        6
 70
     1
 43
0.0
 10
15794.0
 20
0.0
 10
15806.0
 20
0.0
 10
15806.0
 20
210.7179676972449
 10
15846.0
 20
268.0
 10
15834.0
 20
280.0
 10
15794.0
 20
280.0
  0
LWPOLYLINE
  5
E9
330
17
100
AcDbEntity
  8
03_MEMBER
100
AcDbPolyline
 90
        6
 70
     1
 43
0.0
 10
15794.0
 20
1800.0
 10
15806.0
 20
1800.0
 10
15806.0
 20
1604.085879880048
 10
15843.0
 20
1552.0
 10
15831.0
 20
1540.0
 10
15794.0
 20
1540.0
  0
LWPOLYLINE
  5
EB
330
17
100
AcDbEntity
  8
03_MEMBER
100
AcDbPolyline
 90
        6
 70
     1
 43
0.0
 10
16560.66666666666
 20
0.0
 10
16572.66666666666
 20
0.0
 10
16572.66666666666
 20
210.7179676972449
 10
16612.66666666666
 20
268.0
 10
16600.66666666666
 20
280.0
 10
16560.66666666666
 20
280.0
  0
LWPOLYLINE
  5
ED
330
17
100
AcDbEntity
  8
03_MEMBER
100
AcDbPolyline
 90
        6
 70
     1
 43
0.0
 10
16560.66666666666
 20
1800.0
 10
16572.66666666666
 20
1800.0
 10
16572.66666666666
 20
1604.085879880048
 10
16609.66666666666
 20
1552.0
 10
16597.66666666666
 20
1540.0
 10
16560.66666666666
 20
1540.0
  0
LWPOLYLINE
  5
EF
330
17
100
AcDbEntity
  8
03_MEMBER
100
AcDbPolyline
 90
        6
 70
     1
 43
0.0
 10
17327.33333333333
 20
0.0
 10
17339.33333333333
 20
0.0
 10
17339.33333333333
 20
210.7179676972449
 10
17379.33333333333
 20
268.0
 10
17367.33333333333
 20
280.0
 10
17327.33333333333
 20
280.0
  0
LWPOLYLINE
  5
F1
330
17
100
AcDbEntity
  8
03_MEMBER
100
AcDbPolyline
 90
        6
 70
     1
 43
0.0
 10
17327.33333333333
 20
1800.0
 10
17339.33333333333
 20
1800.0
 10
17339.33333333333
 20
1604.085879880048
 10
17376.33333333333
 20
1552.0
 10
17364.33333333333
 20
1540.0
 10
17327.33333333333
 20
1540.0
  0
LWPOLYLINE
  5
F3
330
17
100
AcDbEntity
  8
03_MEMBER
100
AcDbPolyline
 90
        6
 70
     1
 43
0.0
 10
18094.0
 20
0.0
 10
18106.0
 20
0.0
 10
18106.0
 20
210.7179676972449
 10
18146.0
 20
268.0
 10
18134.0
 20
280.0
 10
18094.0
 20
280.0
  0
LWPOLYLINE
  5
F5
330
17
100
AcDbEntity
  8
03_MEMBER
100
AcDbPolyline
 90
        6
 70
     1
 43
0.0
 10
18094.0
 20
1800.0
 10
18106.0
 20
1800.0
 10
18106.0
 20
1604.085879880048
 10
18143.0
 20
1552.0
 10
18131.0
 20
1540.0
 10
18094.0
 20
1540.0
  0
LWPOLYLINE
  5
F7
330
17
100
AcDbEntity
  8
03_MEMBER
100
AcDbPolyline
 90
        6
 70
     1
 43
0.0
 10
18860.66666666667
 20
0.0
 10
18872.66666666667
 20
0.0
 10
18872.66666666667
 20
210.7179676972449
 10
18912.66666666667
 20
268.0
 10
18900.66666666667
 20
280.0
 10
18860.66666666667
 20
280.0
  0
LWPOLYLINE
  5
F9
330
17
100
AcDbEntity
  8
03_MEMBER
100
AcDbPolyline
 90
        6
 70
     1
 43
0.0
 10
18860.66666666667
 20
1800.0
 10
18872.66666666667
 20
1800.0
 10
18872.66666666667
 20
1604.085879880048
 10
18909.66666666667
 20
1552.0
 10
18897.66666666667
 20
1540.0
 10
18860.66666666667
 20
1540.0
  0
LWPOLYLINE
  5
FB
330
17
100
AcDbEntity
  8
03_MEMBER
100
AcDbPolyline
 90
        6
 70
     1
 43
0.0
 10
19627.33333333333
 20
0.0
 10
19639.33333333334
 20
0.0
 10
19639.33333333334
 20
210.7179676972449
 10
19679.33333333333
 20
268.0
 10
19667.33333333333
 20
280.0
 10
19627.33333333333
 20
280.0
  0
LWPOLYLINE
  5
FD
330
17
100
AcDbEntity
  8
03_MEMBER
100
AcDbPolyline
 90
        6
 70
     1
 43
0.0
 10
19627.33333333333
 20
1800.0
 10
19639.33333333334
 20
1800.0
 10
19639.33333333334
 20
1604.085879880048
 10
19676.33333333333
 20
1552.0
 10
19664.33333333333
 20
1540.0
 10
19627.33333333333
 20
1540.0
  0
LWPOLYLINE
  5
FF
330
17
100
AcDbEntity
  8
03_MEMBER
100
AcDbPolyline
 90
        6
 70
     1
 43
0.0
 10
20394.0
 20
0.0
 10
20406.0
 20
0.0
 10
20406.0
 20
210.7179676972449
 10
20446.0
 20
268.0
 10
20434.0
 20
280.0
 10
20394.0
 20
280.0
  0
LWPOLYLINE
  5
101
330
17
100
AcDbEntity
  8
03_MEMBER
100
AcDbPolyline
 90
        6
 70
     1
 43
0.0
 10
20394.0
 20
1800.0
 10
20406.0
 20
1800.0
 10
20406.0
 20
1604.085879880048
 10
20443.0
 20
1552.0
 10
20431.0
 20
1540.0
 10
20394.0
 20
1540.0
  0
LWPOLYLINE
  5
103
330
17
100
AcDbEntity
  8
03_MEMBER
100
AcDbPolyline
 90
        6
 70
     1
 43
0.0
 10
21160.66666666667
 20
0.0
 10
21172.66666666667
 20
0.0
 10
21172.66666666667
 20
210.7179676972449
 10
21212.66666666667
 20
268.0
 10
21200.66666666667
 20
280.0
 10
21160.66666666667
 20
280.0
  0
LWPOLYLINE
  5
105
330
17
100
AcDbEntity
  8
03_MEMBER
100
AcDbPolyline
 90
        6
 70
     1
 43
0.0
 10
21160.66666666667
 20
1800.0
 10
21172.66666666667
 20
1800.0
 10
21172.66666666667
 20
1604.085879880048
 10
21209.66666666667
 20
1552.0
 10
21197.66666666667
 20
1540.0
 10
21160.66666666667
 20
1540.0
  0
LWPOLYLINE
  5
107
330
17
100
AcDbEntity
  8
03_MEMBER
100
AcDbPolyline
 90
        6
 70
     1
 43
0.0
 10
21927.33333333334
 20
0.0
 10
21939.33333333334
 20
0.0
 10
21939.33333333334
 20
210.7179676972449
 10
21979.33333333334
 20
268.0
 10
21967.33333333334
 20
280.0
 10
21927.33333333334
 20
280.0
  0
LWPOLYLINE
  5
109
330
17
100
AcDbEntity
  8
03_MEMBER
100
AcDbPolyline
 90
        6
 70
     1
 43
0.0
 10
21927.33333333334
 20
1800.0
 10
21939.33333333334
 20
1800.0
 10
21939.33333333334
 20
1604.085879880048
 10
21976.33333333334
 20
1552.0
 10
21964.33333333334
 20
1540.0
 10
21927.33333333334
 20
1540.0
  0
LWPOLYLINE
  5
10B
330
17
100
AcDbEntity
  8
03_MEMBER
100
AcDbPolyline
 90
        6
 70
     1
 43
0.0
 10
22694.0
 20
0.0
 10
22706.0
 20
0.0
 10
22706.0
 20
210.7179676972449
 10
22746.0
 20
268.0
 10
22734.0
 20
280.0
 10
22694.0
 20
280.0
  0
LWPOLYLINE
  5
10D
330
17
100
AcDbEntity
  8
03_MEMBER
100
AcDbPolyline
 90
        6
 70
     1
 43
0.0
 10
22694.0
 20
1800.0
 10
22706.0
 20
1800.0
 10
22706.0
 20
1604.085879880048
 10
22743.0
 20
1552.0
 10
22731.0
 20
1540.0
 10
22694.0
 20
1540.0
  0
LWPOLYLINE
  5
10F
330
17
100
AcDbEntity
  8
03_MEMBER
100
AcDbPolyline
 90
        6
 70
     1
 43
0.0
 10
23460.66666666667
 20
0.0
 10
23472.66666666667
 20
0.0
 10
23472.66666666667
 20
210.7179676972449
 10
23512.66666666667
 20
268.0
 10
23500.66666666667
 20
280.0
 10
23460.66666666667
 20
280.0
  0
LWPOLYLINE
  5
111
330
17
100
AcDbEntity
  8
03_MEMBER
100
AcDbPolyline
 90
        6
 70
     1
 43
0.0
 10
23460.66666666667
 20
1800.0
 10
23472.66666666667
 20
1800.0
 10
23472.66666666667
 20
1604.085879880048
 10
23509.66666666667
 20
1552.0
 10
23497.66666666667
 20
1540.0
 10
23460.66666666667
 20
1540.0
  0
LWPOLYLINE
  5
113
330
17
100
AcDbEntity
  8
03_MEMBER
100
AcDbPolyline
 90
        6
 70
     1
 43
0.0
 10
24227.33333333334
 20
0.0
 10
24239.33333333334
 20
0.0
 10
24239.33333333334
 20
210.7179676972449
 10
24279.33333333334
 20
268.0
 10
24267.33333333334
 20
280.0
 10
24227.33333333334
 20
280.0
  0
LWPOLYLINE
  5
115
330
17
100
AcDbEntity
  8
03_MEMBER
100
AcDbPolyline
 90
        6
 70
     1
 43
0.0
 10
24227.33333333334
 20
1800.0
 10
24239.33333333334
 20
1800.0
 10
24239.33333333334
 20
1604.085879880048
 10
24276.33333333334
 20
1552.0
 10
24264.33333333334
 20
1540.0
 10
24227.33333333334
 20
1540.0
  0
LINE
  5
117
330
17
100
AcDbEntity
  8
03_MEMBER
100
AcDbLine
 10
3075.0
 20
675.0
 30
0.0
 11
3225.0
 21
675.0
 31
0.0
  0
LINE
  5
119
330
17
100
AcDbEntity
  8
03_MEMBER
100
AcDbLine
 10
3075.0
 20
1125.0
 30
0.0
 11
3225.0
 21
1125.0
 31
0.0
  0
ARC
  5
11B
330
17
100
AcDbEntity
  8
03_MEMBER
100
AcDbCircle
 10
3075.0
 20
900.0
 30
0.0
 40
225.0
100
AcDbArc
 50
90.0
 51
270.0
  0
ARC
  5
11D
330
17
100
AcDbEntity
  8
03_MEMBER
100
AcDbCircle
 10
3225.0
 20
900.0
 30
0.0
 40
225.0
100
AcDbArc
 50
270.0
 51
90.0
  0
LINE
  5
11F
330
17
100
AcDbEntity
  8
03_CENTER
100
AcDbLine
 10
2750.0
 20
900.0
 30
0.0
 11
3550.0
 21
900.0
 31
0.0
  0
LINE
  5
121
330
17
100
AcDbEntity
  8
03_CENTER
100
AcDbLine
 10
3150.0
 20
500.0
 30
0.0
 11
3150.0
 21
1300.0
 31
0.0
  0
LINE
  5
123
330
17
100
AcDbEntity
  8
03_MEMBER
100
AcDbLine
 10
5375.0
 20
675.0
 30
0.0
 11
5525.0
 21
675.0
 31
0.0
  0
LINE
  5
125
330
17
100
AcDbEntity
  8
03_MEMBER
100
AcDbLine
 10
5375.0
 20
1125.0
 30
0.0
 11
5525.0
 21
1125.0
 31
0.0
  0
ARC
  5
127
330
17
100
AcDbEntity
  8
03_MEMBER
100
AcDbCircle
 10
5375.0
 20
900.0
 30
0.0
 40
225.0
100
AcDbArc
 50
90.0
 51
270.0
  0
ARC
  5
129
330
17
100
AcDbEntity
  8
03_MEMBER
100
AcDbCircle
 10
5525.0
 20
900.0
 30
0.0
 40
225.0
100
AcDbArc
 50
270.0
 51
90.0
  0
LINE
  5
12B
330
17
100
AcDbEntity
  8
03_CENTER
100
AcDbLine
 10
5050.0
 20
900.0
 30
0.0
 11
5850.0
 21
900.0
 31
0.0
  0
LINE
  5
12D
330
17
100
AcDbEntity
  8
03_CENTER
100
AcDbLine
 10
5450.0
 20
500.0
 30
0.0
 11
5450.0
 21
1300.0
 31
0.0
  0
LINE
  5
12F
330
17
100
AcDbEntity
  8
03_MEMBER
100
AcDbLine
 10
7675.000000000001
 20
675.0
 30
0.0
 11
7825.000000000001
 21
675.0
 31
0.0
  0
LINE
  5
131
330
17
100
AcDbEntity
  8
03_MEMBER
100
AcDbLine
 10
7675.000000000001
 20
1125.0
 30
0.0
 11
7825.000000000001
 21
1125.0
 31
0.0
  0
ARC
  5
133
330
17
100
AcDbEntity
  8
03_MEMBER
100
AcDbCircle
 10
7675.000000000001
 20
900.0
 30
0.0
 40
225.0
100
AcDbArc
 50
90.0
 51
270.0
  0
ARC
  5
135
330
17
100
AcDbEntity
  8
03_MEMBER
100
AcDbCircle
 10
7825.000000000001
 20
900.0
 30
0.0
 40
225.0
100
AcDbArc
 50
270.0
 51
90.0
  0
LINE
  5
137
330
17
100
AcDbEntity
  8
03_CENTER
100
AcDbLine
 10
7350.000000000001
 20
900.0
 30
0.0
 11
8150.000000000003
 21
900.0
 31
0.0
  0
LINE
  5
139
330
17
100
AcDbEntity
  8
03_CENTER
100
AcDbLine
 10
7750.000000000001
 20
500.0
 30
0.0
 11
7750.000000000001
 21
1300.0
 31
0.0
  0
LINE
  5
13B
330
17
100
AcDbEntity
  8
03_MEMBER
100
AcDbLine
 10
9975.0
 20
675.0
 30
0.0
 11
10125.0
 21
675.0
 31
0.0
  0
LINE
  5
13D
330
17
100
AcDbEntity
  8
03_MEMBER
100
AcDbLine
 10
9975.0
 20
1125.0
 30
0.0
 11
10125.0
 21
1125.0
 31
0.0
  0
ARC
  5
13F
330
17
100
AcDbEntity
  8
03_MEMBER
100
AcDbCircle
 10
9975.0
 20
900.0
 30
0.0
 40
225.0
100
AcDbArc
 50
90.0
 51
270.0
  0
ARC
  5
141
330
17
100
AcDbEntity
  8
03_MEMBER
100
AcDbCircle
 10
10125.0
 20
900.0
 30
0.0
 40
225.0
100
AcDbArc
 50
270.0
 51
90.0
  0
LINE
  5
143
330
17
100
AcDbEntity
  8
03_CENTER
100
AcDbLine
 10
9650.0
 20
900.0
 30
0.0
 11
10450.0
 21
900.0
 31
0.0
  0
LINE
  5
145
330
17
100
AcDbEntity
  8
03_CENTER
100
AcDbLine
 10
10050.0
 20
500.0
 30
0.0
 11
10050.0
 21
1300.0
 31
0.0
  0
LINE
  5
147
330
17
100
AcDbEntity
  8
03_MEMBER
100
AcDbLine
 10
12275.0
 20
675.0
 30
0.0
 11
12425.0
 21
675.0
 31
0.0
  0
LINE
  5
149
330
17
100
AcDbEntity
  8
03_MEMBER
100
AcDbLine
 10
12275.0
 20
1125.0
 30
0.0
 11
12425.0
 21
1125.0
 31
0.0
  0
ARC
  5
14B
330
17
100
AcDbEntity
  8
03_MEMBER
100
AcDbCircle
 10
12275.0
 20
900.0
 30
0.0
 40
225.0
100
AcDbArc
 50
90.0
 51
270.0
  0
ARC
  5
14D
330
17
100
AcDbEntity
  8
03_MEMBER
100
AcDbCircle
 10
12425.0
 20
900.0
 30
0.0
 40
225.0
100
AcDbArc
 50
270.0
 51
90.0
  0
LINE
  5
14F
330
17
100
AcDbEntity
  8
03_CENTER
100
AcDbLine
 10
11950.0
 20
900.0
 30
0.0
 11
12750.0
 21
900.0
 31
0.0
  0
LINE
  5
151
330
17
100
AcDbEntity
  8
03_CENTER
100
AcDbLine
 10
12350.0
 20
500.0
 30
0.0
 11
12350.0
 21
1300.0
 31
0.0
  0
LWPOLYLINE
  5
153
330
17
100
AcDbEntity
  8
03_MEMBER
100
AcDbPolyline
 90
        2
 70
     0
 43
0.0
 10
2000.0
 20
450.0
 10
1550.0
 20
0.0
  0
LWPOLYLINE
  5
155
330
17
100
AcDbEntity
  8
03_MEMBER
100
AcDbPolyline
 90
        2
 70
     0
 43
0.0
 10
2000.0
 20
1350.0
 10
1550.0
 20
1800.0
  0
CIRCLE
  5
157
330
17
100
AcDbEntity
  8
03_MEMBER
100
AcDbCircle
 10
1000.0
 20
900.0
 30
0.0
 40
220.0
  0
LINE
  5
159
330
17
100
AcDbEntity
  8
03_CENTER
100
AcDbLine
 10
680.0
 20
900.0
 30
0.0
 11
1320.0
 21
900.0
 31
0.0
  0
LINE
  5
15B
330
17
100
AcDbEntity
  8
03_CENTER
100
AcDbLine
 10
1000.0
 20
580.0
 30
0.0
 11
1000.0
 21
1220.0
 31
0.0
  0
LWPOLYLINE
  5
15D
330
17
100
AcDbEntity
  8
03_MEMBER
100
AcDbPolyline
 90
        2
 70
     0
 43
0.0
 10
25000.0
 20
450.0
 10
25450.0
 20
0.0
  0
LWPOLYLINE
  5
15F
330
17
100
AcDbEntity
  8
03_MEMBER
100
AcDbPolyline
 90
        2
 70
     0
 43
0.0
 10
25000.0
 20
1350.0
 10
25450.0
 20
1800.0
  0
CIRCLE
  5
161
330
17
100
AcDbEntity
  8
03_MEMBER
100
AcDbCircle
 10
26000.0
 20
900.0
 30
0.0
 40
220.0
  0
LINE
  5
163
330
17
100
AcDbEntity
  8
03_CENTER
100
AcDbLine
 10
25680.0
 20
900.0
 30
0.0
 11
26320.0
 21
900.0
 31
0.0
  0
LINE
  5
165
330
17
100
AcDbEntity
  8
03_CENTER
100
AcDbLine
 10
26000.0
 20
580.0
 30
0.0
 11
26000.0
 21
1220.0
 31
0.0
  0
CIRCLE
  5
167
330
17
100
AcDbEntity
  8
03_MEMBER
100
AcDbCircle
 10
1000.0
 20
3500.0
 30
0.0
 40
656.3931236598651
  0
LINE
  5
169
330
17
100
AcDbEntity
  8
03_CENTER
100
AcDbLine
 10
124.8091684535134
 20
3500.0
 30
0.0
 11
1875.190831546486
 21
3500.0
 31
0.0
  0
LINE
  5
16B
330
17
100
AcDbEntity
  8
03_CENTER
100
AcDbLine
 10
1000.0
 20
2624.809168453514
 30
0.0
 11
1000.0
 21
4375.190831546485
 31
0.0
  0
LWPOLYLINE
  5
17F
330
17
100
AcDbEntity
  8
03_MEMBER
100
AcDbPolyline
 90
        2
 70
     0
 43
0.0
 10
13500.0
 20
450.0
 10
13050.0
 20
0.0
  0
LWPOLYLINE
  5
181
330
17
100
AcDbEntity
  8
03_MEMBER
100
AcDbPolyline
 90
        2
 70
     0
 43
0.0
 10
13500.0
 20
1350.0
 10
13050.0
 20
1800.0
  0
LINE
  5
183
330
17
100
AcDbEntity
  8
03_MEMBER
100
AcDbLine
 10
26660.0
 20
1800.0
 30
0.0
 11
26660.0
 21
5200.0
 31
0.0
  0
LINE
  5
185
330
17
100
AcDbEntity
  8
03_MEMBER
100
AcDbLine
 10
26674.0
 20
1800.0
 30
0.0
 11
26674.0
 21
5200.0
 31
0.0
  0
LWPOLYLINE
  5
187
330
17
100
AcDbEntity
  8
03_MEMBER
100
AcDbPolyline
 90
        3
 70
     0
 43
0.0
 10
27000.0
 20
2300.0
 10
26480.0
 20
1800.0
 10
27000.0
 20
1800.0
  0
LWPOLYLINE
  5
189
330
17
100
AcDbEntity
  8
03_MEMBER
100
AcDbPolyline
 90
        3
 70
     0
 43
0.0
 10
27000.0
 20
4700.0
 10
26480.0
 20
5200.0
 10
27000.0
 20
5200.0
  0
LWPOLYLINE
  5
18B
330
17
100
AcDbEntity
  8
03_SEAM
100
AcDbPolyline
 90
        3
 70
     0
 43
0.0
 10
26660.0
 20
3500.0
 10
28250.0
 20
3600.0
 10
29550.0
 20
3600.0
  0
TEXT
  5
18D
330
17
100
AcDbEntity
  8
03_TEXT
100
AcDbText
 10
28250.0
 20
3690.0
 30
0.0
 40
210.0
  1
OF1 HP 340x14
  7
RU
100
AcDbText
  0
LINE
  5
18F
330
17
100
AcDbEntity
  8
03_MEMBER
100
AcDbLine
 10
26680.0
 20
5200.0
 30
0.0
 11
26680.0
 21
8600.0
 31
0.0
  0
LINE
  5
191
330
17
100
AcDbEntity
  8
03_MEMBER
100
AcDbLine
 10
26692.0
 20
5200.0
 30
0.0
 11
26692.0
 21
8600.0
 31
0.0
  0
LWPOLYLINE
  5
193
330
17
100
AcDbEntity
  8
03_MEMBER
100
AcDbPolyline
 90
        3
 70
     0
 43
0.0
 10
27000.0
 20
5700.0
 10
26500.0
 20
5200.0
 10
27000.0
 20
5200.0
  0
LWPOLYLINE
  5
195
330
17
100
AcDbEntity
  8
03_MEMBER
100
AcDbPolyline
 90
        3
 70
     0
 43
0.0
 10
27000.0
 20
8100.0
 10
26500.0
 20
8600.0
 10
27000.0
 20
8600.0
  0
LWPOLYLINE
  5
197
330
17
100
AcDbEntity
  8
03_SEAM
100
AcDbPolyline
 90
        3
 70
     0
 43
0.0
 10
26680.0
 20
6900.0
 10
28250.0
 20
7000.0
 10
29550.0
 20
7000.0
  0
TEXT
  5
199
330
17
100
AcDbEntity
  8
03_TEXT
100
AcDbText
 10
28250.0
 20
7090.0
 30
0.0
 40
210.0
  1
OF2 HP 320x12
  7
RU
100
AcDbText
  0
LINE
  5
19B
330
17
100
AcDbEntity
  8
03_MEMBER
100
AcDbLine
 10
26700.0
 20
8600.0
 30
0.0
 11
26700.0
 21
12000.0
 31
0.0
  0
LINE
  5
19D
330
17
100
AcDbEntity
  8
03_MEMBER
100
AcDbLine
 10
26711.0
 20
8600.0
 30
0.0
 11
26711.0
 21
12000.0
 31
0.0
  0
LWPOLYLINE
  5
19F
330
17
100
AcDbEntity
  8
03_MEMBER
100
AcDbPolyline
 90
        3
 70
     0
 43
0.0
 10
27000.0
 20
9100.0
 10
26520.0
 20
8600.0
 10
27000.0
 20
8600.0
  0
LWPOLYLINE
  5
1A1
330
17
100
AcDbEntity
  8
03_MEMBER
100
AcDbPolyline
 90
        3
 70
     0
 43
0.0
 10
27000.0
 20
11500.0
 10
26520.0
 20
12000.0
 10
27000.0
 20
12000.0
  0
LWPOLYLINE
  5
1A3
330
17
100
AcDbEntity
  8
03_SEAM
100
AcDbPolyline
 90
        3
 70
     0
 43
0.0
 10
26700.0
 20
10300.0
 10
28250.0
 20
10400.0
 10
29550.0
 20
10400.0
  0
TEXT
  5
1A5
330
17
100
AcDbEntity
  8
03_TEXT
100
AcDbText
 10
28250.0
 20
10490.0
 30
0.0
 40
210.0
  1
OF3 HP 300x11
  7
RU
100
AcDbText
  0
LINE
  5
1A7
330
17
100
AcDbEntity
  8
03_MEMBER
100
AcDbLine
 10
26740.0
 20
12000.0
 30
0.0
 11
26740.0
 21
15500.0
 31
0.0
  0
LINE
  5
1A9
330
17
100
AcDbEntity
  8
03_MEMBER
100
AcDbLine
 10
26750.0
 20
12000.0
 30
0.0
 11
26750.0
 21
15500.0
 31
0.0
  0
LWPOLYLINE
  5
1AB
330
17
100
AcDbEntity
  8
03_MEMBER
100
AcDbPolyline
 90
        3
 70
     0
 43
0.0
 10
27000.0
 20
12500.0
 10
26560.0
 20
12000.0
 10
27000.0
 20
12000.0
  0
LWPOLYLINE
  5
1AD
330
17
100
AcDbEntity
  8
03_MEMBER
100
AcDbPolyline
 90
        3
 70
     0
 43
0.0
 10
27000.0
 20
15000.0
 10
26560.0
 20
15500.0
 10
27000.0
 20
15500.0
  0
LWPOLYLINE
  5
1AF
330
17
100
AcDbEntity
  8
03_SEAM
100
AcDbPolyline
 90
        3
 70
     0
 43
0.0
 10
26740.0
 20
13750.0
 10
28250.0
 20
13850.0
 10
29550.0
 20
13850.0
  0
TEXT
  5
1B1
330
17
100
AcDbEntity
  8
03_TEXT
100
AcDbText
 10
28250.0
 20
13940.0
 30
0.0
 40
210.0
  1
OF4 HP 260x10
  7
RU
100
AcDbText
  0
LINE
  5
1B3
330
17
100
AcDbEntity
  8
03_MEMBER
100
AcDbLine
 10
25320.0
 20
1800.0
 30
0.0
 11
25320.0
 21
5200.0
 31
0.0
  0
LINE
  5
1B5
330
17
100
AcDbEntity
  8
03_MEMBER
100
AcDbLine
 10
25307.0
 20
1800.0
 30
0.0
 11
25307.0
 21
5200.0
 31
0.0
  0
LWPOLYLINE
  5
1B7
330
17
100
AcDbEntity
  8
03_MEMBER
100
AcDbPolyline
 90
        3
 70
     0
 43
0.0
 10
25000.0
 20
2300.0
 10
25520.0
 20
1800.0
 10
25000.0
 20
1800.0
  0
LWPOLYLINE
  5
1B9
330
17
100
AcDbEntity
  8
03_MEMBER
100
AcDbPolyline
 90
        3
 70
     0
 43
0.0
 10
25000.0
 20
4700.0
 10
25520.0
 20
5200.0
 10
25000.0
 20
5200.0
  0
LWPOLYLINE
  5
1BB
330
17
100
AcDbEntity
  8
03_SEAM
100
AcDbPolyline
 90
        3
 70
     0
 43
0.0
 10
25340.0
 20
3500.0
 10
20500.0
 20
3600.0
 10
21800.0
 20
3600.0
  0
TEXT
  5
1BD
330
17
100
AcDbEntity
  8
03_TEXT
100
AcDbText
 10
20500.0
 20
3690.0
 30
0.0
 40
210.0
  1
IF1 HP 320x13
  7
RU
100
AcDbText
  0
LINE
  5
1BF
330
17
100
AcDbEntity
  8
03_MEMBER
100
AcDbLine
 10
25300.0
 20
5200.0
 30
0.0
 11
25300.0
 21
8600.0
 31
0.0
  0
LINE
  5
1C1
330
17
100
AcDbEntity
  8
03_MEMBER
100
AcDbLine
 10
25288.0
 20
5200.0
 30
0.0
 11
25288.0
 21
8600.0
 31
0.0
  0
LWPOLYLINE
  5
1C3
330
17
100
AcDbEntity
  8
03_MEMBER
100
AcDbPolyline
 90
        3
 70
     0
 43
0.0
 10
25000.0
 20
5700.0
 10
25480.0
 20
5200.0
 10
25000.0
 20
5200.0
  0
LWPOLYLINE
  5
1C5
330
17
100
AcDbEntity
  8
03_MEMBER
100
AcDbPolyline
 90
        3
 70
     0
 43
0.0
 10
25000.0
 20
8100.0
 10
25480.0
 20
8600.0
 10
25000.0
 20
8600.0
  0
LWPOLYLINE
  5
1C7
330
17
100
AcDbEntity
  8
03_SEAM
100
AcDbPolyline
 90
        3
 70
     0
 43
0.0
 10
25300.0
 20
6900.0
 10
20500.0
 20
7000.0
 10
21800.0
 20
7000.0
  0
TEXT
  5
1C9
330
17
100
AcDbEntity
  8
03_TEXT
100
AcDbText
 10
20500.0
 20
7090.0
 30
0.0
 40
210.0
  1
IF2 HP 300x12
  7
RU
100
AcDbText
  0
LINE
  5
1CB
330
17
100
AcDbEntity
  8
03_MEMBER
100
AcDbLine
 10
25280.0
 20
8600.0
 30
0.0
 11
25280.0
 21
12000.0
 31
0.0
  0
LINE
  5
1CD
330
17
100
AcDbEntity
  8
03_MEMBER
100
AcDbLine
 10
25269.0
 20
8600.0
 30
0.0
 11
25269.0
 21
12000.0
 31
0.0
  0
LWPOLYLINE
  5
1CF
330
17
100
AcDbEntity
  8
03_MEMBER
100
AcDbPolyline
 90
        3
 70
     0
 43
0.0
 10
25000.0
 20
9100.0
 10
25460.0
 20
8600.0
 10
25000.0
 20
8600.0
  0
LWPOLYLINE
  5
1D1
330
17
100
AcDbEntity
  8
03_MEMBER
100
AcDbPolyline
 90
        3
 70
     0
 43
0.0
 10
25000.0
 20
11500.0
 10
25460.0
 20
12000.0
 10
25000.0
 20
12000.0
  0
LWPOLYLINE
  5
1D3
330
17
100
AcDbEntity
  8
03_SEAM
100
AcDbPolyline
 90
        3
 70
     0
 43
0.0
 10
25280.0
 20
10300.0
 10
20500.0
 20
10400.0
 10
21800.0
 20
10400.0
  0
TEXT
  5
1D5
330
17
100
AcDbEntity
  8
03_TEXT
100
AcDbText
 10
20500.0
 20
10490.0
 30
0.0
 40
210.0
  1
IF3 HP 280x11
  7
RU
100
AcDbText
  0
LINE
  5
1D7
330
17
100
AcDbEntity
  8
03_MEMBER
100
AcDbLine
 10
25240.0
 20
12000.0
 30
0.0
 11
25240.0
 21
15580.0
 31
0.0
  0
LINE
  5
1D9
330
17
100
AcDbEntity
  8
03_MEMBER
100
AcDbLine
 10
25229.0
 20
12000.0
 30
0.0
 11
25229.0
 21
15580.0
 31
0.0
  0
LWPOLYLINE
  5
1DB
330
17
100
AcDbEntity
  8
03_MEMBER
100
AcDbPolyline
 90
        3
 70
     0
 43
0.0
 10
25000.0
 20
12500.0
 10
25440.0
 20
12000.0
 10
25000.0
 20
12000.0
  0
LWPOLYLINE
  5
1DD
330
17
100
AcDbEntity
  8
03_MEMBER
100
AcDbPolyline
 90
        3
 70
     0
 43
0.0
 10
25000.0
 20
15080.0
 10
25440.0
 20
15580.0
 10
25000.0
 20
15580.0
  0
LWPOLYLINE
  5
1DF
330
17
100
AcDbEntity
  8
03_SEAM
100
AcDbPolyline
 90
        3
 70
     0
 43
0.0
 10
25260.0
 20
13790.0
 10
20500.0
 20
13890.0
 10
21800.0
 20
13890.0
  0
TEXT
  5
1E1
330
17
100
AcDbEntity
  8
03_TEXT
100
AcDbText
 10
20500.0
 20
13980.0
 30
0.0
 40
210.0
  1
IF4 HP 240x11
  7
RU
100
AcDbText
  0
LWPOLYLINE
  5
223
330
17
100
AcDbEntity
  8
03_SEAM
100
AcDbPolyline
 90
        3
 70
     1
 43
0.0
 10
12725.0
 20
0.0
 10
12765.0
 20
-140.0
 10
12685.0
 20
-140.0
  0
LWPOLYLINE
  5
225
330
17
100
AcDbEntity
  8
03_SEAM
100
AcDbPolyline
 90
        2
 70
     0
 43
0.0
 10
12725.0
 20
-140.0
 10
12725.0
 20
-490.0
  0
LWPOLYLINE
  5
227
330
17
100
AcDbEntity
  8
03_SEAM
100
AcDbPolyline
 90
        3
 70
     0
 43
0.0
 10
12680.0
 20
-570.0
 10
12725.0
 20
-490.0
 10
12770.0
 20
-570.0
  0
LWPOLYLINE
  5
229
330
17
100
AcDbEntity
  8
03_SEAM
100
AcDbPolyline
 90
        3
 70
     1
 43
0.0
 10
14275.0
 20
0.0
 10
14315.0
 20
-140.0
 10
14235.0
 20
-140.0
  0
LWPOLYLINE
  5
22B
330
17
100
AcDbEntity
  8
03_SEAM
100
AcDbPolyline
 90
        2
 70
     0
 43
0.0
 10
14275.0
 20
-140.0
 10
14275.0
 20
-490.0
  0
LWPOLYLINE
  5
22D
330
17
100
AcDbEntity
  8
03_SEAM
100
AcDbPolyline
 90
        3
 70
     0
 43
0.0
 10
14230.0
 20
-570.0
 10
14275.0
 20
-490.0
 10
14320.0
 20
-570.0
  0
LWPOLYLINE
  5
22F
330
17
100
AcDbEntity
  8
03_SEAM
100
AcDbPolyline
 90
        3
 70
     1
 43
0.0
 10
10725.0
 20
0.0
 10
10765.0
 20
-140.0
 10
10685.0
 20
-140.0
  0
LWPOLYLINE
  5
231
330
17
100
AcDbEntity
  8
03_SEAM
100
AcDbPolyline
 90
        2
 70
     0
 43
0.0
 10
10725.0
 20
-140.0
 10
10725.0
 20
-490.0
  0
LWPOLYLINE
  5
233
330
17
100
AcDbEntity
  8
03_SEAM
100
AcDbPolyline
 90
        3
 70
     0
 43
0.0
 10
10680.0
 20
-570.0
 10
10725.0
 20
-490.0
 10
10770.0
 20
-570.0
  0
LWPOLYLINE
  5
235
330
17
100
AcDbEntity
  8
03_SEAM
100
AcDbPolyline
 90
        3
 70
     1
 43
0.0
 10
16275.0
 20
0.0
 10
16315.0
 20
-140.0
 10
16235.0
 20
-140.0
  0
LWPOLYLINE
  5
237
330
17
100
AcDbEntity
  8
03_SEAM
100
AcDbPolyline
 90
        2
 70
     0
 43
0.0
 10
16275.0
 20
-140.0
 10
16275.0
 20
-490.0
  0
LWPOLYLINE
  5
239
330
17
100
AcDbEntity
  8
03_SEAM
100
AcDbPolyline
 90
        3
 70
     0
 43
0.0
 10
16230.0
 20
-570.0
 10
16275.0
 20
-490.0
 10
16320.0
 20
-570.0
  0
LWPOLYLINE
  5
23B
330
17
100
AcDbEntity
  8
03_SEAM
100
AcDbPolyline
 90
        3
 70
     1
 43
0.0
 10
8725.0
 20
0.0
 10
8765.0
 20
-140.0
 10
8685.0
 20
-140.0
  0
LWPOLYLINE
  5
23D
330
17
100
AcDbEntity
  8
03_SEAM
100
AcDbPolyline
 90
        2
 70
     0
 43
0.0
 10
8725.0
 20
-140.0
 10
8725.0
 20
-490.0
  0
LWPOLYLINE
  5
23F
330
17
100
AcDbEntity
  8
03_SEAM
100
AcDbPolyline
 90
        3
 70
     0
 43
0.0
 10
8680.0
 20
-570.0
 10
8725.0
 20
-490.0
 10
8770.0
 20
-570.0
  0
LWPOLYLINE
  5
241
330
17
100
AcDbEntity
  8
03_SEAM
100
AcDbPolyline
 90
        3
 70
     1
 43
0.0
 10
18275.0
 20
0.0
 10
18315.0
 20
-140.0
 10
18235.0
 20
-140.0
  0
LWPOLYLINE
  5
243
330
17
100
AcDbEntity
  8
03_SEAM
100
AcDbPolyline
 90
        2
 70
     0
 43
0.0
 10
18275.0
 20
-140.0
 10
18275.0
 20
-490.0
  0
LWPOLYLINE
  5
245
330
17
100
AcDbEntity
  8
03_SEAM
100
AcDbPolyline
 90
        3
 70
     0
 43
0.0
 10
18230.0
 20
-570.0
 10
18275.0
 20
-490.0
 10
18320.0
 20
-570.0
  0
LWPOLYLINE
  5
247
330
17
100
AcDbEntity
  8
03_SEAM
100
AcDbPolyline
 90
        3
 70
     1
 43
0.0
 10
6725.0
 20
0.0
 10
6765.0
 20
-140.0
 10
6685.0
 20
-140.0
  0
LWPOLYLINE
  5
249
330
17
100
AcDbEntity
  8
03_SEAM
100
AcDbPolyline
 90
        2
 70
     0
 43
0.0
 10
6725.0
 20
-140.0
 10
6725.0
 20
-490.0
  0
LWPOLYLINE
  5
24B
330
17
100
AcDbEntity
  8
03_SEAM
100
AcDbPolyline
 90
        3
 70
     0
 43
0.0
 10
6680.0
 20
-570.0
 10
6725.0
 20
-490.0
 10
6770.0
 20
-570.0
  0
LWPOLYLINE
  5
24D
330
17
100
AcDbEntity
  8
03_SEAM
100
AcDbPolyline
 90
        3
 70
     1
 43
0.0
 10
20275.0
 20
0.0
 10
20315.0
 20
-140.0
 10
20235.0
 20
-140.0
  0
LWPOLYLINE
  5
24F
330
17
100
AcDbEntity
  8
03_SEAM
100
AcDbPolyline
 90
        2
 70
     0
 43
0.0
 10
20275.0
 20
-140.0
 10
20275.0
 20
-490.0
  0
LWPOLYLINE
  5
251
330
17
100
AcDbEntity
  8
03_SEAM
100
AcDbPolyline
 90
        3
 70
     0
 43
0.0
 10
20230.0
 20
-570.0
 10
20275.0
 20
-490.0
 10
20320.0
 20
-570.0
  0
LWPOLYLINE
  5
253
330
17
100
AcDbEntity
  8
03_SEAM
100
AcDbPolyline
 90
        3
 70
     1
 43
0.0
 10
4725.0
 20
0.0
 10
4765.0
 20
-140.0
 10
4685.0
 20
-140.0
  0
LWPOLYLINE
  5
255
330
17
100
AcDbEntity
  8
03_SEAM
100
AcDbPolyline
 90
        2
 70
     0
 43
0.0
 10
4725.0
 20
-140.0
 10
4725.0
 20
-490.0
  0
LWPOLYLINE
  5
257
330
17
100
AcDbEntity
  8
03_SEAM
100
AcDbPolyline
 90
        3
 70
     0
 43
0.0
 10
4680.0
 20
-570.0
 10
4725.0
 20
-490.0
 10
4770.0
 20
-570.0
  0
LWPOLYLINE
  5
259
330
17
100
AcDbEntity
  8
03_SEAM
100
AcDbPolyline
 90
        3
 70
     1
 43
0.0
 10
22275.0
 20
0.0
 10
22315.0
 20
-140.0
 10
22235.0
 20
-140.0
  0
LWPOLYLINE
  5
25B
330
17
100
AcDbEntity
  8
03_SEAM
100
AcDbPolyline
 90
        2
 70
     0
 43
0.0
 10
22275.0
 20
-140.0
 10
22275.0
 20
-490.0
  0
LWPOLYLINE
  5
25D
330
17
100
AcDbEntity
  8
03_SEAM
100
AcDbPolyline
 90
        3
 70
     0
 43
0.0
 10
22230.0
 20
-570.0
 10
22275.0
 20
-490.0
 10
22320.0
 20
-570.0
  0
LWPOLYLINE
  5
25F
330
17
100
AcDbEntity
  8
03_SEAM
100
AcDbPolyline
 90
        3
 70
     1
 43
0.0
 10
2725.0
 20
0.0
 10
2765.0
 20
-140.0
 10
2685.0
 20
-140.0
  0
LWPOLYLINE
  5
261
330
17
100
AcDbEntity
  8
03_SEAM
100
AcDbPolyline
 90
        2
 70
     0
 43
0.0
 10
2725.0
 20
-140.0
 10
2725.0
 20
-490.0
  0
LWPOLYLINE
  5
263
330
17
100
AcDbEntity
  8
03_SEAM
100
AcDbPolyline
 90
        3
 70
     0
 43
0.0
 10
2680.0
 20
-570.0
 10
2725.0
 20
-490.0
 10
2770.0
 20
-570.0
  0
LWPOLYLINE
  5
265
330
17
100
AcDbEntity
  8
03_SEAM
100
AcDbPolyline
 90
        3
 70
     1
 43
0.0
 10
24275.0
 20
0.0
 10
24315.0
 20
-140.0
 10
24235.0
 20
-140.0
  0
LWPOLYLINE
  5
267
330
17
100
AcDbEntity
  8
03_SEAM
100
AcDbPolyline
 90
        2
 70
     0
 43
0.0
 10
24275.0
 20
-140.0
 10
24275.0
 20
-490.0
  0
LWPOLYLINE
  5
269
330
17
100
AcDbEntity
  8
03_SEAM
100
AcDbPolyline
 90
        3
 70
     0
 43
0.0
 10
24230.0
 20
-570.0
 10
24275.0
 20
-490.0
 10
24320.0
 20
-570.0
  0
LWPOLYLINE
  5
26B
330
17
100
AcDbEntity
  8
03_SEAM
100
AcDbPolyline
 90
        3
 70
     1
 43
0.0
 10
763.4054966231852
 20
214.4218153708177
 10
726.8247849537746
 20
73.48973409136089
 10
657.8917173600101
 20
114.0881600720997
  0
LWPOLYLINE
  5
26D
330
17
100
AcDbEntity
  8
03_SEAM
100
AcDbPolyline
 90
        2
 70
     0
 43
0.0
 10
692.3582511568922
 20
93.78894708173028
 10
514.7401374911598
 20
-207.7932236409883
  0
LWPOLYLINE
  5
26F
330
17
100
AcDbEntity
  8
03_SEAM
100
AcDbPolyline
 90
        3
 70
     0
 43
0.0
 10
435.3668609889288
 20
-253.8896766205869
 10
514.7401374911598
 20
-207.7932236409883
 10
512.9165620319135
 20
-299.5629058489181
  0
LWPOLYLINE
  5
271
330
17
100
AcDbEntity
  8
03_SEAM
100
AcDbPolyline
 90
        3
 70
     1
 43
0.0
 10
26236.59450337681
 20
214.4218153708177
 10
26342.10828263999
 20
114.0881600720997
 10
26273.17521504623
 20
73.48973409136089
  0
LWPOLYLINE
  5
273
330
17
100
AcDbEntity
  8
03_SEAM
100
AcDbPolyline
 90
        2
 70
     0
 43
0.0
 10
26307.64174884311
 20
93.78894708173028
 10
26485.25986250884
 20
-207.7932236409883
  0
LWPOLYLINE
  5
275
330
17
100
AcDbEntity
  8
03_SEAM
100
AcDbPolyline
 90
        3
 70
     0
 43
0.0
 10
26487.08343796809
 20
-299.5629058489181
 10
26485.25986250884
 20
-207.7932236409883
 10
26564.63313901107
 20
-253.8896766205869
  0
LWPOLYLINE
  5
277
330
17
100
AcDbEntity
  8
03_SEAM
100
AcDbPolyline
 90
        3
 70
     1
 43
0.0
 10
0.0
 20
1940.26569346791
 10
-140.0
 20
1900.265693467911
 10
-140.0
 20
1980.26569346791
  0
LWPOLYLINE
  5
279
330
17
100
AcDbEntity
  8
03_SEAM
100
AcDbPolyline
 90
        2
 70
     0
 43
0.0
 10
-140.0
 20
1940.26569346791
 10
-490.0
 20
1940.26569346791
  0
LWPOLYLINE
  5
27B
330
17
100
AcDbEntity
  8
03_SEAM
100
AcDbPolyline
 90
        3
 70
     0
 43
0.0
 10
-570.0
 20
1985.26569346791
 10
-490.0
 20
1940.26569346791
 10
-570.0
 20
1895.265693467911
  0
LWPOLYLINE
  5
27D
330
17
100
AcDbEntity
  8
03_SEAM
100
AcDbPolyline
 90
        3
 70
     1
 43
0.0
 10
27000.0
 20
1940.26569346791
 10
27140.0
 20
1980.26569346791
 10
27140.0
 20
1900.265693467911
  0
LWPOLYLINE
  5
27F
330
17
100
AcDbEntity
  8
03_SEAM
100
AcDbPolyline
 90
        2
 70
     0
 43
0.0
 10
27140.0
 20
1940.26569346791
 10
27490.0
 20
1940.26569346791
  0
LWPOLYLINE
  5
281
330
17
100
AcDbEntity
  8
03_SEAM
100
AcDbPolyline
 90
        3
 70
     0
 43
0.0
 10
27570.0
 20
1895.265693467911
 10
27490.0
 20
1940.26569346791
 10
27570.0
 20
1985.26569346791
  0
LWPOLYLINE
  5
283
330
17
100
AcDbEntity
  8
03_SEAM
100
AcDbPolyline
 90
        3
 70
     1
 43
0.0
 10
0.0
 20
3940.265693467911
 10
-140.0
 20
3900.265693467911
 10
-140.0
 20
3980.265693467911
  0
LWPOLYLINE
  5
285
330
17
100
AcDbEntity
  8
03_SEAM
100
AcDbPolyline
 90
        2
 70
     0
 43
0.0
 10
-140.0
 20
3940.265693467911
 10
-490.0
 20
3940.265693467911
  0
LWPOLYLINE
  5
287
330
17
100
AcDbEntity
  8
03_SEAM
100
AcDbPolyline
 90
        3
 70
     0
 43
0.0
 10
-570.0
 20
3985.265693467911
 10
-490.0
 20
3940.265693467911
 10
-570.0
 20
3895.265693467911
  0
LWPOLYLINE
  5
289
330
17
100
AcDbEntity
  8
03_SEAM
100
AcDbPolyline
 90
        3
 70
     1
 43
0.0
 10
27000.0
 20
3940.265693467911
 10
27140.0
 20
3980.265693467911
 10
27140.0
 20
3900.265693467911
  0
LWPOLYLINE
  5
28B
330
17
100
AcDbEntity
  8
03_SEAM
100
AcDbPolyline
 90
        2
 70
     0
 43
0.0
 10
27140.0
 20
3940.265693467911
 10
27490.0
 20
3940.265693467911
  0
LWPOLYLINE
  5
28D
330
17
100
AcDbEntity
  8
03_SEAM
100
AcDbPolyline
 90
        3
 70
     0
 43
0.0
 10
27570.0
 20
3895.265693467911
 10
27490.0
 20
3940.265693467911
 10
27570.0
 20
3985.265693467911
  0
LWPOLYLINE
  5
28F
330
17
100
AcDbEntity
  8
03_SEAM
100
AcDbPolyline
 90
        3
 70
     1
 43
0.0
 10
0.0
 20
5940.265693467911
 10
-140.0
 20
5900.265693467911
 10
-140.0
 20
5980.265693467913
  0
LWPOLYLINE
  5
291
330
17
100
AcDbEntity
  8
03_SEAM
100
AcDbPolyline
 90
        2
 70
     0
 43
0.0
 10
-140.0
 20
5940.265693467911
 10
-490.0
 20
5940.265693467911
  0
LWPOLYLINE
  5
293
330
17
100
AcDbEntity
  8
03_SEAM
100
AcDbPolyline
 90
        3
 70
     0
 43
0.0
 10
-570.0
 20
5985.265693467912
 10
-490.0
 20
5940.265693467911
 10
-570.0
 20
5895.265693467912
  0
LWPOLYLINE
  5
295
330
17
100
AcDbEntity
  8
03_SEAM
100
AcDbPolyline
 90
        3
 70
     1
 43
0.0
 10
27000.0
 20
5940.265693467911
 10
27140.0
 20
5980.265693467913
 10
27140.0
 20
5900.265693467911
  0
LWPOLYLINE
  5
297
330
17
100
AcDbEntity
  8
03_SEAM
100
AcDbPolyline
 90
        2
 70
     0
 43
0.0
 10
27140.0
 20
5940.265693467911
 10
27490.0
 20
5940.265693467911
  0
LWPOLYLINE
  5
299
330
17
100
AcDbEntity
  8
03_SEAM
100
AcDbPolyline
 90
        3
 70
     0
 43
0.0
 10
27570.0
 20
5895.265693467912
 10
27490.0
 20
5940.265693467911
 10
27570.0
 20
5985.265693467912
  0
LWPOLYLINE
  5
29B
330
17
100
AcDbEntity
  8
03_SEAM
100
AcDbPolyline
 90
        3
 70
     1
 43
0.0
 10
0.0
 20
7940.265693467911
 10
-140.0
 20
7900.265693467912
 10
-140.0
 20
7980.265693467912
  0
LWPOLYLINE
  5
29D
330
17
100
AcDbEntity
  8
03_SEAM
100
AcDbPolyline
 90
        2
 70
     0
 43
0.0
 10
-140.0
 20
7940.265693467911
 10
-490.0
 20
7940.265693467911
  0
LWPOLYLINE
  5
29F
330
17
100
AcDbEntity
  8
03_SEAM
100
AcDbPolyline
 90
        3
 70
     0
 43
0.0
 10
-570.0
 20
7985.265693467913
 10
-490.0
 20
7940.265693467911
 10
-570.0
 20
7895.265693467911
  0
LWPOLYLINE
  5
2A1
330
17
100
AcDbEntity
  8
03_SEAM
100
AcDbPolyline
 90
        3
 70
     1
 43
0.0
 10
27000.0
 20
7940.265693467911
 10
27140.0
 20
7980.265693467912
 10
27140.0
 20
7900.265693467912
  0
LWPOLYLINE
  5
2A3
330
17
100
AcDbEntity
  8
03_SEAM
100
AcDbPolyline
 90
        2
 70
     0
 43
0.0
 10
27140.0
 20
7940.265693467911
 10
27490.0
 20
7940.265693467911
  0
LWPOLYLINE
  5
2A5
330
17
100
AcDbEntity
  8
03_SEAM
100
AcDbPolyline
 90
        3
 70
     0
 43
0.0
 10
27570.0
 20
7895.265693467911
 10
27490.0
 20
7940.265693467911
 10
27570.0
 20
7985.265693467913
  0
LWPOLYLINE
  5
2A7
330
17
100
AcDbEntity
  8
03_SEAM
100
AcDbPolyline
 90
        3
 70
     1
 43
0.0
 10
0.0
 20
9940.265693467907
 10
-140.0
 20
9900.265693467908
 10
-140.0
 20
9980.265693467908
  0
LWPOLYLINE
  5
2A9
330
17
100
AcDbEntity
  8
03_SEAM
100
AcDbPolyline
 90
        2
 70
     0
 43
0.0
 10
-140.0
 20
9940.265693467907
 10
-490.0
 20
9940.265693467907
  0
LWPOLYLINE
  5
2AB
330
17
100
AcDbEntity
  8
03_SEAM
100
AcDbPolyline
 90
        3
 70
     0
 43
0.0
 10
-570.0
 20
9985.265693467908
 10
-490.0
 20
9940.265693467907
 10
-570.0
 20
9895.26569346791
  0
LWPOLYLINE
  5
2AD
330
17
100
AcDbEntity
  8
03_SEAM
100
AcDbPolyline
 90
        3
 70
     1
 43
0.0
 10
27000.0
 20
9940.265693467907
 10
27140.0
 20
9980.265693467908
 10
27140.0
 20
9900.265693467908
  0
LWPOLYLINE
  5
2AF
330
17
100
AcDbEntity
  8
03_SEAM
100
AcDbPolyline
 90
        2
 70
     0
 43
0.0
 10
27140.0
 20
9940.265693467907
 10
27490.0
 20
9940.265693467907
  0
LWPOLYLINE
  5
2B1
330
17
100
AcDbEntity
  8
03_SEAM
100
AcDbPolyline
 90
        3
 70
     0
 43
0.0
 10
27570.0
 20
9895.26569346791
 10
27490.0
 20
9940.265693467907
 10
27570.0
 20
9985.265693467908
  0
LWPOLYLINE
  5
2B3
330
17
100
AcDbEntity
  8
03_SEAM
100
AcDbPolyline
 90
        3
 70
     1
 43
0.0
 10
0.0
 20
11940.26569346791
 10
-140.0
 20
11900.26569346791
 10
-140.0
 20
11980.26569346791
  0
LWPOLYLINE
  5
2B5
330
17
100
AcDbEntity
  8
03_SEAM
100
AcDbPolyline
 90
        2
 70
     0
 43
0.0
 10
-140.0
 20
11940.26569346791
 10
-490.0
 20
11940.26569346791
  0
LWPOLYLINE
  5
2B7
330
17
100
AcDbEntity
  8
03_SEAM
100
AcDbPolyline
 90
        3
 70
     0
 43
0.0
 10
-570.0
 20
11985.26569346791
 10
-490.0
 20
11940.26569346791
 10
-570.0
 20
11895.26569346791
  0
LWPOLYLINE
  5
2B9
330
17
100
AcDbEntity
  8
03_SEAM
100
AcDbPolyline
 90
        3
 70
     1
 43
0.0
 10
27000.0
 20
11940.26569346791
 10
27140.0
 20
11980.26569346791
 10
27140.0
 20
11900.26569346791
  0
LWPOLYLINE
  5
2BB
330
17
100
AcDbEntity
  8
03_SEAM
100
AcDbPolyline
 90
        2
 70
     0
 43
0.0
 10
27140.0
 20
11940.26569346791
 10
27490.0
 20
11940.26569346791
  0
LWPOLYLINE
  5
2BD
330
17
100
AcDbEntity
  8
03_SEAM
100
AcDbPolyline
 90
        3
 70
     0
 43
0.0
 10
27570.0
 20
11895.26569346791
 10
27490.0
 20
11940.26569346791
 10
27570.0
 20
11985.26569346791
  0
LWPOLYLINE
  5
2BF
330
17
100
AcDbEntity
  8
03_SEAM
100
AcDbPolyline
 90
        3
 70
     1
 43
0.0
 10
0.0
 20
12945.13284673395
 10
-140.0
 20
12905.13284673395
 10
-140.0
 20
12985.13284673395
  0
LWPOLYLINE
  5
2C1
330
17
100
AcDbEntity
  8
03_SEAM
100
AcDbPolyline
 90
        2
 70
     0
 43
0.0
 10
-140.0
 20
12945.13284673395
 10
-490.0
 20
12945.13284673395
  0
LWPOLYLINE
  5
2C3
330
17
100
AcDbEntity
  8
03_SEAM
100
AcDbPolyline
 90
        3
 70
     0
 43
0.0
 10
-570.0
 20
12990.13284673395
 10
-490.0
 20
12945.13284673395
 10
-570.0
 20
12900.13284673395
  0
LWPOLYLINE
  5
2C5
330
17
100
AcDbEntity
  8
03_SEAM
100
AcDbPolyline
 90
        3
 70
     1
 43
0.0
 10
27000.0
 20
12945.13284673395
 10
27140.0
 20
12985.13284673395
 10
27140.0
 20
12905.13284673395
  0
LWPOLYLINE
  5
2C7
330
17
100
AcDbEntity
  8
03_SEAM
100
AcDbPolyline
 90
        2
 70
     0
 43
0.0
 10
27140.0
 20
12945.13284673395
 10
27490.0
 20
12945.13284673395
  0
LWPOLYLINE
  5
2C9
330
17
100
AcDbEntity
  8
03_SEAM
100
AcDbPolyline
 90
        3
 70
     0
 43
0.0
 10
27570.0
 20
12900.13284673395
 10
27490.0
 20
12945.13284673395
 10
27570.0
 20
12990.13284673395
  0
LWPOLYLINE
  5
2CB
330
17
100
AcDbEntity
  8
03_SEAM
100
AcDbPolyline
 90
        3
 70
     1
 43
0.0
 10
0.0
 20
13949.99999999999
 10
-140.0
 20
13909.99999999999
 10
-140.0
 20
13989.99999999999
  0
LWPOLYLINE
  5
2CD
330
17
100
AcDbEntity
  8
03_SEAM
100
AcDbPolyline
 90
        2
 70
     0
 43
0.0
 10
-140.0
 20
13949.99999999999
 10
-490.0
 20
13949.99999999999
  0
LWPOLYLINE
  5
2CF
330
17
100
AcDbEntity
  8
03_SEAM
100
AcDbPolyline
 90
        3
 70
     0
 43
0.0
 10
-570.0
 20
13994.99999999999
 10
-490.0
 20
13949.99999999999
 10
-570.0
 20
13904.99999999999
  0
LWPOLYLINE
  5
2D1
330
17
100
AcDbEntity
  8
03_SEAM
100
AcDbPolyline
 90
        3
 70
     1
 43
0.0
 10
27000.0
 20
13949.99999999999
 10
27140.0
 20
13989.99999999999
 10
27140.0
 20
13909.99999999999
  0
LWPOLYLINE
  5
2D3
330
17
100
AcDbEntity
  8
03_SEAM
100
AcDbPolyline
 90
        2
 70
     0
 43
0.0
 10
27140.0
 20
13949.99999999999
 10
27490.0
 20
13949.99999999999
  0
LWPOLYLINE
  5
2D5
330
17
100
AcDbEntity
  8
03_SEAM
100
AcDbPolyline
 90
        3
 70
     0
 43
0.0
 10
27570.0
 20
13904.99999999999
 10
27490.0
 20
13949.99999999999
 10
27570.0
 20
13994.99999999999
  0
LWPOLYLINE
  5
2D7
330
17
100
AcDbEntity
  8
03_SEAM
100
AcDbPolyline
 90
        3
 70
     0
 43
0.0
 10
13112.5
 20
0.0
 10
12662.5
 20
-1500.0
 10
13962.5
 20
-1500.0
  0
TEXT
  5
2D9
330
17
100
AcDbEntity
  8
03_TEXT
100
AcDbText
 10
12662.5
 20
-1410.0
 30
0.0
 40
210.0
  1
KL s18
  7
RU
100
AcDbText
  0
LWPOLYLINE
  5
2DB
330
17
100
AcDbEntity
  8
03_SEAM
100
AcDbPolyline
 90
        3
 70
     0
 43
0.0
 10
11725.0
 20
0.0
 10
11275.0
 20
-2100.0
 10
12575.0
 20
-2100.0
  0
TEXT
  5
2DD
330
17
100
AcDbEntity
  8
03_TEXT
100
AcDbText
 10
11275.0
 20
-2010.0
 30
0.0
 40
210.0
  1
A s16
  7
RU
100
AcDbText
  0
LWPOLYLINE
  5
2DF
330
17
100
AcDbEntity
  8
03_SEAM
100
AcDbPolyline
 90
        3
 70
     0
 43
0.0
 10
9725.0
 20
0.0
 10
9275.0
 20
-1500.0
 10
10575.0
 20
-1500.0
  0
TEXT
  5
2E1
330
17
100
AcDbEntity
  8
03_TEXT
100
AcDbText
 10
9275.0
 20
-1410.0
 30
0.0
 40
210.0
  1
B s16
  7
RU
100
AcDbText
  0
LWPOLYLINE
  5
2E3
330
17
100
AcDbEntity
  8
03_SEAM
100
AcDbPolyline
 90
        3
 70
     0
 43
0.0
 10
7725.0
 20
0.0
 10
7275.0
 20
-2100.0
 10
8575.0
 20
-2100.0
  0
TEXT
  5
2E5
330
17
100
AcDbEntity
  8
03_TEXT
100
AcDbText
 10
7275.0
 20
-2010.0
 30
0.0
 40
210.0
  1
C s16
  7
RU
100
AcDbText
  0
LWPOLYLINE
  5
2E7
330
17
100
AcDbEntity
  8
03_SEAM
100
AcDbPolyline
 90
        3
 70
     0
 43
0.0
 10
5725.0
 20
0.0
 10
5275.0
 20
-1500.0
 10
6575.0
 20
-1500.0
  0
TEXT
  5
2E9
330
17
100
AcDbEntity
  8
03_TEXT
100
AcDbText
 10
5275.0
 20
-1410.0
 30
0.0
 40
210.0
  1
D s16
  7
RU
100
AcDbText
  0
LWPOLYLINE
  5
2EB
330
17
100
AcDbEntity
  8
03_SEAM
100
AcDbPolyline
 90
        3
 70
     0
 43
0.0
 10
3725.0
 20
0.0
 10
3275.0
 20
-2100.0
 10
4575.0
 20
-2100.0
  0
TEXT
  5
2ED
330
17
100
AcDbEntity
  8
03_TEXT
100
AcDbText
 10
3275.0
 20
-2010.0
 30
0.0
 40
210.0
  1
E s16
  7
RU
100
AcDbText
  0
LWPOLYLINE
  5
2EF
330
17
100
AcDbEntity
  8
03_SEAM
100
AcDbPolyline
 90
        3
 70
     0
 43
0.0
 10
1725.0
 20
0.0
 10
-4200.0
 20
-500.0
 10
-2900.0
 20
-500.0
  0
TEXT
  5
2F1
330
17
100
AcDbEntity
  8
03_TEXT
100
AcDbText
 10
-4200.0
 20
-410.0
 30
0.0
 40
210.0
  1
F s16
  7
RU
100
AcDbText
  0
LWPOLYLINE
  5
2F3
330
17
100
AcDbEntity
  8
03_SEAM
100
AcDbPolyline
 90
        3
 70
     0
 43
0.0
 10
118.3891505312147
 20
955.8700683493023
 10
-4200.0
 20
900.0
 10
-2900.0
 20
900.0
  0
TEXT
  5
2F5
330
17
100
AcDbEntity
  8
03_TEXT
100
AcDbText
 10
-4200.0
 20
990.0
 30
0.0
 40
210.0
  1
G s16
  7
RU
100
AcDbText
  0
LWPOLYLINE
  5
2F7
330
17
100
AcDbEntity
  8
03_SEAM
100
AcDbPolyline
 90
        3
 70
     0
 43
0.0
 10
0.0
 20
2940.265693467911
 10
-4200.0
 20
2860.265693467911
 10
-2900.0
 20
2860.265693467911
  0
TEXT
  5
2F9
330
17
100
AcDbEntity
  8
03_TEXT
100
AcDbText
 10
-4200.0
 20
2950.265693467911
 30
0.0
 40
210.0
  1
H s16
  7
RU
100
AcDbText
  0
LWPOLYLINE
  5
2FB
330
17
100
AcDbEntity
  8
03_SEAM
100
AcDbPolyline
 90
        3
 70
     0
 43
0.0
 10
0.0
 20
4940.26569346791
 10
-4200.0
 20
4860.265693467911
 10
-2900.0
 20
4860.265693467911
  0
TEXT
  5
2FD
330
17
100
AcDbEntity
  8
03_TEXT
100
AcDbText
 10
-4200.0
 20
4950.265693467911
 30
0.0
 40
210.0
  1
I s16
  7
RU
100
AcDbText
  0
LWPOLYLINE
  5
2FF
330
17
100
AcDbEntity
  8
03_SEAM
100
AcDbPolyline
 90
        3
 70
     0
 43
0.0
 10
0.0
 20
6940.265693467911
 10
-4200.0
 20
6860.265693467913
 10
-2900.0
 20
6860.265693467913
  0
TEXT
  5
301
330
17
100
AcDbEntity
  8
03_TEXT
100
AcDbText
 10
-4200.0
 20
6950.265693467912
 30
0.0
 40
210.0
  1
J s15
  7
RU
100
AcDbText
  0
LWPOLYLINE
  5
303
330
17
100
AcDbEntity
  8
03_SEAM
100
AcDbPolyline
 90
        3
 70
     0
 43
0.0
 10
0.0
 20
8940.265693467909
 10
-4200.0
 20
8860.265693467907
 10
-2900.0
 20
8860.265693467907
  0
TEXT
  5
305
330
17
100
AcDbEntity
  8
03_TEXT
100
AcDbText
 10
-4200.0
 20
8950.26569346791
 30
0.0
 40
210.0
  1
K s14
  7
RU
100
AcDbText
  0
LWPOLYLINE
  5
307
330
17
100
AcDbEntity
  8
03_SEAM
100
AcDbPolyline
 90
        3
 70
     0
 43
0.0
 10
0.0
 20
10940.26569346791
 10
-4200.0
 20
10860.26569346791
 10
-2900.0
 20
10860.26569346791
  0
TEXT
  5
309
330
17
100
AcDbEntity
  8
03_TEXT
100
AcDbText
 10
-4200.0
 20
10950.26569346791
 30
0.0
 40
210.0
  1
L s13
  7
RU
100
AcDbText
  0
LWPOLYLINE
  5
30B
330
17
100
AcDbEntity
  8
03_SEAM
100
AcDbPolyline
 90
        3
 70
     0
 43
0.0
 10
0.0
 20
12442.69927010093
 10
-4200.0
 20
12362.69927010093
 10
-2900.0
 20
12362.69927010093
  0
TEXT
  5
30D
330
17
100
AcDbEntity
  8
03_TEXT
100
AcDbText
 10
-4200.0
 20
12452.69927010093
 30
0.0
 40
210.0
  1
M s12
  7
RU
100
AcDbText
  0
LWPOLYLINE
  5
30F
330
17
100
AcDbEntity
  8
03_SEAM
100
AcDbPolyline
 90
        3
 70
     0
 43
0.0
 10
0.0
 20
13447.56642336697
 10
-4200.0
 20
13367.56642336697
 10
-2900.0
 20
13367.56642336697
  0
TEXT
  5
311
330
17
100
AcDbEntity
  8
03_TEXT
100
AcDbText
 10
-4200.0
 20
13457.56642336697
 30
0.0
 40
210.0
  1
N s12
  7
RU
100
AcDbText
  0
LWPOLYLINE
  5
313
330
17
100
AcDbEntity
  8
03_SEAM
100
AcDbPolyline
 90
        3
 70
     0
 43
0.0
 10
0.0
 20
14724.99999999999
 10
-4200.0
 20
14644.99999999999
 10
-2900.0
 20
14644.99999999999
  0
TEXT
  5
315
330
17
100
AcDbEntity
  8
03_TEXT
100
AcDbText
 10
-4200.0
 20
14734.99999999999
 30
0.0
 40
210.0
  1
SH s12
  7
RU
100
AcDbText
  0
LWPOLYLINE
  5
317
330
17
100
AcDbEntity
  8
03_SEAM
100
AcDbPolyline
 90
        3
 70
     0
 43
0.0
 10
2000.0
 20
2800.0
 10
3250.0
 20
2900.0
 10
4550.0
 20
2900.0
  0
TEXT
  5
319
330
17
100
AcDbEntity
  8
03_TEXT
100
AcDbText
 10
3250.0
 20
2990.0
 30
0.0
 40
210.0
  1
ISG s16
  7
RU
100
AcDbText
  0
LWPOLYLINE
  5
31B
330
17
100
AcDbEntity
  8
03_SEAM
100
AcDbPolyline
 90
        3
 70
     1
 43
0.0
 10
2000.0
 20
3800.0
 10
2140.0
 20
3840.0
 10
2140.0
 20
3760.0
  0
LWPOLYLINE
  5
31D
330
17
100
AcDbEntity
  8
03_SEAM
100
AcDbPolyline
 90
        2
 70
     0
 43
0.0
 10
2140.0
 20
3800.0
 10
2490.0
 20
3800.0
  0
LWPOLYLINE
  5
31F
330
17
100
AcDbEntity
  8
03_SEAM
100
AcDbPolyline
 90
        3
 70
     0
 43
0.0
 10
2570.0
 20
3755.0
 10
2490.0
 20
3800.0
 10
2570.0
 20
3845.0
  0
LWPOLYLINE
  5
321
330
17
100
AcDbEntity
  8
03_SEAM
100
AcDbPolyline
 90
        3
 70
     1
 43
0.0
 10
25000.0
 20
3800.0
 10
24860.0
 20
3760.0
 10
24860.0
 20
3840.0
  0
LWPOLYLINE
  5
323
330
17
100
AcDbEntity
  8
03_SEAM
100
AcDbPolyline
 90
        2
 70
     0
 43
0.0
 10
24860.0
 20
3800.0
 10
24510.0
 20
3800.0
  0
LWPOLYLINE
  5
325
330
17
100
AcDbEntity
  8
03_SEAM
100
AcDbPolyline
 90
        3
 70
     0
 43
0.0
 10
24430.0
 20
3845.0
 10
24510.0
 20
3800.0
 10
24430.0
 20
3755.0
  0
LWPOLYLINE
  5
327
330
17
100
AcDbEntity
  8
03_SEAM
100
AcDbPolyline
 90
        3
 70
     0
 43
0.0
 10
2000.0
 20
4800.0
 10
3250.0
 20
4900.0
 10
4550.0
 20
4900.0
  0
TEXT
  5
329
330
17
100
AcDbEntity
  8
03_TEXT
100
AcDbText
 10
3250.0
 20
4990.0
 30
0.0
 40
210.0
  1
ISF s15
  7
RU
100
AcDbText
  0
LWPOLYLINE
  5
32B
330
17
100
AcDbEntity
  8
03_SEAM
100
AcDbPolyline
 90
        3
 70
     1
 43
0.0
 10
2000.0
 20
5800.0
 10
2140.0
 20
5840.0
 10
2140.0
 20
5760.0
  0
LWPOLYLINE
  5
32D
330
17
100
AcDbEntity
  8
03_SEAM
100
AcDbPolyline
 90
        2
 70
     0
 43
0.0
 10
2140.0
 20
5800.0
 10
2490.0
 20
5800.0
  0
LWPOLYLINE
  5
32F
330
17
100
AcDbEntity
  8
03_SEAM
100
AcDbPolyline
 90
        3
 70
     0
 43
0.0
 10
2570.0
 20
5755.0
 10
2490.0
 20
5800.0
 10
2570.0
 20
5845.0
  0
LWPOLYLINE
  5
331
330
17
100
AcDbEntity
  8
03_SEAM
100
AcDbPolyline
 90
        3
 70
     1
 43
0.0
 10
25000.0
 20
5800.0
 10
24860.0
 20
5760.0
 10
24860.0
 20
5840.0
  0
LWPOLYLINE
  5
333
330
17
100
AcDbEntity
  8
03_SEAM
100
AcDbPolyline
 90
        2
 70
     0
 43
0.0
 10
24860.0
 20
5800.0
 10
24510.0
 20
5800.0
  0
LWPOLYLINE
  5
335
330
17
100
AcDbEntity
  8
03_SEAM
100
AcDbPolyline
 90
        3
 70
     0
 43
0.0
 10
24430.0
 20
5845.0
 10
24510.0
 20
5800.0
 10
24430.0
 20
5755.0
  0
LWPOLYLINE
  5
337
330
17
100
AcDbEntity
  8
03_SEAM
100
AcDbPolyline
 90
        3
 70
     0
 43
0.0
 10
2000.0
 20
6800.0
 10
3250.0
 20
6900.0
 10
4550.0
 20
6900.0
  0
TEXT
  5
339
330
17
100
AcDbEntity
  8
03_TEXT
100
AcDbText
 10
3250.0
 20
6990.0
 30
0.0
 40
210.0
  1
ISE s14
  7
RU
100
AcDbText
  0
LWPOLYLINE
  5
33B
330
17
100
AcDbEntity
  8
03_SEAM
100
AcDbPolyline
 90
        3
 70
     1
 43
0.0
 10
2000.0
 20
7800.0
 10
2140.0
 20
7840.0
 10
2140.0
 20
7760.0
  0
LWPOLYLINE
  5
33D
330
17
100
AcDbEntity
  8
03_SEAM
100
AcDbPolyline
 90
        2
 70
     0
 43
0.0
 10
2140.0
 20
7800.0
 10
2490.0
 20
7800.0
  0
LWPOLYLINE
  5
33F
330
17
100
AcDbEntity
  8
03_SEAM
100
AcDbPolyline
 90
        3
 70
     0
 43
0.0
 10
2570.0
 20
7755.0
 10
2490.0
 20
7800.0
 10
2570.0
 20
7845.0
  0
LWPOLYLINE
  5
341
330
17
100
AcDbEntity
  8
03_SEAM
100
AcDbPolyline
 90
        3
 70
     1
 43
0.0
 10
25000.0
 20
7800.0
 10
24860.0
 20
7760.0
 10
24860.0
 20
7840.0
  0
LWPOLYLINE
  5
343
330
17
100
AcDbEntity
  8
03_SEAM
100
AcDbPolyline
 90
        2
 70
     0
 43
0.0
 10
24860.0
 20
7800.0
 10
24510.0
 20
7800.0
  0
LWPOLYLINE
  5
345
330
17
100
AcDbEntity
  8
03_SEAM
100
AcDbPolyline
 90
        3
 70
     0
 43
0.0
 10
24430.0
 20
7845.0
 10
24510.0
 20
7800.0
 10
24430.0
 20
7755.0
  0
LWPOLYLINE
  5
347
330
17
100
AcDbEntity
  8
03_SEAM
100
AcDbPolyline
 90
        3
 70
     0
 43
0.0
 10
2000.0
 20
8800.0
 10
3250.0
 20
8900.0
 10
4550.0
 20
8900.0
  0
TEXT
  5
349
330
17
100
AcDbEntity
  8
03_TEXT
100
AcDbText
 10
3250.0
 20
8990.0
 30
0.0
 40
210.0
  1
ISD s13
  7
RU
100
AcDbText
  0
LWPOLYLINE
  5
34B
330
17
100
AcDbEntity
  8
03_SEAM
100
AcDbPolyline
 90
        3
 70
     1
 43
0.0
 10
2000.0
 20
9800.0
 10
2140.0
 20
9840.0
 10
2140.0
 20
9760.0
  0
LWPOLYLINE
  5
34D
330
17
100
AcDbEntity
  8
03_SEAM
100
AcDbPolyline
 90
        2
 70
     0
 43
0.0
 10
2140.0
 20
9800.0
 10
2490.0
 20
9800.0
  0
LWPOLYLINE
  5
34F
330
17
100
AcDbEntity
  8
03_SEAM
100
AcDbPolyline
 90
        3
 70
     0
 43
0.0
 10
2570.0
 20
9755.0
 10
2490.0
 20
9800.0
 10
2570.0
 20
9845.0
  0
LWPOLYLINE
  5
351
330
17
100
AcDbEntity
  8
03_SEAM
100
AcDbPolyline
 90
        3
 70
     1
 43
0.0
 10
25000.0
 20
9800.0
 10
24860.0
 20
9760.0
 10
24860.0
 20
9840.0
  0
LWPOLYLINE
  5
353
330
17
100
AcDbEntity
  8
03_SEAM
100
AcDbPolyline
 90
        2
 70
     0
 43
0.0
 10
24860.0
 20
9800.0
 10
24510.0
 20
9800.0
  0
LWPOLYLINE
  5
355
330
17
100
AcDbEntity
  8
03_SEAM
100
AcDbPolyline
 90
        3
 70
     0
 43
0.0
 10
24430.0
 20
9845.0
 10
24510.0
 20
9800.0
 10
24430.0
 20
9755.0
  0
LWPOLYLINE
  5
357
330
17
100
AcDbEntity
  8
03_SEAM
100
AcDbPolyline
 90
        3
 70
     0
 43
0.0
 10
2000.0
 20
10800.0
 10
3250.0
 20
10900.0
 10
4550.0
 20
10900.0
  0
TEXT
  5
359
330
17
100
AcDbEntity
  8
03_TEXT
100
AcDbText
 10
3250.0
 20
10990.0
 30
0.0
 40
210.0
  1
ISC s13
  7
RU
100
AcDbText
  0
LWPOLYLINE
  5
35B
330
17
100
AcDbEntity
  8
03_SEAM
100
AcDbPolyline
 90
        3
 70
     1
 43
0.0
 10
2000.0
 20
11800.0
 10
2140.0
 20
11840.0
 10
2140.0
 20
11760.0
  0
LWPOLYLINE
  5
35D
330
17
100
AcDbEntity
  8
03_SEAM
100
AcDbPolyline
 90
        2
 70
     0
 43
0.0
 10
2140.0
 20
11800.0
 10
2490.0
 20
11800.0
  0
LWPOLYLINE
  5
35F
330
17
100
AcDbEntity
  8
03_SEAM
100
AcDbPolyline
 90
        3
 70
     0
 43
0.0
 10
2570.0
 20
11755.0
 10
2490.0
 20
11800.0
 10
2570.0
 20
11845.0
  0
LWPOLYLINE
  5
361
330
17
100
AcDbEntity
  8
03_SEAM
100
AcDbPolyline
 90
        3
 70
     1
 43
0.0
 10
25000.0
 20
11800.0
 10
24860.0
 20
11760.0
 10
24860.0
 20
11840.0
  0
LWPOLYLINE
  5
363
330
17
100
AcDbEntity
  8
03_SEAM
100
AcDbPolyline
 90
        2
 70
     0
 43
0.0
 10
24860.0
 20
11800.0
 10
24510.0
 20
11800.0
  0
LWPOLYLINE
  5
365
330
17
100
AcDbEntity
  8
03_SEAM
100
AcDbPolyline
 90
        3
 70
     0
 43
0.0
 10
24430.0
 20
11845.0
 10
24510.0
 20
11800.0
 10
24430.0
 20
11755.0
  0
LWPOLYLINE
  5
367
330
17
100
AcDbEntity
  8
03_SEAM
100
AcDbPolyline
 90
        3
 70
     0
 43
0.0
 10
2000.0
 20
12800.0
 10
3250.0
 20
12900.0
 10
4550.0
 20
12900.0
  0
TEXT
  5
369
330
17
100
AcDbEntity
  8
03_TEXT
100
AcDbText
 10
3250.0
 20
12990.0
 30
0.0
 40
210.0
  1
ISB s12
  7
RU
100
AcDbText
  0
LWPOLYLINE
  5
36B
330
17
100
AcDbEntity
  8
03_SEAM
100
AcDbPolyline
 90
        3
 70
     1
 43
0.0
 10
2000.0
 20
13800.0
 10
2140.0
 20
13840.0
 10
2140.0
 20
13760.0
  0
LWPOLYLINE
  5
36D
330
17
100
AcDbEntity
  8
03_SEAM
100
AcDbPolyline
 90
        2
 70
     0
 43
0.0
 10
2140.0
 20
13800.0
 10
2490.0
 20
13800.0
  0
LWPOLYLINE
  5
36F
330
17
100
AcDbEntity
  8
03_SEAM
100
AcDbPolyline
 90
        3
 70
     0
 43
0.0
 10
2570.0
 20
13755.0
 10
2490.0
 20
13800.0
 10
2570.0
 20
13845.0
  0
LWPOLYLINE
  5
371
330
17
100
AcDbEntity
  8
03_SEAM
100
AcDbPolyline
 90
        3
 70
     1
 43
0.0
 10
25000.0
 20
13800.0
 10
24860.0
 20
13760.0
 10
24860.0
 20
13840.0
  0
LWPOLYLINE
  5
373
330
17
100
AcDbEntity
  8
03_SEAM
100
AcDbPolyline
 90
        2
 70
     0
 43
0.0
 10
24860.0
 20
13800.0
 10
24510.0
 20
13800.0
  0
LWPOLYLINE
  5
375
330
17
100
AcDbEntity
  8
03_SEAM
100
AcDbPolyline
 90
        3
 70
     0
 43
0.0
 10
24430.0
 20
13845.0
 10
24510.0
 20
13800.0
 10
24430.0
 20
13755.0
  0
LWPOLYLINE
  5
377
330
17
100
AcDbEntity
  8
03_SEAM
100
AcDbPolyline
 90
        3
 70
     0
 43
0.0
 10
2000.0
 20
14690.0
 10
2800.0
 20
13610.0
 10
4550.0
 20
13610.0
  0
TEXT
  5
379
330
17
100
AcDbEntity
  8
03_TEXT
100
AcDbText
 10
3250.0
 20
13700.0
 30
0.0
 40
210.0
  1
ISA s12
  7
RU
100
AcDbText
  0
LWPOLYLINE
  5
37B
330
17
100
AcDbEntity
  8
03_SEAM
100
AcDbPolyline
 90
        3
 70
     1
 43
0.0
 10
500.0
 20
15520.0
 10
460.0
 20
15660.0
 10
540.0
 20
15660.0
  0
LWPOLYLINE
  5
37D
330
17
100
AcDbEntity
  8
03_SEAM
100
AcDbPolyline
 90
        2
 70
     0
 43
0.0
 10
500.0
 20
15660.0
 10
500.0
 20
16010.0
  0
LWPOLYLINE
  5
37F
330
17
100
AcDbEntity
  8
03_SEAM
100
AcDbPolyline
 90
        3
 70
     0
 43
0.0
 10
545.0
 20
16090.0
 10
500.0
 20
16010.0
 10
455.0
 20
16090.0
  0
LWPOLYLINE
  5
381
330
17
100
AcDbEntity
  8
03_SEAM
100
AcDbPolyline
 90
        3
 70
     1
 43
0.0
 10
2500.0
 20
15600.0
 10
2460.0
 20
15740.0
 10
2540.0
 20
15740.0
  0
LWPOLYLINE
  5
383
330
17
100
AcDbEntity
  8
03_SEAM
100
AcDbPolyline
 90
        2
 70
     0
 43
0.0
 10
2500.0
 20
15740.0
 10
2500.0
 20
16090.0
  0
LWPOLYLINE
  5
385
330
17
100
AcDbEntity
  8
03_SEAM
100
AcDbPolyline
 90
        3
 70
     0
 43
0.0
 10
2545.0
 20
16170.0
 10
2500.0
 20
16090.0
 10
2455.0
 20
16170.0
  0
LWPOLYLINE
  5
387
330
17
100
AcDbEntity
  8
03_SEAM
100
AcDbPolyline
 90
        3
 70
     1
 43
0.0
 10
4500.0
 20
15680.0
 10
4460.0
 20
15820.0
 10
4540.0
 20
15820.0
  0
LWPOLYLINE
  5
389
330
17
100
AcDbEntity
  8
03_SEAM
100
AcDbPolyline
 90
        2
 70
     0
 43
0.0
 10
4500.0
 20
15820.0
 10
4500.0
 20
16170.0
  0
LWPOLYLINE
  5
38B
330
17
100
AcDbEntity
  8
03_SEAM
100
AcDbPolyline
 90
        3
 70
     0
 43
0.0
 10
4545.0
 20
16250.0
 10
4500.0
 20
16170.0
 10
4455.0
 20
16250.0
  0
LWPOLYLINE
  5
38D
330
17
100
AcDbEntity
  8
03_SEAM
100
AcDbPolyline
 90
        3
 70
     1
 43
0.0
 10
6500.0
 20
15760.0
 10
6460.0
 20
15900.0
 10
6540.0
 20
15900.0
  0
LWPOLYLINE
  5
38F
330
17
100
AcDbEntity
  8
03_SEAM
100
AcDbPolyline
 90
        2
 70
     0
 43
0.0
 10
6500.0
 20
15900.0
 10
6500.0
 20
16250.0
  0
LWPOLYLINE
  5
391
330
17
100
AcDbEntity
  8
03_SEAM
100
AcDbPolyline
 90
        3
 70
     0
 43
0.0
 10
6545.0
 20
16330.0
 10
6500.0
 20
16250.0
 10
6455.0
 20
16330.0
  0
LWPOLYLINE
  5
393
330
17
100
AcDbEntity
  8
03_SEAM
100
AcDbPolyline
 90
        3
 70
     1
 43
0.0
 10
8500.0
 20
15840.0
 10
8460.0
 20
15980.0
 10
8540.0
 20
15980.0
  0
LWPOLYLINE
  5
395
330
17
100
AcDbEntity
  8
03_SEAM
100
AcDbPolyline
 90
        2
 70
     0
 43
0.0
 10
8500.0
 20
15980.0
 10
8500.0
 20
16330.0
  0
LWPOLYLINE
  5
397
330
17
100
AcDbEntity
  8
03_SEAM
100
AcDbPolyline
 90
        3
 70
     0
 43
0.0
 10
8545.0
 20
16410.0
 10
8500.0
 20
16330.0
 10
8455.0
 20
16410.0
  0
LWPOLYLINE
  5
399
330
17
100
AcDbEntity
  8
03_SEAM
100
AcDbPolyline
 90
        3
 70
     1
 43
0.0
 10
10500.0
 20
15920.0
 10
10460.0
 20
16060.0
 10
10540.0
 20
16060.0
  0
LWPOLYLINE
  5
39B
330
17
100
AcDbEntity
  8
03_SEAM
100
AcDbPolyline
 90
        2
 70
     0
 43
0.0
 10
10500.0
 20
16060.0
 10
10500.0
 20
16410.0
  0
LWPOLYLINE
  5
39D
330
17
100
AcDbEntity
  8
03_SEAM
100
AcDbPolyline
 90
        3
 70
     0
 43
0.0
 10
10545.0
 20
16490.0
 10
10500.0
 20
16410.0
 10
10455.0
 20
16490.0
  0
LWPOLYLINE
  5
39F
330
17
100
AcDbEntity
  8
03_SEAM
100
AcDbPolyline
 90
        3
 70
     1
 43
0.0
 10
12500.0
 20
16000.0
 10
12460.0
 20
16140.0
 10
12540.0
 20
16140.0
  0
LWPOLYLINE
  5
3A1
330
17
100
AcDbEntity
  8
03_SEAM
100
AcDbPolyline
 90
        2
 70
     0
 43
0.0
 10
12500.0
 20
16140.0
 10
12500.0
 20
16490.0
  0
LWPOLYLINE
  5
3A3
330
17
100
AcDbEntity
  8
03_SEAM
100
AcDbPolyline
 90
        3
 70
     0
 43
0.0
 10
12545.0
 20
16570.0
 10
12500.0
 20
16490.0
 10
12455.0
 20
16570.0
  0
LWPOLYLINE
  5
3A5
330
17
100
AcDbEntity
  8
03_SEAM
100
AcDbPolyline
 90
        3
 70
     1
 43
0.0
 10
14500.0
 20
16000.0
 10
14460.0
 20
16140.0
 10
14540.0
 20
16140.0
  0
LWPOLYLINE
  5
3A7
330
17
100
AcDbEntity
  8
03_SEAM
100
AcDbPolyline
 90
        2
 70
     0
 43
0.0
 10
14500.0
 20
16140.0
 10
14500.0
 20
16490.0
  0
LWPOLYLINE
  5
3A9
330
17
100
AcDbEntity
  8
03_SEAM
100
AcDbPolyline
 90
        3
 70
     0
 43
0.0
 10
14545.0
 20
16570.0
 10
14500.0
 20
16490.0
 10
14455.0
 20
16570.0
  0
LWPOLYLINE
  5
3AB
330
17
100
AcDbEntity
  8
03_SEAM
100
AcDbPolyline
 90
        3
 70
     1
 43
0.0
 10
16500.0
 20
15920.0
 10
16460.0
 20
16060.0
 10
16540.0
 20
16060.0
  0
LWPOLYLINE
  5
3AD
330
17
100
AcDbEntity
  8
03_SEAM
100
AcDbPolyline
 90
        2
 70
     0
 43
0.0
 10
16500.0
 20
16060.0
 10
16500.0
 20
16410.0
  0
LWPOLYLINE
  5
3AF
330
17
100
AcDbEntity
  8
03_SEAM
100
AcDbPolyline
 90
        3
 70
     0
 43
0.0
 10
16545.0
 20
16490.0
 10
16500.0
 20
16410.0
 10
16455.0
 20
16490.0
  0
LWPOLYLINE
  5
3B1
330
17
100
AcDbEntity
  8
03_SEAM
100
AcDbPolyline
 90
        3
 70
     1
 43
0.0
 10
18500.0
 20
15840.0
 10
18460.0
 20
15980.0
 10
18540.0
 20
15980.0
  0
LWPOLYLINE
  5
3B3
330
17
100
AcDbEntity
  8
03_SEAM
100
AcDbPolyline
 90
        2
 70
     0
 43
0.0
 10
18500.0
 20
15980.0
 10
18500.0
 20
16330.0
  0
LWPOLYLINE
  5
3B5
330
17
100
AcDbEntity
  8
03_SEAM
100
AcDbPolyline
 90
        3
 70
     0
 43
0.0
 10
18545.0
 20
16410.0
 10
18500.0
 20
16330.0
 10
18455.0
 20
16410.0
  0
LWPOLYLINE
  5
3B7
330
17
100
AcDbEntity
  8
03_SEAM
100
AcDbPolyline
 90
        3
 70
     1
 43
0.0
 10
20500.0
 20
15760.0
 10
20460.0
 20
15900.0
 10
20540.0
 20
15900.0
  0
LWPOLYLINE
  5
3B9
330
17
100
AcDbEntity
  8
03_SEAM
100
AcDbPolyline
 90
        2
 70
     0
 43
0.0
 10
20500.0
 20
15900.0
 10
20500.0
 20
16250.0
  0
LWPOLYLINE
  5
3BB
330
17
100
AcDbEntity
  8
03_SEAM
100
AcDbPolyline
 90
        3
 70
     0
 43
0.0
 10
20545.0
 20
16330.0
 10
20500.0
 20
16250.0
 10
20455.0
 20
16330.0
  0
LWPOLYLINE
  5
3BD
330
17
100
AcDbEntity
  8
03_SEAM
100
AcDbPolyline
 90
        3
 70
     1
 43
0.0
 10
22500.0
 20
15680.0
 10
22460.0
 20
15820.0
 10
22540.0
 20
15820.0
  0
LWPOLYLINE
  5
3BF
330
17
100
AcDbEntity
  8
03_SEAM
100
AcDbPolyline
 90
        2
 70
     0
 43
0.0
 10
22500.0
 20
15820.0
 10
22500.0
 20
16170.0
  0
LWPOLYLINE
  5
3C1
330
17
100
AcDbEntity
  8
03_SEAM
100
AcDbPolyline
 90
        3
 70
     0
 43
0.0
 10
22545.0
 20
16250.0
 10
22500.0
 20
16170.0
 10
22455.0
 20
16250.0
  0
LWPOLYLINE
  5
3C3
330
17
100
AcDbEntity
  8
03_SEAM
100
AcDbPolyline
 90
        3
 70
     1
 43
0.0
 10
24500.0
 20
15600.0
 10
24460.0
 20
15740.0
 10
24540.0
 20
15740.0
  0
LWPOLYLINE
  5
3C5
330
17
100
AcDbEntity
  8
03_SEAM
100
AcDbPolyline
 90
        2
 70
     0
 43
0.0
 10
24500.0
 20
15740.0
 10
24500.0
 20
16090.0
  0
LWPOLYLINE
  5
3C7
330
17
100
AcDbEntity
  8
03_SEAM
100
AcDbPolyline
 90
        3
 70
     0
 43
0.0
 10
24545.0
 20
16170.0
 10
24500.0
 20
16090.0
 10
24455.0
 20
16170.0
  0
LWPOLYLINE
  5
3C9
330
17
100
AcDbEntity
  8
03_SEAM
100
AcDbPolyline
 90
        3
 70
     1
 43
0.0
 10
26500.0
 20
15520.0
 10
26460.0
 20
15660.0
 10
26540.0
 20
15660.0
  0
LWPOLYLINE
  5
3CB
330
17
100
AcDbEntity
  8
03_SEAM
100
AcDbPolyline
 90
        2
 70
     0
 43
0.0
 10
26500.0
 20
15660.0
 10
26500.0
 20
16010.0
  0
LWPOLYLINE
  5
3CD
330
17
100
AcDbEntity
  8
03_SEAM
100
AcDbPolyline
 90
        3
 70
     0
 43
0.0
 10
26545.0
 20
16090.0
 10
26500.0
 20
16010.0
 10
26455.0
 20
16090.0
  0
LWPOLYLINE
  5
3CF
330
17
100
AcDbEntity
  8
03_SEAM
100
AcDbPolyline
 90
        3
 70
     1
 43
0.0
 10
2000.0
 20
1800.0
 10
1960.0
 20
1940.0
 10
2040.0
 20
1940.0
  0
LWPOLYLINE
  5
3D1
330
17
100
AcDbEntity
  8
03_SEAM
100
AcDbPolyline
 90
        2
 70
     0
 43
0.0
 10
2000.0
 20
1940.0
 10
2000.0
 20
2290.0
  0
LWPOLYLINE
  5
3D3
330
17
100
AcDbEntity
  8
03_SEAM
100
AcDbPolyline
 90
        3
 70
     0
 43
0.0
 10
2045.0
 20
2370.0
 10
2000.0
 20
2290.0
 10
1955.0
 20
2370.0
  0
LWPOLYLINE
  5
3D5
330
17
100
AcDbEntity
  8
03_SEAM
100
AcDbPolyline
 90
        3
 70
     1
 43
0.0
 10
4000.0
 20
1800.0
 10
3960.0
 20
1940.0
 10
4040.0
 20
1940.0
  0
LWPOLYLINE
  5
3D7
330
17
100
AcDbEntity
  8
03_SEAM
100
AcDbPolyline
 90
        2
 70
     0
 43
0.0
 10
4000.0
 20
1940.0
 10
4000.0
 20
2290.0
  0
LWPOLYLINE
  5
3D9
330
17
100
AcDbEntity
  8
03_SEAM
100
AcDbPolyline
 90
        3
 70
     0
 43
0.0
 10
4045.0
 20
2370.0
 10
4000.0
 20
2290.0
 10
3955.0
 20
2370.0
  0
LWPOLYLINE
  5
3DB
330
17
100
AcDbEntity
  8
03_SEAM
100
AcDbPolyline
 90
        3
 70
     1
 43
0.0
 10
6000.0
 20
1800.0
 10
5960.0
 20
1940.0
 10
6040.0
 20
1940.0
  0
LWPOLYLINE
  5
3DD
330
17
100
AcDbEntity
  8
03_SEAM
100
AcDbPolyline
 90
        2
 70
     0
 43
0.0
 10
6000.0
 20
1940.0
 10
6000.0
 20
2290.0
  0
LWPOLYLINE
  5
3DF
330
17
100
AcDbEntity
  8
03_SEAM
100
AcDbPolyline
 90
        3
 70
     0
 43
0.0
 10
6045.0
 20
2370.0
 10
6000.0
 20
2290.0
 10
5955.0
 20
2370.0
  0
LWPOLYLINE
  5
3E1
330
17
100
AcDbEntity
  8
03_SEAM
100
AcDbPolyline
 90
        3
 70
     1
 43
0.0
 10
8000.0
 20
1800.0
 10
7960.0
 20
1940.0
 10
8040.0
 20
1940.0
  0
LWPOLYLINE
  5
3E3
330
17
100
AcDbEntity
  8
03_SEAM
100
AcDbPolyline
 90
        2
 70
     0
 43
0.0
 10
8000.0
 20
1940.0
 10
8000.0
 20
2290.0
  0
LWPOLYLINE
  5
3E5
330
17
100
AcDbEntity
  8
03_SEAM
100
AcDbPolyline
 90
        3
 70
     0
 43
0.0
 10
8045.0
 20
2370.0
 10
8000.0
 20
2290.0
 10
7955.0
 20
2370.0
  0
LWPOLYLINE
  5
3E7
330
17
100
AcDbEntity
  8
03_SEAM
100
AcDbPolyline
 90
        3
 70
     1
 43
0.0
 10
10000.0
 20
1800.0
 10
9960.0
 20
1940.0
 10
10040.0
 20
1940.0
  0
LWPOLYLINE
  5
3E9
330
17
100
AcDbEntity
  8
03_SEAM
100
AcDbPolyline
 90
        2
 70
     0
 43
0.0
 10
10000.0
 20
1940.0
 10
10000.0
 20
2290.0
  0
LWPOLYLINE
  5
3EB
330
17
100
AcDbEntity
  8
03_SEAM
100
AcDbPolyline
 90
        3
 70
     0
 43
0.0
 10
10045.0
 20
2370.0
 10
10000.0
 20
2290.0
 10
9955.0
 20
2370.0
  0
LWPOLYLINE
  5
3ED
330
17
100
AcDbEntity
  8
03_SEAM
100
AcDbPolyline
 90
        3
 70
     1
 43
0.0
 10
12000.0
 20
1800.0
 10
11960.0
 20
1940.0
 10
12040.0
 20
1940.0
  0
LWPOLYLINE
  5
3EF
330
17
100
AcDbEntity
  8
03_SEAM
100
AcDbPolyline
 90
        2
 70
     0
 43
0.0
 10
12000.0
 20
1940.0
 10
12000.0
 20
2290.0
  0
LWPOLYLINE
  5
3F1
330
17
100
AcDbEntity
  8
03_SEAM
100
AcDbPolyline
 90
        3
 70
     0
 43
0.0
 10
12045.0
 20
2370.0
 10
12000.0
 20
2290.0
 10
11955.0
 20
2370.0
  0
LWPOLYLINE
  5
3F3
330
17
100
AcDbEntity
  8
03_SEAM
100
AcDbPolyline
 90
        3
 70
     1
 43
0.0
 10
15000.0
 20
1800.0
 10
14960.0
 20
1940.0
 10
15040.0
 20
1940.0
  0
LWPOLYLINE
  5
3F5
330
17
100
AcDbEntity
  8
03_SEAM
100
AcDbPolyline
 90
        2
 70
     0
 43
0.0
 10
15000.0
 20
1940.0
 10
15000.0
 20
2290.0
  0
LWPOLYLINE
  5
3F7
330
17
100
AcDbEntity
  8
03_SEAM
100
AcDbPolyline
 90
        3
 70
     0
 43
0.0
 10
15045.0
 20
2370.0
 10
15000.0
 20
2290.0
 10
14955.0
 20
2370.0
  0
LWPOLYLINE
  5
3F9
330
17
100
AcDbEntity
  8
03_SEAM
100
AcDbPolyline
 90
        3
 70
     1
 43
0.0
 10
17000.0
 20
1800.0
 10
16960.0
 20
1940.0
 10
17040.0
 20
1940.0
  0
LWPOLYLINE
  5
3FB
330
17
100
AcDbEntity
  8
03_SEAM
100
AcDbPolyline
 90
        2
 70
     0
 43
0.0
 10
17000.0
 20
1940.0
 10
17000.0
 20
2290.0
  0
LWPOLYLINE
  5
3FD
330
17
100
AcDbEntity
  8
03_SEAM
100
AcDbPolyline
 90
        3
 70
     0
 43
0.0
 10
17045.0
 20
2370.0
 10
17000.0
 20
2290.0
 10
16955.0
 20
2370.0
  0
LWPOLYLINE
  5
3FF
330
17
100
AcDbEntity
  8
03_SEAM
100
AcDbPolyline
 90
        3
 70
     1
 43
0.0
 10
19000.0
 20
1800.0
 10
18960.0
 20
1940.0
 10
19040.0
 20
1940.0
  0
LWPOLYLINE
  5
401
330
17
100
AcDbEntity
  8
03_SEAM
100
AcDbPolyline
 90
        2
 70
     0
 43
0.0
 10
19000.0
 20
1940.0
 10
19000.0
 20
2290.0
  0
LWPOLYLINE
  5
403
330
17
100
AcDbEntity
  8
03_SEAM
100
AcDbPolyline
 90
        3
 70
     0
 43
0.0
 10
19045.0
 20
2370.0
 10
19000.0
 20
2290.0
 10
18955.0
 20
2370.0
  0
LWPOLYLINE
  5
405
330
17
100
AcDbEntity
  8
03_SEAM
100
AcDbPolyline
 90
        3
 70
     1
 43
0.0
 10
21000.0
 20
1800.0
 10
20960.0
 20
1940.0
 10
21040.0
 20
1940.0
  0
LWPOLYLINE
  5
407
330
17
100
AcDbEntity
  8
03_SEAM
100
AcDbPolyline
 90
        2
 70
     0
 43
0.0
 10
21000.0
 20
1940.0
 10
21000.0
 20
2290.0
  0
LWPOLYLINE
  5
409
330
17
100
AcDbEntity
  8
03_SEAM
100
AcDbPolyline
 90
        3
 70
     0
 43
0.0
 10
21045.0
 20
2370.0
 10
21000.0
 20
2290.0
 10
20955.0
 20
2370.0
  0
LWPOLYLINE
  5
40B
330
17
100
AcDbEntity
  8
03_SEAM
100
AcDbPolyline
 90
        3
 70
     1
 43
0.0
 10
23000.0
 20
1800.0
 10
22960.0
 20
1940.0
 10
23040.0
 20
1940.0
  0
LWPOLYLINE
  5
40D
330
17
100
AcDbEntity
  8
03_SEAM
100
AcDbPolyline
 90
        2
 70
     0
 43
0.0
 10
23000.0
 20
1940.0
 10
23000.0
 20
2290.0
  0
LWPOLYLINE
  5
40F
330
17
100
AcDbEntity
  8
03_SEAM
100
AcDbPolyline
 90
        3
 70
     0
 43
0.0
 10
23045.0
 20
2370.0
 10
23000.0
 20
2290.0
 10
22955.0
 20
2370.0
  0
LWPOLYLINE
  5
411
330
17
100
AcDbEntity
  8
03_SEAM
100
AcDbPolyline
 90
        3
 70
     1
 43
0.0
 10
25000.0
 20
1800.0
 10
24960.0
 20
1940.0
 10
25040.0
 20
1940.0
  0
LWPOLYLINE
  5
413
330
17
100
AcDbEntity
  8
03_SEAM
100
AcDbPolyline
 90
        2
 70
     0
 43
0.0
 10
25000.0
 20
1940.0
 10
25000.0
 20
2290.0
  0
LWPOLYLINE
  5
415
330
17
100
AcDbEntity
  8
03_SEAM
100
AcDbPolyline
 90
        3
 70
     0
 43
0.0
 10
25045.0
 20
2370.0
 10
25000.0
 20
2290.0
 10
24955.0
 20
2370.0
  0
LWPOLYLINE
  5
417
330
17
100
AcDbEntity
  8
03_SEAM
100
AcDbPolyline
 90
        3
 70
     0
 43
0.0
 10
7000.0
 20
15780.0
 10
8500.0
 20
17000.0
 10
9800.0
 20
17000.0
  0
TEXT
  5
419
330
17
100
AcDbEntity
  8
03_TEXT
100
AcDbText
 10
8500.0
 20
17090.0
 30
0.0
 40
210.0
  1
DK s12
  7
RU
100
AcDbText
  0
LWPOLYLINE
  5
41B
330
17
100
AcDbEntity
  8
03_SEAM
100
AcDbPolyline
 90
        3
 70
     0
 43
0.0
 10
7000.0
 20
1800.0
 10
6500.0
 20
3500.0
 10
7800.0
 20
3500.0
  0
TEXT
  5
41D
330
17
100
AcDbEntity
  8
03_TEXT
100
AcDbText
 10
6500.0
 20
3590.0
 30
0.0
 40
210.0
  1
IB s15
  7
RU
100
AcDbText
  0
LWPOLYLINE
  5
41F
330
17
100
AcDbEntity
  8
03_SEAM
100
AcDbPolyline
 90
        3
 70
     0
 43
0.0
 10
1800.0
 20
1800.0
 10
4200.0
 20
2400.0
 10
5500.0
 20
2400.0
  0
TEXT
  5
421
330
17
100
AcDbEntity
  8
03_TEXT
100
AcDbText
 10
4200.0
 20
2490.0
 30
0.0
 40
210.0
  1
IM s15
  7
RU
100
AcDbText
  0
LWPOLYLINE
  5
423
330
17
100
AcDbEntity
  8
03_SEAM
100
AcDbPolyline
 90
        3
 70
     0
 43
0.0
 10
7500.0
 20
900.0
 10
6000.0
 20
4400.0
 10
7300.0
 20
4400.0
  0
TEXT
  5
425
330
17
100
AcDbEntity
  8
03_TEXT
100
AcDbText
 10
6000.0
 20
4490.0
 30
0.0
 40
210.0
  1
Флор s13
  7
RU
100
AcDbText
  0
LWPOLYLINE
  5
427
330
17
100
AcDbEntity
  8
03_SEAM
100
AcDbPolyline
 90
        3
 70
     0
 43
0.0
 10
13500.0
 20
900.0
 10
14500.0
 20
3100.0
 10
15800.0
 20
3100.0
  0
TEXT
  5
429
330
17
100
AcDbEntity
  8
03_TEXT
100
AcDbText
 10
14500.0
 20
3190.0
 30
0.0
 40
210.0
  1
ВК s17
  7
RU
100
AcDbText
  0
LWPOLYLINE
  5
42B
330
17
100
AcDbEntity
  8
03_SEAM
100
AcDbPolyline
 90
        3
 70
     0
 43
0.0
 10
25000.0
 20
900.0
 10
22000.0
 20
2700.0
 10
23300.0
 20
2700.0
  0
TEXT
  5
42D
330
17
100
AcDbEntity
  8
03_TEXT
100
AcDbText
 10
22000.0
 20
2790.0
 30
0.0
 40
210.0
  1
Стрингер s17
  7
RU
100
AcDbText
  0
LWPOLYLINE
  5
42F
330
17
100
AcDbEntity
  8
03_SEAM
100
AcDbPolyline
 90
        3
 70
     0
 43
0.0
 10
17333.33333333333
 20
0.0
 10
17733.33333333333
 20
-1400.0
 10
19033.33333333334
 20
-1400.0
  0
TEXT
  5
431
330
17
100
AcDbEntity
  8
03_TEXT
100
AcDbText
 10
17733.33333333333
 20
-1310.0
 30
0.0
 40
210.0
  1
B-L HP 280x12
  7
RU
100
AcDbText
  0
LWPOLYLINE
  5
433
330
17
100
AcDbEntity
  8
03_SEAM
100
AcDbPolyline
 90
        3
 70
     0
 43
0.0
 10
17333.33333333333
 20
1800.0
 10
17733.33333333333
 20
2700.0
 10
19033.33333333334
 20
2700.0
  0
TEXT
  5
435
330
17
100
AcDbEntity
  8
03_TEXT
100
AcDbText
 10
17733.33333333333
 20
2790.0
 30
0.0
 40
210.0
  1
IB-L HP 260x12
  7
RU
100
AcDbText
  0
LINE
  5
437
330
17
100
AcDbEntity
  8
03_CENTER
100
AcDbLine
 10
13500.0
 20
-3300.0
 30
0.0
 11
13500.0
 21
-2890.0
 31
0.0
  0
LINE
  5
439
330
17
100
AcDbEntity
  8
03_CENTER
100
AcDbLine
 10
13500.0
 20
-2650.0
 30
0.0
 11
13500.0
 21
-2240.0
 31
0.0
  0
LINE
  5
43B
330
17
100
AcDbEntity
  8
03_CENTER
100
AcDbLine
 10
13500.0
 20
-2000.0
 30
0.0
 11
13500.0
 21
-1590.0
 31
0.0
  0
LINE
  5
43D
330
17
100
AcDbEntity
  8
03_CENTER
100
AcDbLine
 10
13500.0
 20
-1350.0
 30
0.0
 11
13500.0
 21
-940.0
 31
0.0
  0
LINE
  5
43F
330
17
100
AcDbEntity
  8
03_CENTER
100
AcDbLine
 10
13500.0
 20
-700.0
 30
0.0
 11
13500.0
 21
-290.0
 31
0.0
  0
LINE
  5
441
330
17
100
AcDbEntity
  8
03_CENTER
100
AcDbLine
 10
13500.0
 20
-50.0
 30
0.0
 11
13500.0
 21
360.0
 31
0.0
  0
LINE
  5
443
330
17
100
AcDbEntity
  8
03_CENTER
100
AcDbLine
 10
13500.0
 20
600.0
 30
0.0
 11
13500.0
 21
1010.0
 31
0.0
  0
LINE
  5
445
330
17
100
AcDbEntity
  8
03_CENTER
100
AcDbLine
 10
13500.0
 20
1250.0
 30
0.0
 11
13500.0
 21
1660.0
 31
0.0
  0
LINE
  5
447
330
17
100
AcDbEntity
  8
03_CENTER
100
AcDbLine
 10
13500.0
 20
1900.0
 30
0.0
 11
13500.0
 21
2310.0
 31
0.0
  0
LINE
  5
449
330
17
100
AcDbEntity
  8
03_CENTER
100
AcDbLine
 10
13500.0
 20
2550.0
 30
0.0
 11
13500.0
 21
2960.0
 31
0.0
  0
LINE
  5
44B
330
17
100
AcDbEntity
  8
03_CENTER
100
AcDbLine
 10
13500.0
 20
3200.0
 30
0.0
 11
13500.0
 21
3610.0
 31
0.0
  0
LINE
  5
44D
330
17
100
AcDbEntity
  8
03_CENTER
100
AcDbLine
 10
13500.0
 20
3850.0
 30
0.0
 11
13500.0
 21
4260.0
 31
0.0
  0
LINE
  5
44F
330
17
100
AcDbEntity
  8
03_CENTER
100
AcDbLine
 10
13500.0
 20
4500.0
 30
0.0
 11
13500.0
 21
4910.0
 31
0.0
  0
LINE
  5
451
330
17
100
AcDbEntity
  8
03_CENTER
100
AcDbLine
 10
13500.0
 20
5150.0
 30
0.0
 11
13500.0
 21
5560.0
 31
0.0
  0
LINE
  5
453
330
17
100
AcDbEntity
  8
03_CENTER
100
AcDbLine
 10
13500.0
 20
5800.0
 30
0.0
 11
13500.0
 21
6210.0
 31
0.0
  0
LINE
  5
455
330
17
100
AcDbEntity
  8
03_CENTER
100
AcDbLine
 10
13500.0
 20
6450.0
 30
0.0
 11
13500.0
 21
6860.0
 31
0.0
  0
LINE
  5
457
330
17
100
AcDbEntity
  8
03_CENTER
100
AcDbLine
 10
13500.0
 20
7100.0
 30
0.0
 11
13500.0
 21
7510.0
 31
0.0
  0
LINE
  5
459
330
17
100
AcDbEntity
  8
03_CENTER
100
AcDbLine
 10
13500.0
 20
7750.0
 30
0.0
 11
13500.0
 21
8160.0
 31
0.0
  0
LINE
  5
45B
330
17
100
AcDbEntity
  8
03_CENTER
100
AcDbLine
 10
13500.0
 20
8400.0
 30
0.0
 11
13500.0
 21
8810.0
 31
0.0
  0
LINE
  5
45D
330
17
100
AcDbEntity
  8
03_CENTER
100
AcDbLine
 10
13500.0
 20
9050.0
 30
0.0
 11
13500.0
 21
9460.0
 31
0.0
  0
LINE
  5
45F
330
17
100
AcDbEntity
  8
03_CENTER
100
AcDbLine
 10
13500.0
 20
9700.0
 30
0.0
 11
13500.0
 21
10110.0
 31
0.0
  0
LINE
  5
461
330
17
100
AcDbEntity
  8
03_CENTER
100
AcDbLine
 10
13500.0
 20
10350.0
 30
0.0
 11
13500.0
 21
10760.0
 31
0.0
  0
LINE
  5
463
330
17
100
AcDbEntity
  8
03_CENTER
100
AcDbLine
 10
13500.0
 20
11000.0
 30
0.0
 11
13500.0
 21
11410.0
 31
0.0
  0
LINE
  5
465
330
17
100
AcDbEntity
  8
03_CENTER
100
AcDbLine
 10
13500.0
 20
11650.0
 30
0.0
 11
13500.0
 21
12060.0
 31
0.0
  0
LINE
  5
467
330
17
100
AcDbEntity
  8
03_CENTER
100
AcDbLine
 10
13500.0
 20
12300.0
 30
0.0
 11
13500.0
 21
12710.0
 31
0.0
  0
LINE
  5
469
330
17
100
AcDbEntity
  8
03_CENTER
100
AcDbLine
 10
13500.0
 20
12950.0
 30
0.0
 11
13500.0
 21
13360.0
 31
0.0
  0
LINE
  5
46B
330
17
100
AcDbEntity
  8
03_CENTER
100
AcDbLine
 10
13500.0
 20
13600.0
 30
0.0
 11
13500.0
 21
14010.0
 31
0.0
  0
LINE
  5
46D
330
17
100
AcDbEntity
  8
03_CENTER
100
AcDbLine
 10
13500.0
 20
14250.0
 30
0.0
 11
13500.0
 21
14660.0
 31
0.0
  0
LINE
  5
46F
330
17
100
AcDbEntity
  8
03_CENTER
100
AcDbLine
 10
13500.0
 20
14900.0
 30
0.0
 11
13500.0
 21
15310.0
 31
0.0
  0
LINE
  5
471
330
17
100
AcDbEntity
  8
03_CENTER
100
AcDbLine
 10
13500.0
 20
15550.0
 30
0.0
 11
13500.0
 21
15960.0
 31
0.0
  0
LINE
  5
473
330
17
100
AcDbEntity
  8
03_CENTER
100
AcDbLine
 10
13500.0
 20
16200.0
 30
0.0
 11
13500.0
 21
16610.0
 31
0.0
  0
LINE
  5
475
330
17
100
AcDbEntity
  8
03_CENTER
100
AcDbLine
 10
13500.0
 20
16850.0
 30
0.0
 11
13500.0
 21
17260.0
 31
0.0
  0
LINE
  5
477
330
17
100
AcDbEntity
  8
03_CENTER
100
AcDbLine
 10
13500.0
 20
17500.0
 30
0.0
 11
13500.0
 21
17910.0
 31
0.0
  0
TEXT
  5
479
330
17
100
AcDbEntity
  8
03_TEXT
100
AcDbText
 10
13680.0
 20
17900.0
 30
0.0
 40
250.0
  1
ДП
  7
RU
100
AcDbText
  0
LINE
  5
47B
330
17
100
AcDbEntity
  8
03_CENTER
100
AcDbLine
 10
-5500.0
 20
9400.0
 30
0.0
 11
-4940.0
 21
9400.0
 31
0.0
  0
LINE
  5
47D
330
17
100
AcDbEntity
  8
03_CENTER
100
AcDbLine
 10
-4650.0
 20
9400.0
 30
0.0
 11
-4090.0
 21
9400.0
 31
0.0
  0
LINE
  5
47F
330
17
100
AcDbEntity
  8
03_CENTER
100
AcDbLine
 10
-3800.0
 20
9400.0
 30
0.0
 11
-3240.0
 21
9400.0
 31
0.0
  0
LINE
  5
481
330
17
100
AcDbEntity
  8
03_CENTER
100
AcDbLine
 10
-2950.0
 20
9400.0
 30
0.0
 11
-2390.0
 21
9400.0
 31
0.0
  0
LINE
  5
483
330
17
100
AcDbEntity
  8
03_CENTER
100
AcDbLine
 10
-2100.0
 20
9400.0
 30
0.0
 11
-1540.0
 21
9400.0
 31
0.0
  0
LINE
  5
485
330
17
100
AcDbEntity
  8
03_CENTER
100
AcDbLine
 10
-1250.0
 20
9400.0
 30
0.0
 11
-690.0
 21
9400.0
 31
0.0
  0
LINE
  5
487
330
17
100
AcDbEntity
  8
03_CENTER
100
AcDbLine
 10
-400.0
 20
9400.0
 30
0.0
 11
160.0
 21
9400.0
 31
0.0
  0
LINE
  5
489
330
17
100
AcDbEntity
  8
03_CENTER
100
AcDbLine
 10
450.0
 20
9400.0
 30
0.0
 11
1010.0
 21
9400.0
 31
0.0
  0
LINE
  5
48B
330
17
100
AcDbEntity
  8
03_CENTER
100
AcDbLine
 10
1300.0
 20
9400.0
 30
0.0
 11
1860.0
 21
9400.0
 31
0.0
  0
LINE
  5
48D
330
17
100
AcDbEntity
  8
03_CENTER
100
AcDbLine
 10
2150.0
 20
9400.0
 30
0.0
 11
2710.0
 21
9400.0
 31
0.0
  0
LINE
  5
48F
330
17
100
AcDbEntity
  8
03_CENTER
100
AcDbLine
 10
3000.0
 20
9400.0
 30
0.0
 11
3560.0
 21
9400.0
 31
0.0
  0
LINE
  5
491
330
17
100
AcDbEntity
  8
03_CENTER
100
AcDbLine
 10
3850.0
 20
9400.0
 30
0.0
 11
4410.0
 21
9400.0
 31
0.0
  0
LINE
  5
493
330
17
100
AcDbEntity
  8
03_CENTER
100
AcDbLine
 10
4700.0
 20
9400.0
 30
0.0
 11
5260.0
 21
9400.0
 31
0.0
  0
LINE
  5
495
330
17
100
AcDbEntity
  8
03_CENTER
100
AcDbLine
 10
5550.0
 20
9400.0
 30
0.0
 11
6110.0
 21
9400.0
 31
0.0
  0
LINE
  5
497
330
17
100
AcDbEntity
  8
03_CENTER
100
AcDbLine
 10
6400.0
 20
9400.0
 30
0.0
 11
6960.0
 21
9400.0
 31
0.0
  0
LINE
  5
499
330
17
100
AcDbEntity
  8
03_CENTER
100
AcDbLine
 10
7250.0
 20
9400.0
 30
0.0
 11
7810.0
 21
9400.0
 31
0.0
  0
LINE
  5
49B
330
17
100
AcDbEntity
  8
03_CENTER
100
AcDbLine
 10
8100.0
 20
9400.0
 30
0.0
 11
8660.0
 21
9400.0
 31
0.0
  0
LINE
  5
49D
330
17
100
AcDbEntity
  8
03_CENTER
100
AcDbLine
 10
8950.0
 20
9400.0
 30
0.0
 11
9510.0
 21
9400.0
 31
0.0
  0
LINE
  5
49F
330
17
100
AcDbEntity
  8
03_CENTER
100
AcDbLine
 10
9800.0
 20
9400.0
 30
0.0
 11
10360.0
 21
9400.0
 31
0.0
  0
LINE
  5
4A1
330
17
100
AcDbEntity
  8
03_CENTER
100
AcDbLine
 10
10650.0
 20
9400.0
 30
0.0
 11
11210.0
 21
9400.0
 31
0.0
  0
LINE
  5
4A3
330
17
100
AcDbEntity
  8
03_CENTER
100
AcDbLine
 10
11500.0
 20
9400.0
 30
0.0
 11
12060.0
 21
9400.0
 31
0.0
  0
LINE
  5
4A5
330
17
100
AcDbEntity
  8
03_CENTER
100
AcDbLine
 10
12350.0
 20
9400.0
 30
0.0
 11
12910.0
 21
9400.0
 31
0.0
  0
LINE
  5
4A7
330
17
100
AcDbEntity
  8
03_CENTER
100
AcDbLine
 10
13200.0
 20
9400.0
 30
0.0
 11
13760.0
 21
9400.0
 31
0.0
  0
LINE
  5
4A9
330
17
100
AcDbEntity
  8
03_CENTER
100
AcDbLine
 10
14050.0
 20
9400.0
 30
0.0
 11
14610.0
 21
9400.0
 31
0.0
  0
LINE
  5
4AB
330
17
100
AcDbEntity
  8
03_CENTER
100
AcDbLine
 10
14900.0
 20
9400.0
 30
0.0
 11
15460.0
 21
9400.0
 31
0.0
  0
LINE
  5
4AD
330
17
100
AcDbEntity
  8
03_CENTER
100
AcDbLine
 10
15750.0
 20
9400.0
 30
0.0
 11
16310.0
 21
9400.0
 31
0.0
  0
LINE
  5
4AF
330
17
100
AcDbEntity
  8
03_CENTER
100
AcDbLine
 10
16600.0
 20
9400.0
 30
0.0
 11
17160.0
 21
9400.0
 31
0.0
  0
LINE
  5
4B1
330
17
100
AcDbEntity
  8
03_CENTER
100
AcDbLine
 10
17450.0
 20
9400.0
 30
0.0
 11
18010.0
 21
9400.0
 31
0.0
  0
LINE
  5
4B3
330
17
100
AcDbEntity
  8
03_CENTER
100
AcDbLine
 10
18300.0
 20
9400.0
 30
0.0
 11
18860.0
 21
9400.0
 31
0.0
  0
LINE
  5
4B5
330
17
100
AcDbEntity
  8
03_CENTER
100
AcDbLine
 10
19150.0
 20
9400.0
 30
0.0
 11
19710.0
 21
9400.0
 31
0.0
  0
LINE
  5
4B7
330
17
100
AcDbEntity
  8
03_CENTER
100
AcDbLine
 10
20000.0
 20
9400.0
 30
0.0
 11
20560.0
 21
9400.0
 31
0.0
  0
LINE
  5
4B9
330
17
100
AcDbEntity
  8
03_CENTER
100
AcDbLine
 10
20850.0
 20
9400.0
 30
0.0
 11
21410.0
 21
9400.0
 31
0.0
  0
LINE
  5
4BB
330
17
100
AcDbEntity
  8
03_CENTER
100
AcDbLine
 10
21700.0
 20
9400.0
 30
0.0
 11
22260.0
 21
9400.0
 31
0.0
  0
LINE
  5
4BD
330
17
100
AcDbEntity
  8
03_CENTER
100
AcDbLine
 10
22550.0
 20
9400.0
 30
0.0
 11
23110.0
 21
9400.0
 31
0.0
  0
LINE
  5
4BF
330
17
100
AcDbEntity
  8
03_CENTER
100
AcDbLine
 10
23400.0
 20
9400.0
 30
0.0
 11
23960.0
 21
9400.0
 31
0.0
  0
LINE
  5
4C1
330
17
100
AcDbEntity
  8
03_CENTER
100
AcDbLine
 10
24250.0
 20
9400.0
 30
0.0
 11
24810.0
 21
9400.0
 31
0.0
  0
LINE
  5
4C3
330
17
100
AcDbEntity
  8
03_CENTER
100
AcDbLine
 10
25100.0
 20
9400.0
 30
0.0
 11
25660.0
 21
9400.0
 31
0.0
  0
LINE
  5
4C5
330
17
100
AcDbEntity
  8
03_CENTER
100
AcDbLine
 10
25950.0
 20
9400.0
 30
0.0
 11
26510.0
 21
9400.0
 31
0.0
  0
LINE
  5
4C7
330
17
100
AcDbEntity
  8
03_CENTER
100
AcDbLine
 10
26800.0
 20
9400.0
 30
0.0
 11
27360.0
 21
9400.0
 31
0.0
  0
LINE
  5
4C9
330
17
100
AcDbEntity
  8
03_CENTER
100
AcDbLine
 10
27650.0
 20
9400.0
 30
0.0
 11
28210.0
 21
9400.0
 31
0.0
  0
LINE
  5
4CB
330
17
100
AcDbEntity
  8
03_CENTER
100
AcDbLine
 10
28500.0
 20
9400.0
 30
0.0
 11
29060.0
 21
9400.0
 31
0.0
  0
LINE
  5
4CD
330
17
100
AcDbEntity
  8
03_CENTER
100
AcDbLine
 10
29350.0
 20
9400.0
 30
0.0
 11
29910.0
 21
9400.0
 31
0.0
  0
LINE
  5
4CF
330
17
100
AcDbEntity
  8
03_CENTER
100
AcDbLine
 10
30200.0
 20
9400.0
 30
0.0
 11
30760.0
 21
9400.0
 31
0.0
  0
TEXT
  5
4D1
330
17
100
AcDbEntity
  8
03_TEXT
100
AcDbText
 10
27180.0
 20
9550.0
 30
0.0
 40
220.0
  1
КВЛ
  7
RU
100
AcDbText
  0
TEXT
  5
633
330
17
100
AcDbEntity
  8
03_TEXT
100
AcDbText
 10
5000.0
 20
18500.0
 30
0.0
 40
420.0
  1
КОНСТРУКТИВНЫЙ МИДЕЛЬ-ШПАНГОУТ
  7
RU
100
AcDbText
  0
TEXT
  5
635
330
17
100
AcDbEntity
  8
03_TEXT
100
AcDbText
 10
5500.0
 20
5700.0
 30
0.0
 40
260.0
  1
Сечение по сплошному флору
  7
RU
100
AcDbText
  0
TEXT
  5
637
330
17
100
AcDbEntity
  8
03_TEXT
100
AcDbText
 10
16000.0
 20
5700.0
 30
0.0
 40
260.0
  1
Сечение между флорами
  7
RU
100
AcDbText
  0
LINE
  5
639
330
17
100
AcDbEntity
  8
03_CONTOUR
100
AcDbLine
 10
-2000.0
 20
-17000.0
 30
0.0
 11
300.0
 21
-17000.0
 31
0.0
  0
LINE
  5
63B
330
17
100
AcDbEntity
  8
03_CONTOUR
100
AcDbLine
 10
-2000.0
 20
-15200.0
 30
0.0
 11
300.0
 21
-15200.0
 31
0.0
  0
LINE
  5
63D
330
17
100
AcDbEntity
  8
03_MEMBER
100
AcDbLine
 10
-2000.0
 20
-17000.0
 30
0.0
 11
-2000.0
 21
-15200.0
 31
0.0
  0
LINE
  5
63F
330
17
100
AcDbEntity
  8
03_MEMBER
100
AcDbLine
 10
-1233.333333333333
 20
-17000.0
 30
0.0
 11
-1233.333333333333
 21
-15200.0
 31
0.0
  0
LINE
  5
641
330
17
100
AcDbEntity
  8
03_MEMBER
100
AcDbLine
 10
-466.6666666666665
 20
-17000.0
 30
0.0
 11
-466.6666666666665
 21
-15200.0
 31
0.0
  0
LINE
  5
643
330
17
100
AcDbEntity
  8
03_MEMBER
100
AcDbLine
 10
300.0
 20
-17000.0
 30
0.0
 11
300.0
 21
-15200.0
 31
0.0
  0
LINE
  5
645
330
17
100
AcDbEntity
  8
03_MEMBER
100
AcDbLine
 10
-925.0
 20
-16325.0
 30
0.0
 11
-775.0
 21
-16325.0
 31
0.0
  0
LINE
  5
647
330
17
100
AcDbEntity
  8
03_MEMBER
100
AcDbLine
 10
-925.0
 20
-15875.0
 30
0.0
 11
-775.0
 21
-15875.0
 31
0.0
  0
ARC
  5
649
330
17
100
AcDbEntity
  8
03_MEMBER
100
AcDbCircle
 10
-925.0
 20
-16100.0
 30
0.0
 40
225.0
100
AcDbArc
 50
90.0
 51
270.0
  0
ARC
  5
64B
330
17
100
AcDbEntity
  8
03_MEMBER
100
AcDbCircle
 10
-775.0
 20
-16100.0
 30
0.0
 40
225.0
100
AcDbArc
 50
270.0
 51
90.0
  0
LINE
  5
64D
330
17
100
AcDbEntity
  8
03_CENTER
100
AcDbLine
 10
-1250.0
 20
-16100.0
 30
0.0
 11
-450.0
 21
-16100.0
 31
0.0
  0
LINE
  5
64F
330
17
100
AcDbEntity
  8
03_CENTER
100
AcDbLine
 10
-850.0
 20
-16500.0
 30
0.0
 11
-850.0
 21
-15700.0
 31
0.0
  0
TEXT
  5
6B1
330
17
100
AcDbEntity
  8
03_TEXT
100
AcDbText
 10
-2000.0
 20
-14700.0
 30
0.0
 40
80.0
  1
А. Флор и проход
  7
RU
100
AcDbText
  0
LINE
  5
6EB
330
17
100
AcDbEntity
  8
03_0
100
AcDbLine
 10
0.0
 20
-77.99999999999997
 30
0.0
 11
0.0
 21
-3530.0
 31
0.0
  0
LINE
  5
6EC
330
17
100
AcDbEntity
  8
03_0
100
AcDbLine
 10
27000.0
 20
-77.99999999999997
 30
0.0
 11
27000.0
 21
-3530.0
 31
0.0
  0
INSERT
  5
6ED
330
17
100
AcDbEntity
  8
03_0
100
AcDbBlockReference
  2
_CLOSEDFILLED
 10
0.0
 20
-3400.0
 30
0.0
 41
130.0
 42
130.0
 50
180.0
  0
INSERT
  5
6EF
330
17
100
AcDbEntity
  8
03_0
100
AcDbBlockReference
  2
_CLOSEDFILLED
 10
27000.0
 20
-3400.0
 30
0.0
 41
130.0
 42
130.0
  0
LINE
  5
6F1
330
17
100
AcDbEntity
  8
03_0
100
AcDbLine
 10
130.0
 20
-3400.0
 30
0.0
 11
13045.0
 21
-3400.0
 31
0.0
  0
LINE
  5
6F2
330
17
100
AcDbEntity
  8
03_0
100
AcDbLine
 10
13955.0
 20
-3400.0
 30
0.0
 11
26870.0
 21
-3400.0
 31
0.0
  0
POINT
  5
6F4
330
17
100
AcDbEntity
  8
03_Defpoints
100
AcDbPoint
 10
0.0
 20
-3400.0
 30
0.0
  0
POINT
  5
6F5
330
17
100
AcDbEntity
  8
03_Defpoints
100
AcDbPoint
 10
0.0
 20
0.0
 30
0.0
  0
POINT
  5
6F6
330
17
100
AcDbEntity
  8
03_Defpoints
100
AcDbPoint
 10
27000.0
 20
0.0
 30
0.0
  0
LINE
  5
6F7
330
17
100
AcDbEntity
  8
03_0
100
AcDbLine
 10
-77.99999999999998
 20
0.0
 30
0.0
 11
-2130.0
 21
0.0
 31
0.0
  0
LINE
  5
6F8
330
17
100
AcDbEntity
  8
03_0
100
AcDbLine
 10
-77.99999999999998
 20
1800.0
 30
0.0
 11
-2130.0
 21
1800.0
 31
0.0
  0
INSERT
  5
6F9
330
17
100
AcDbEntity
  8
03_0
100
AcDbBlockReference
  2
_CLOSEDFILLED
 10
-2000.0
 20
0.0
 30
0.0
 41
130.0
 42
130.0
 50
270.0
  0
INSERT
  5
6FB
330
17
100
AcDbEntity
  8
03_0
100
AcDbBlockReference
  2
_CLOSEDFILLED
 10
-2000.0
 20
1800.0
 30
0.0
 41
130.0
 42
130.0
 50
90.0
  0
LINE
  5
6FD
330
17
100
AcDbEntity
  8
03_0
100
AcDbLine
 10
-2000.0
 20
130.0
 30
0.0
 11
-2000.0
 21
536.0
 31
0.0
  0
LINE
  5
6FE
330
17
100
AcDbEntity
  8
03_0
100
AcDbLine
 10
-2000.0
 20
1264.0
 30
0.0
 11
-2000.0
 21
1670.0
 31
0.0
  0
POINT
  5
700
330
17
100
AcDbEntity
  8
03_Defpoints
100
AcDbPoint
 10
-2000.0
 20
0.0
 30
0.0
  0
POINT
  5
701
330
17
100
AcDbEntity
  8
03_Defpoints
100
AcDbPoint
 10
0.0
 20
0.0
 30
0.0
  0
POINT
  5
702
330
17
100
AcDbEntity
  8
03_Defpoints
100
AcDbPoint
 10
0.0
 20
1800.0
 30
0.0
  0
LINE
  5
703
330
17
100
AcDbEntity
  8
03_0
100
AcDbLine
 10
0.0
 20
15578.0
 30
0.0
 11
0.0
 21
17480.0
 31
0.0
  0
LINE
  5
704
330
17
100
AcDbEntity
  8
03_0
100
AcDbLine
 10
2000.0
 20
15578.0
 30
0.0
 11
2000.0
 21
17480.0
 31
0.0
  0
INSERT
  5
705
330
17
100
AcDbEntity
  8
03_0
100
AcDbBlockReference
  2
_CLOSEDFILLED
 10
0.0
 20
17350.0
 30
0.0
 41
130.0
 42
130.0
 50
180.0
  0
INSERT
  5
707
330
17
100
AcDbEntity
  8
03_0
100
AcDbBlockReference
  2
_CLOSEDFILLED
 10
2000.0
 20
17350.0
 30
0.0
 41
130.0
 42
130.0
  0
LINE
  5
709
330
17
100
AcDbEntity
  8
03_0
100
AcDbLine
 10
130.0
 20
17350.0
 30
0.0
 11
636.0
 21
17350.0
 31
0.0
  0
LINE
  5
70A
330
17
100
AcDbEntity
  8
03_0
100
AcDbLine
 10
1364.0
 20
17350.0
 30
0.0
 11
1870.0
 21
17350.0
 31
0.0
  0
POINT
  5
70C
330
17
100
AcDbEntity
  8
03_Defpoints
100
AcDbPoint
 10
0.0
 20
17350.0
 30
0.0
  0
POINT
  5
70D
330
17
100
AcDbEntity
  8
03_Defpoints
100
AcDbPoint
 10
0.0
 20
15500.0
 30
0.0
  0
POINT
  5
70E
330
17
100
AcDbEntity
  8
03_Defpoints
100
AcDbPoint
 10
2000.0
 20
15500.0
 30
0.0
  0
LINE
  5
70F
330
17
100
AcDbEntity
  8
03_0
100
AcDbLine
 10
27078.0
 20
0.0
 30
0.0
 11
31930.0
 21
0.0
 31
0.0
  0
LINE
  5
710
330
17
100
AcDbEntity
  8
03_0
100
AcDbLine
 10
27078.0
 20
15500.0
 30
0.0
 11
31930.0
 21
15500.0
 31
0.0
  0
INSERT
  5
711
330
17
100
AcDbEntity
  8
03_0
100
AcDbBlockReference
  2
_CLOSEDFILLED
 10
31800.0
 20
0.0
 30
0.0
 41
130.0
 42
130.0
 50
270.0
  0
INSERT
  5
713
330
17
100
AcDbEntity
  8
03_0
100
AcDbBlockReference
  2
_CLOSEDFILLED
 10
31800.0
 20
15500.0
 30
0.0
 41
130.0
 42
130.0
 50
90.0
  0
LINE
  5
715
330
17
100
AcDbEntity
  8
03_0
100
AcDbLine
 10
31800.0
 20
130.0
 30
0.0
 11
31800.0
 21
7295.0
 31
0.0
  0
LINE
  5
716
330
17
100
AcDbEntity
  8
03_0
100
AcDbLine
 10
31800.0
 20
8205.0
 30
0.0
 11
31800.0
 21
15370.0
 31
0.0
  0
POINT
  5
718
330
17
100
AcDbEntity
  8
03_Defpoints
100
AcDbPoint
 10
31800.0
 20
0.0
 30
0.0
  0
POINT
  5
719
330
17
100
AcDbEntity
  8
03_Defpoints
100
AcDbPoint
 10
27000.0
 20
0.0
 30
0.0
  0
POINT
  5
71A
330
17
100
AcDbEntity
  8
03_Defpoints
100
AcDbPoint
 10
27000.0
 20
15500.0
 30
0.0
  0
LINE
  5
71B
330
17
100
AcDbEntity
  8
03_0
100
AcDbLine
 10
27078.0
 20
1800.0
 30
0.0
 11
31130.0
 21
1800.0
 31
0.0
  0
LINE
  5
71C
330
17
100
AcDbEntity
  8
03_0
100
AcDbLine
 10
27078.0
 20
5200.0
 30
0.0
 11
31130.0
 21
5200.0
 31
0.0
  0
INSERT
  5
71D
330
17
100
AcDbEntity
  8
03_0
100
AcDbBlockReference
  2
_CLOSEDFILLED
 10
31000.0
 20
1800.0
 30
0.0
 41
130.0
 42
130.0
 50
270.0
  0
INSERT
  5
71F
330
17
100
AcDbEntity
  8
03_0
100
AcDbBlockReference
  2
_CLOSEDFILLED
 10
31000.0
 20
5200.0
 30
0.0
 41
130.0
 42
130.0
 50
90.0
  0
LINE
  5
721
330
17
100
AcDbEntity
  8
03_0
100
AcDbLine
 10
31000.0
 20
1930.0
 30
0.0
 11
31000.0
 21
3136.0
 31
0.0
  0
LINE
  5
722
330
17
100
AcDbEntity
  8
03_0
100
AcDbLine
 10
31000.0
 20
3864.0
 30
0.0
 11
31000.0
 21
5070.0
 31
0.0
  0
POINT
  5
724
330
17
100
AcDbEntity
  8
03_Defpoints
100
AcDbPoint
 10
31000.0
 20
1800.0
 30
0.0
  0
POINT
  5
725
330
17
100
AcDbEntity
  8
03_Defpoints
100
AcDbPoint
 10
27000.0
 20
1800.0
 30
0.0
  0
POINT
  5
726
330
17
100
AcDbEntity
  8
03_Defpoints
100
AcDbPoint
 10
27000.0
 20
5200.0
 30
0.0
  0
LINE
  5
727
330
17
100
AcDbEntity
  8
03_0
100
AcDbLine
 10
27078.0
 20
5200.0
 30
0.0
 11
31130.0
 21
5200.0
 31
0.0
  0
LINE
  5
728
330
17
100
AcDbEntity
  8
03_0
100
AcDbLine
 10
27078.0
 20
8600.0
 30
0.0
 11
31130.0
 21
8600.0
 31
0.0
  0
INSERT
  5
729
330
17
100
AcDbEntity
  8
03_0
100
AcDbBlockReference
  2
_CLOSEDFILLED
 10
31000.0
 20
5200.0
 30
0.0
 41
130.0
 42
130.0
 50
270.0
  0
INSERT
  5
72B
330
17
100
AcDbEntity
  8
03_0
100
AcDbBlockReference
  2
_CLOSEDFILLED
 10
31000.0
 20
8600.0
 30
0.0
 41
130.0
 42
130.0
 50
90.0
  0
LINE
  5
72D
330
17
100
AcDbEntity
  8
03_0
100
AcDbLine
 10
31000.0
 20
5330.0
 30
0.0
 11
31000.0
 21
6536.0
 31
0.0
  0
LINE
  5
72E
330
17
100
AcDbEntity
  8
03_0
100
AcDbLine
 10
31000.0
 20
7264.0
 30
0.0
 11
31000.0
 21
8470.0
 31
0.0
  0
POINT
  5
730
330
17
100
AcDbEntity
  8
03_Defpoints
100
AcDbPoint
 10
31000.0
 20
5200.0
 30
0.0
  0
POINT
  5
731
330
17
100
AcDbEntity
  8
03_Defpoints
100
AcDbPoint
 10
27000.0
 20
5200.0
 30
0.0
  0
POINT
  5
732
330
17
100
AcDbEntity
  8
03_Defpoints
100
AcDbPoint
 10
27000.0
 20
8600.0
 30
0.0
  0
LINE
  5
733
330
17
100
AcDbEntity
  8
03_0
100
AcDbLine
 10
27078.0
 20
8600.0
 30
0.0
 11
31130.0
 21
8600.0
 31
0.0
  0
LINE
  5
734
330
17
100
AcDbEntity
  8
03_0
100
AcDbLine
 10
27078.0
 20
12000.0
 30
0.0
 11
31130.0
 21
12000.0
 31
0.0
  0
INSERT
  5
735
330
17
100
AcDbEntity
  8
03_0
100
AcDbBlockReference
  2
_CLOSEDFILLED
 10
31000.0
 20
8600.0
 30
0.0
 41
130.0
 42
130.0
 50
270.0
  0
INSERT
  5
737
330
17
100
AcDbEntity
  8
03_0
100
AcDbBlockReference
  2
_CLOSEDFILLED
 10
31000.0
 20
12000.0
 30
0.0
 41
130.0
 42
130.0
 50
90.0
  0
LINE
  5
739
330
17
100
AcDbEntity
  8
03_0
100
AcDbLine
 10
31000.0
 20
8730.0
 30
0.0
 11
31000.0
 21
9936.0
 31
0.0
  0
LINE
  5
73A
330
17
100
AcDbEntity
  8
03_0
100
AcDbLine
 10
31000.0
 20
10664.0
 30
0.0
 11
31000.0
 21
11870.0
 31
0.0
  0
POINT
  5
73C
330
17
100
AcDbEntity
  8
03_Defpoints
100
AcDbPoint
 10
31000.0
 20
8600.0
 30
0.0
  0
POINT
  5
73D
330
17
100
AcDbEntity
  8
03_Defpoints
100
AcDbPoint
 10
27000.0
 20
8600.0
 30
0.0
  0
POINT
  5
73E
330
17
100
AcDbEntity
  8
03_Defpoints
100
AcDbPoint
 10
27000.0
 20
12000.0
 30
0.0
  0
LINE
  5
73F
330
17
100
AcDbEntity
  8
03_0
100
AcDbLine
 10
27078.0
 20
12000.0
 30
0.0
 11
31130.0
 21
12000.0
 31
0.0
  0
LINE
  5
740
330
17
100
AcDbEntity
  8
03_0
100
AcDbLine
 10
27078.0
 20
15500.0
 30
0.0
 11
31130.0
 21
15500.0
 31
0.0
  0
INSERT
  5
741
330
17
100
AcDbEntity
  8
03_0
100
AcDbBlockReference
  2
_CLOSEDFILLED
 10
31000.0
 20
12000.0
 30
0.0
 41
130.0
 42
130.0
 50
270.0
  0
INSERT
  5
743
330
17
100
AcDbEntity
  8
03_0
100
AcDbBlockReference
  2
_CLOSEDFILLED
 10
31000.0
 20
15500.0
 30
0.0
 41
130.0
 42
130.0
 50
90.0
  0
LINE
  5
745
330
17
100
AcDbEntity
  8
03_0
100
AcDbLine
 10
31000.0
 20
12130.0
 30
0.0
 11
31000.0
 21
13386.0
 31
0.0
  0
LINE
  5
746
330
17
100
AcDbEntity
  8
03_0
100
AcDbLine
 10
31000.0
 20
14114.0
 30
0.0
 11
31000.0
 21
15370.0
 31
0.0
  0
POINT
  5
748
330
17
100
AcDbEntity
  8
03_Defpoints
100
AcDbPoint
 10
31000.0
 20
12000.0
 30
0.0
  0
POINT
  5
749
330
17
100
AcDbEntity
  8
03_Defpoints
100
AcDbPoint
 10
27000.0
 20
12000.0
 30
0.0
  0
POINT
  5
74A
330
17
100
AcDbEntity
  8
03_Defpoints
100
AcDbPoint
 10
27000.0
 20
15500.0
 30
0.0
  0
LINE
  5
74B
330
17
100
AcDbEntity
  8
03_0
100
AcDbLine
 10
12725.0
 20
-77.99999999999998
 30
0.0
 11
12725.0
 21
-2780.0
 31
0.0
  0
LINE
  5
74C
330
17
100
AcDbEntity
  8
03_0
100
AcDbLine
 10
14275.0
 20
-77.99999999999998
 30
0.0
 11
14275.0
 21
-2780.0
 31
0.0
  0
INSERT
  5
74D
330
17
100
AcDbEntity
  8
03_0
100
AcDbBlockReference
  2
_CLOSEDFILLED
 10
12725.0
 20
-2650.0
 30
0.0
 41
130.0
 42
130.0
 50
180.0
  0
INSERT
  5
74F
330
17
100
AcDbEntity
  8
03_0
100
AcDbBlockReference
  2
_CLOSEDFILLED
 10
14275.0
 20
-2650.0
 30
0.0
 41
130.0
 42
130.0
  0
LINE
  5
751
330
17
100
AcDbEntity
  8
03_0
100
AcDbLine
 10
12855.0
 20
-2650.0
 30
0.0
 11
13136.0
 21
-2650.0
 31
0.0
  0
LINE
  5
752
330
17
100
AcDbEntity
  8
03_0
100
AcDbLine
 10
13864.0
 20
-2650.0
 30
0.0
 11
14145.0
 21
-2650.0
 31
0.0
  0
POINT
  5
754
330
17
100
AcDbEntity
  8
03_Defpoints
100
AcDbPoint
 10
12725.0
 20
-2650.0
 30
0.0
  0
POINT
  5
755
330
17
100
AcDbEntity
  8
03_Defpoints
100
AcDbPoint
 10
12725.0
 20
0.0
 30
0.0
  0
POINT
  5
756
330
17
100
AcDbEntity
  8
03_Defpoints
100
AcDbPoint
 10
14275.0
 20
0.0
 30
0.0
  0
LINE
  5
757
330
17
100
AcDbEntity
  8
03_0
100
AcDbLine
 10
2000.0
 20
15578.0
 30
0.0
 11
2000.0
 21
16630.0
 31
0.0
  0
LINE
  5
758
330
17
100
AcDbEntity
  8
03_0
100
AcDbLine
 10
2766.666666666667
 20
15578.0
 30
0.0
 11
2766.666666666667
 21
16630.0
 31
0.0
  0
INSERT
  5
759
330
17
100
AcDbEntity
  8
03_0
100
AcDbBlockReference
  2
_CLOSEDFILLED
 10
2000.0
 20
16500.0
 30
0.0
 41
130.0
 42
130.0
 50
180.0
  0
INSERT
  5
75B
330
17
100
AcDbEntity
  8
03_0
100
AcDbBlockReference
  2
_CLOSEDFILLED
 10
2766.666666666667
 20
16500.0
 30
0.0
 41
130.0
 42
130.0
  0
LINE
  5
75D
330
17
100
AcDbEntity
  8
03_0
100
AcDbLine
 10
2130.0
 20
16500.0
 30
0.0
 11
2636.666666666667
 21
16500.0
 31
0.0
  0
POINT
  5
75F
330
17
100
AcDbEntity
  8
03_Defpoints
100
AcDbPoint
 10
2000.0
 20
16500.0
 30
0.0
  0
POINT
  5
760
330
17
100
AcDbEntity
  8
03_Defpoints
100
AcDbPoint
 10
2000.0
 20
15500.0
 30
0.0
  0
POINT
  5
761
330
17
100
AcDbEntity
  8
03_Defpoints
100
AcDbPoint
 10
2766.666666666667
 20
15500.0
 30
0.0
  0
LINE
  5
762
330
17
100
AcDbEntity
  8
03_0
100
AcDbLine
 10
0.0
 20
15578.0
 30
0.0
 11
0.0
 21
16630.0
 31
0.0
  0
LINE
  5
763
330
17
100
AcDbEntity
  8
03_0
100
AcDbLine
 10
666.6666666666666
 20
15578.0
 30
0.0
 11
666.6666666666666
 21
16630.0
 31
0.0
  0
INSERT
  5
764
330
17
100
AcDbEntity
  8
03_0
100
AcDbBlockReference
  2
_CLOSEDFILLED
 10
0.0
 20
16500.0
 30
0.0
 41
130.0
 42
130.0
 50
180.0
  0
INSERT
  5
766
330
17
100
AcDbEntity
  8
03_0
100
AcDbBlockReference
  2
_CLOSEDFILLED
 10
666.6666666666666
 20
16500.0
 30
0.0
 41
130.0
 42
130.0
  0
LINE
  5
768
330
17
100
AcDbEntity
  8
03_0
100
AcDbLine
 10
130.0
 20
16500.0
 30
0.0
 11
536.6666666666666
 21
16500.0
 31
0.0
  0
POINT
  5
76A
330
17
100
AcDbEntity
  8
03_Defpoints
100
AcDbPoint
 10
0.0
 20
16500.0
 30
0.0
  0
POINT
  5
76B
330
17
100
AcDbEntity
  8
03_Defpoints
100
AcDbPoint
 10
0.0
 20
15500.0
 30
0.0
  0
POINT
  5
76C
330
17
100
AcDbEntity
  8
03_Defpoints
100
AcDbPoint
 10
666.6666666666666
 20
15500.0
 30
0.0
  0
LINE
  5
76D
330
17
100
AcDbEntity
  8
03_0
100
AcDbLine
 10
-1150.0
 20
-16064.0
 30
0.0
 11
-1150.0
 21
-14840.0
 31
0.0
  0
LINE
  5
76E
330
17
100
AcDbEntity
  8
03_0
100
AcDbLine
 10
-550.0
 20
-16064.0
 30
0.0
 11
-550.0
 21
-14840.0
 31
0.0
  0
INSERT
  5
76F
330
17
100
AcDbEntity
  8
03_0
100
AcDbBlockReference
  2
_CLOSEDFILLED
 10
-1150.0
 20
-14900.0
 30
0.0
 41
60.0
 42
60.0
 50
180.0
  0
INSERT
  5
771
330
17
100
AcDbEntity
  8
03_0
100
AcDbBlockReference
  2
_CLOSEDFILLED
 10
-550.0
 20
-14900.0
 30
0.0
 41
60.0
 42
60.0
  0
LINE
  5
773
330
17
100
AcDbEntity
  8
03_0
100
AcDbLine
 10
-1090.0
 20
-14900.0
 30
0.0
 11
-976.0
 21
-14900.0
 31
0.0
  0
LINE
  5
774
330
17
100
AcDbEntity
  8
03_0
100
AcDbLine
 10
-724.0
 20
-14900.0
 30
0.0
 11
-610.0
 21
-14900.0
 31
0.0
  0
POINT
  5
776
330
17
100
AcDbEntity
  8
03_Defpoints
100
AcDbPoint
 10
-1150.0
 20
-14900.0
 30
0.0
  0
POINT
  5
777
330
17
100
AcDbEntity
  8
03_Defpoints
100
AcDbPoint
 10
-1150.0
 20
-16100.0
 30
0.0
  0
POINT
  5
778
330
17
100
AcDbEntity
  8
03_Defpoints
100
AcDbPoint
 10
-550.0
 20
-16100.0
 30
0.0
  0
LINE
  5
779
330
17
100
AcDbEntity
  8
03_0
100
AcDbLine
 10
-814.0
 20
-16325.0
 30
0.0
 11
260.0
 21
-16325.0
 31
0.0
  0
LINE
  5
77A
330
17
100
AcDbEntity
  8
03_0
100
AcDbLine
 10
-814.0
 20
-15875.0
 30
0.0
 11
260.0
 21
-15875.0
 31
0.0
  0
INSERT
  5
77B
330
17
100
AcDbEntity
  8
03_0
100
AcDbBlockReference
  2
_CLOSEDFILLED
 10
200.0
 20
-16325.0
 30
0.0
 41
60.0
 42
60.0
 50
270.0
  0
INSERT
  5
77D
330
17
100
AcDbEntity
  8
03_0
100
AcDbBlockReference
  2
_CLOSEDFILLED
 10
200.0
 20
-15875.0
 30
0.0
 41
60.0
 42
60.0
 50
90.0
  0
LINE
  5
77F
330
17
100
AcDbEntity
  8
03_0
100
AcDbLine
 10
200.0
 20
-16265.0
 30
0.0
 11
200.0
 21
-16226.0
 31
0.0
  0
LINE
  5
780
330
17
100
AcDbEntity
  8
03_0
100
AcDbLine
 10
200.0
 20
-15974.0
 30
0.0
 11
200.0
 21
-15935.0
 31
0.0
  0
POINT
  5
782
330
17
100
AcDbEntity
  8
03_Defpoints
100
AcDbPoint
 10
200.0
 20
-16325.0
 30
0.0
  0
POINT
  5
783
330
17
100
AcDbEntity
  8
03_Defpoints
100
AcDbPoint
 10
-850.0
 20
-16325.0
 30
0.0
  0
POINT
  5
784
330
17
100
AcDbEntity
  8
03_Defpoints
100
AcDbPoint
 10
-850.0
 20
-15875.0
 30
0.0
  0
LINE
  5
785
330
17
100
AcDbEntity
  8
03_0
100
AcDbLine
 10
-1233.333333333333
 20
-17036.0
 30
0.0
 11
-1233.333333333333
 21
-17410.0
 31
0.0
  0
LINE
  5
786
330
17
100
AcDbEntity
  8
03_0
100
AcDbLine
 10
-466.6666666666665
 20
-17036.0
 30
0.0
 11
-466.6666666666665
 21
-17410.0
 31
0.0
  0
INSERT
  5
787
330
17
100
AcDbEntity
  8
03_0
100
AcDbBlockReference
  2
_CLOSEDFILLED
 10
-1233.333333333333
 20
-17350.0
 30
0.0
 41
60.0
 42
60.0
 50
180.0
  0
INSERT
  5
789
330
17
100
AcDbEntity
  8
03_0
100
AcDbBlockReference
  2
_CLOSEDFILLED
 10
-466.6666666666665
 20
-17350.0
 30
0.0
 41
60.0
 42
60.0
  0
LINE
  5
78B
330
17
100
AcDbEntity
  8
03_0
100
AcDbLine
 10
-1173.333333333333
 20
-17350.0
 30
0.0
 11
-1060.0
 21
-17350.0
 31
0.0
  0
LINE
  5
78C
330
17
100
AcDbEntity
  8
03_0
100
AcDbLine
 10
-640.0
 20
-17350.0
 30
0.0
 11
-526.6666666666663
 21
-17350.0
 31
0.0
  0
POINT
  5
78E
330
17
100
AcDbEntity
  8
03_Defpoints
100
AcDbPoint
 10
-1233.333333333333
 20
-17350.0
 30
0.0
  0
POINT
  5
78F
330
17
100
AcDbEntity
  8
03_Defpoints
100
AcDbPoint
 10
-1233.333333333333
 20
-17000.0
 30
0.0
  0
POINT
  5
790
330
17
100
AcDbEntity
  8
03_Defpoints
100
AcDbPoint
 10
-466.6666666666665
 20
-17000.0
 30
0.0
  0
TEXT
  5
791
330
17
100
AcDbEntity
  8
03_0
100
AcDbText
 10
13146.49045020464
 20
-3491.0
 30
0.0
 40
182.0
  1
27000
  7
RU
 72
     1
 11
13500.0
 21
-3400.0
 31
0.0
100
AcDbText
 73
     2
  0
TEXT
  5
792
330
17
100
AcDbEntity
  8
03_0
100
AcDbText
 10
-1909.0
 20
617.1923601637107
 30
0.0
 40
182.0
  1
1800
 50
90.0
  7
RU
 72
     1
 11
-2000.0
 21
900.0
 31
0.0
100
AcDbText
 73
     2
  0
TEXT
  5
793
330
17
100
AcDbEntity
  8
03_0
100
AcDbText
 10
717.1923601637107
 20
17259.0
 30
0.0
 40
182.0
  1
2000
  7
RU
 72
     1
 11
1000.0
 21
17350.0
 31
0.0
100
AcDbText
 73
     2
  0
TEXT
  5
794
330
17
100
AcDbEntity
  8
03_0
100
AcDbText
 10
31891.0
 20
7396.490450204638
 30
0.0
 40
182.0
  1
15500
 50
90.0
  7
RU
 72
     1
 11
31800.0
 21
7750.0
 31
0.0
100
AcDbText
 73
     2
  0
TEXT
  5
795
330
17
100
AcDbEntity
  8
03_0
100
AcDbText
 10
31091.0
 20
3217.192360163711
 30
0.0
 40
182.0
  1
3400
 50
90.0
  7
RU
 72
     1
 11
31000.0
 21
3500.0
 31
0.0
100
AcDbText
 73
     2
  0
TEXT
  5
796
330
17
100
AcDbEntity
  8
03_0
100
AcDbText
 10
31091.0
 20
6617.19236016371
 30
0.0
 40
182.0
  1
3400
 50
90.0
  7
RU
 72
     1
 11
31000.0
 21
6900.0
 31
0.0
100
AcDbText
 73
     2
  0
TEXT
  5
797
330
17
100
AcDbEntity
  8
03_0
100
AcDbText
 10
31091.0
 20
10017.19236016371
 30
0.0
 40
182.0
  1
3400
 50
90.0
  7
RU
 72
     1
 11
31000.0
 21
10300.0
 31
0.0
100
AcDbText
 73
     2
  0
TEXT
  5
798
330
17
100
AcDbEntity
  8
03_0
100
AcDbText
 10
31091.0
 20
13467.19236016371
 30
0.0
 40
182.0
  1
3500
 50
90.0
  7
RU
 72
     1
 11
31000.0
 21
13750.0
 31
0.0
100
AcDbText
 73
     2
  0
TEXT
  5
799
330
17
100
AcDbEntity
  8
03_0
100
AcDbText
 10
13217.19236016371
 20
-2741.0
 30
0.0
 40
182.0
  1
1550
  7
RU
 72
     1
 11
13500.0
 21
-2650.0
 31
0.0
100
AcDbText
 73
     2
  0
TEXT
  5
79A
330
17
100
AcDbEntity
  8
03_0
100
AcDbText
 10
2065.205775352433
 20
16701.5
 30
0.0
 40
182.0
  1
766,7
  7
RU
 72
     1
 11
2383.333333333333
 21
16792.5
 31
0.0
100
AcDbText
 73
     2
  0
TEXT
  5
79B
330
17
100
AcDbEntity
  8
03_0
100
AcDbText
 10
15.2057753524329
 20
16701.5
 30
0.0
 40
182.0
  1
666,7
  7
RU
 72
     1
 11
333.3333333333333
 21
16792.5
 31
0.0
100
AcDbText
 73
     2
  0
TEXT
  5
79C
330
17
100
AcDbEntity
  8
03_0
100
AcDbText
 10
-947.8949522510232
 20
-14942.0
 30
0.0
 40
84.0
  1
600
  7
RU
 72
     1
 11
-850.0
 21
-14900.0
 31
0.0
100
AcDbText
 73
     2
  0
TEXT
  5
79D
330
17
100
AcDbEntity
  8
03_0
100
AcDbText
 10
242.0
 20
-16197.89495225102
 30
0.0
 40
84.0
  1
450
 50
90.0
  7
RU
 72
     1
 11
200.0
 21
-16100.0
 31
0.0
100
AcDbText
 73
     2
  0
TEXT
  5
79E
330
17
100
AcDbEntity
  8
03_0
100
AcDbText
 10
-996.8281036834921
 20
-17392.0
 30
0.0
 40
84.0
  1
766,7
  7
RU
 72
     1
 11
-849.9999999999996
 21
-17350.0
 31
0.0
100
AcDbText
 73
     2
  0
LWPOLYLINE
  5
96E
330
17
100
AcDbEntity
  8
03_MEMBER
100
AcDbPolyline
 90
        6
 70
     1
 43
0.0
 10
661.6666666666666
 20
15526.66666666666
 10
671.6666666666666
 20
15526.66666666666
 10
671.6666666666666
 20
15389.96793685589
 10
696.6666666666665
 20
15356.66666666666
 10
686.6666666666666
 20
15346.66666666666
 10
661.6666666666666
 20
15346.66666666666
  0
LWPOLYLINE
  5
96F
330
17
100
AcDbEntity
  8
03_MEMBER
100
AcDbPolyline
 90
        6
 70
     1
 43
0.0
 10
1328.333333333333
 20
15553.33333333333
 10
1338.333333333333
 20
15553.33333333333
 10
1338.333333333333
 20
15416.63460352255
 10
1363.333333333333
 20
15383.33333333333
 10
1353.333333333333
 20
15373.33333333333
 10
1328.333333333333
 20
15373.33333333333
  0
LWPOLYLINE
  5
970
330
17
100
AcDbEntity
  8
03_MEMBER
100
AcDbPolyline
 90
        6
 70
     1
 43
0.0
 10
2761.666666666667
 20
15610.66666666666
 10
2771.666666666667
 20
15610.66666666666
 10
2771.666666666667
 20
15459.16408927859
 10
2799.666666666667
 20
15420.66666666666
 10
2789.666666666667
 20
15410.66666666666
 10
2761.666666666667
 20
15410.66666666666
  0
LWPOLYLINE
  5
971
330
17
100
AcDbEntity
  8
03_MEMBER
100
AcDbPolyline
 90
        6
 70
     1
 43
0.0
 10
3528.333333333333
 20
15641.33333333333
 10
3538.333333333333
 20
15641.33333333333
 10
3538.333333333333
 20
15489.83075594526
 10
3566.333333333334
 20
15451.33333333333
 10
3556.333333333333
 20
15441.33333333333
 10
3528.333333333333
 20
15441.33333333333
  0
LWPOLYLINE
  5
972
330
17
100
AcDbEntity
  8
03_MEMBER
100
AcDbPolyline
 90
        6
 70
     1
 43
0.0
 10
4295.0
 20
15672.0
 10
4305.0
 20
15672.0
 10
4305.0
 20
15520.49742261193
 10
4333.0
 20
15482.0
 10
4323.0
 20
15472.0
 10
4295.0
 20
15472.0
  0
LWPOLYLINE
  5
973
330
17
100
AcDbEntity
  8
03_MEMBER
100
AcDbPolyline
 90
        6
 70
     1
 43
0.0
 10
5061.666666666667
 20
15702.66666666666
 10
5071.666666666667
 20
15702.66666666666
 10
5071.666666666667
 20
15551.16408927859
 10
5099.666666666667
 20
15512.66666666666
 10
5089.666666666667
 20
15502.66666666666
 10
5061.666666666667
 20
15502.66666666666
  0
LWPOLYLINE
  5
974
330
17
100
AcDbEntity
  8
03_MEMBER
100
AcDbPolyline
 90
        6
 70
     1
 43
0.0
 10
5828.333333333334
 20
15733.33333333333
 10
5838.333333333334
 20
15733.33333333333
 10
5838.333333333334
 20
15581.83075594526
 10
5866.333333333334
 20
15543.33333333333
 10
5856.333333333334
 20
15533.33333333333
 10
5828.333333333334
 20
15533.33333333333
  0
LWPOLYLINE
  5
975
330
17
100
AcDbEntity
  8
03_MEMBER
100
AcDbPolyline
 90
        6
 70
     1
 43
0.0
 10
6595.0
 20
15764.0
 10
6605.0
 20
15764.0
 10
6605.0
 20
15612.49742261193
 10
6633.0
 20
15574.0
 10
6623.0
 20
15564.0
 10
6595.0
 20
15564.0
  0
LWPOLYLINE
  5
976
330
17
100
AcDbEntity
  8
03_MEMBER
100
AcDbPolyline
 90
        6
 70
     1
 43
0.0
 10
7361.666666666668
 20
15794.66666666666
 10
7371.666666666668
 20
15794.66666666666
 10
7371.666666666668
 20
15643.16408927859
 10
7399.666666666668
 20
15604.66666666666
 10
7389.666666666667
 20
15594.66666666666
 10
7361.666666666668
 20
15594.66666666666
  0
LWPOLYLINE
  5
977
330
17
100
AcDbEntity
  8
03_MEMBER
100
AcDbPolyline
 90
        6
 70
     1
 43
0.0
 10
8128.333333333335
 20
15825.33333333333
 10
8138.333333333333
 20
15825.33333333333
 10
8138.333333333333
 20
15673.83075594526
 10
8166.333333333334
 20
15635.33333333333
 10
8156.333333333334
 20
15625.33333333333
 10
8128.333333333335
 20
15625.33333333333
  0
LWPOLYLINE
  5
978
330
17
100
AcDbEntity
  8
03_MEMBER
100
AcDbPolyline
 90
        6
 70
     1
 43
0.0
 10
8895.0
 20
15856.0
 10
8905.0
 20
15856.0
 10
8905.0
 20
15704.49742261193
 10
8933.0
 20
15666.0
 10
8923.0
 20
15656.0
 10
8895.0
 20
15656.0
  0
LWPOLYLINE
  5
979
330
17
100
AcDbEntity
  8
03_MEMBER
100
AcDbPolyline
 90
        6
 70
     1
 43
0.0
 10
9661.66666666667
 20
15886.66666666666
 10
9671.66666666667
 20
15886.66666666666
 10
9671.66666666667
 20
15735.16408927859
 10
9699.66666666667
 20
15696.66666666666
 10
9689.666666666671
 20
15686.66666666666
 10
9661.66666666667
 20
15686.66666666666
  0
LWPOLYLINE
  5
97A
330
17
100
AcDbEntity
  8
03_MEMBER
100
AcDbPolyline
 90
        6
 70
     1
 43
0.0
 10
10428.33333333333
 20
15917.33333333333
 10
10438.33333333333
 20
15917.33333333333
 10
10438.33333333333
 20
15765.83075594526
 10
10466.33333333333
 20
15727.33333333333
 10
10456.33333333333
 20
15717.33333333333
 10
10428.33333333333
 20
15717.33333333333
  0
LWPOLYLINE
  5
97B
330
17
100
AcDbEntity
  8
03_MEMBER
100
AcDbPolyline
 90
        6
 70
     1
 43
0.0
 10
11195.0
 20
15948.0
 10
11205.0
 20
15948.0
 10
11205.0
 20
15796.49742261192
 10
11233.0
 20
15758.0
 10
11223.0
 20
15748.0
 10
11195.0
 20
15748.0
  0
LWPOLYLINE
  5
97C
330
17
100
AcDbEntity
  8
03_MEMBER
100
AcDbPolyline
 90
        6
 70
     1
 43
0.0
 10
11961.66666666666
 20
15978.66666666666
 10
11971.66666666666
 20
15978.66666666666
 10
11971.66666666666
 20
15827.16408927859
 10
11999.66666666666
 20
15788.66666666666
 10
11989.66666666666
 20
15778.66666666666
 10
11961.66666666666
 20
15778.66666666666
  0
LWPOLYLINE
  5
97D
330
17
100
AcDbEntity
  8
03_MEMBER
100
AcDbPolyline
 90
        6
 70
     1
 43
0.0
 10
12728.33333333333
 20
16009.33333333333
 10
12738.33333333333
 20
16009.33333333333
 10
12738.33333333333
 20
15857.83075594526
 10
12766.33333333333
 20
15819.33333333333
 10
12756.33333333333
 20
15809.33333333334
 10
12728.33333333333
 20
15809.33333333334
  0
LWPOLYLINE
  5
97E
330
17
100
AcDbEntity
  8
03_MEMBER
100
AcDbPolyline
 90
        6
 70
     1
 43
0.0
 10
26328.33333333333
 20
15526.66666666666
 10
26338.33333333333
 20
15526.66666666666
 10
26338.33333333333
 20
15389.96793685589
 10
26363.33333333333
 20
15356.66666666666
 10
26353.33333333333
 20
15346.66666666666
 10
26328.33333333333
 20
15346.66666666666
  0
LWPOLYLINE
  5
97F
330
17
100
AcDbEntity
  8
03_MEMBER
100
AcDbPolyline
 90
        6
 70
     1
 43
0.0
 10
25661.66666666667
 20
15553.33333333333
 10
25671.66666666667
 20
15553.33333333333
 10
25671.66666666667
 20
15416.63460352255
 10
25696.66666666667
 20
15383.33333333333
 10
25686.66666666667
 20
15373.33333333333
 10
25661.66666666667
 20
15373.33333333333
  0
LWPOLYLINE
  5
980
330
17
100
AcDbEntity
  8
03_MEMBER
100
AcDbPolyline
 90
        6
 70
     1
 43
0.0
 10
24228.33333333333
 20
15610.66666666666
 10
24238.33333333333
 20
15610.66666666666
 10
24238.33333333333
 20
15459.16408927859
 10
24266.33333333333
 20
15420.66666666666
 10
24256.33333333333
 20
15410.66666666666
 10
24228.33333333333
 20
15410.66666666666
  0
LWPOLYLINE
  5
981
330
17
100
AcDbEntity
  8
03_MEMBER
100
AcDbPolyline
 90
        6
 70
     1
 43
0.0
 10
23461.66666666667
 20
15641.33333333333
 10
23471.66666666667
 20
15641.33333333333
 10
23471.66666666667
 20
15489.83075594526
 10
23499.66666666667
 20
15451.33333333333
 10
23489.66666666667
 20
15441.33333333333
 10
23461.66666666667
 20
15441.33333333333
  0
LWPOLYLINE
  5
982
330
17
100
AcDbEntity
  8
03_MEMBER
100
AcDbPolyline
 90
        6
 70
     1
 43
0.0
 10
22695.0
 20
15672.0
 10
22705.0
 20
15672.0
 10
22705.0
 20
15520.49742261193
 10
22733.0
 20
15482.0
 10
22723.0
 20
15472.0
 10
22695.0
 20
15472.0
  0
LWPOLYLINE
  5
983
330
17
100
AcDbEntity
  8
03_MEMBER
100
AcDbPolyline
 90
        6
 70
     1
 43
0.0
 10
21928.33333333333
 20
15702.66666666666
 10
21938.33333333333
 20
15702.66666666666
 10
21938.33333333333
 20
15551.16408927859
 10
21966.33333333333
 20
15512.66666666666
 10
21956.33333333333
 20
15502.66666666666
 10
21928.33333333333
 20
15502.66666666666
  0
LWPOLYLINE
  5
984
330
17
100
AcDbEntity
  8
03_MEMBER
100
AcDbPolyline
 90
        6
 70
     1
 43
0.0
 10
21161.66666666667
 20
15733.33333333333
 10
21171.66666666667
 20
15733.33333333333
 10
21171.66666666667
 20
15581.83075594526
 10
21199.66666666667
 20
15543.33333333333
 10
21189.66666666667
 20
15533.33333333333
 10
21161.66666666667
 20
15533.33333333333
  0
LWPOLYLINE
  5
985
330
17
100
AcDbEntity
  8
03_MEMBER
100
AcDbPolyline
 90
        6
 70
     1
 43
0.0
 10
20395.0
 20
15764.0
 10
20405.0
 20
15764.0
 10
20405.0
 20
15612.49742261193
 10
20433.0
 20
15574.0
 10
20423.0
 20
15564.0
 10
20395.0
 20
15564.0
  0
LWPOLYLINE
  5
986
330
17
100
AcDbEntity
  8
03_MEMBER
100
AcDbPolyline
 90
        6
 70
     1
 43
0.0
 10
19628.33333333333
 20
15794.66666666666
 10
19638.33333333333
 20
15794.66666666666
 10
19638.33333333333
 20
15643.16408927859
 10
19666.33333333333
 20
15604.66666666666
 10
19656.33333333333
 20
15594.66666666666
 10
19628.33333333333
 20
15594.66666666666
  0
LWPOLYLINE
  5
987
330
17
100
AcDbEntity
  8
03_MEMBER
100
AcDbPolyline
 90
        6
 70
     1
 43
0.0
 10
18861.66666666666
 20
15825.33333333333
 10
18871.66666666666
 20
15825.33333333333
 10
18871.66666666666
 20
15673.83075594526
 10
18899.66666666666
 20
15635.33333333333
 10
18889.66666666666
 20
15625.33333333333
 10
18861.66666666666
 20
15625.33333333333
  0
LWPOLYLINE
  5
988
330
17
100
AcDbEntity
  8
03_MEMBER
100
AcDbPolyline
 90
        6
 70
     1
 43
0.0
 10
18095.0
 20
15856.0
 10
18105.0
 20
15856.0
 10
18105.0
 20
15704.49742261193
 10
18133.0
 20
15666.0
 10
18123.0
 20
15656.0
 10
18095.0
 20
15656.0
  0
LWPOLYLINE
  5
989
330
17
100
AcDbEntity
  8
03_MEMBER
100
AcDbPolyline
 90
        6
 70
     1
 43
0.0
 10
17328.33333333333
 20
15886.66666666666
 10
17338.33333333333
 20
15886.66666666666
 10
17338.33333333333
 20
15735.16408927859
 10
17366.33333333333
 20
15696.66666666666
 10
17356.33333333333
 20
15686.66666666666
 10
17328.33333333333
 20
15686.66666666666
  0
LWPOLYLINE
  5
98A
330
17
100
AcDbEntity
  8
03_MEMBER
100
AcDbPolyline
 90
        6
 70
     1
 43
0.0
 10
16561.66666666666
 20
15917.33333333333
 10
16571.66666666666
 20
15917.33333333333
 10
16571.66666666666
 20
15765.83075594526
 10
16599.66666666666
 20
15727.33333333333
 10
16589.66666666666
 20
15717.33333333333
 10
16561.66666666666
 20
15717.33333333333
  0
LWPOLYLINE
  5
98B
330
17
100
AcDbEntity
  8
03_MEMBER
100
AcDbPolyline
 90
        6
 70
     1
 43
0.0
 10
15795.0
 20
15948.0
 10
15805.0
 20
15948.0
 10
15805.0
 20
15796.49742261192
 10
15833.0
 20
15758.0
 10
15823.0
 20
15748.0
 10
15795.0
 20
15748.0
  0
LWPOLYLINE
  5
98C
330
17
100
AcDbEntity
  8
03_MEMBER
100
AcDbPolyline
 90
        6
 70
     1
 43
0.0
 10
15028.33333333333
 20
15978.66666666666
 10
15038.33333333333
 20
15978.66666666666
 10
15038.33333333333
 20
15827.16408927859
 10
15066.33333333333
 20
15788.66666666666
 10
15056.33333333333
 20
15778.66666666666
 10
15028.33333333333
 20
15778.66666666666
  0
LWPOLYLINE
  5
98D
330
17
100
AcDbEntity
  8
03_MEMBER
100
AcDbPolyline
 90
        6
 70
     1
 43
0.0
 10
14261.66666666666
 20
16009.33333333333
 10
14271.66666666666
 20
16009.33333333333
 10
14271.66666666666
 20
15857.83075594526
 10
14299.66666666666
 20
15819.33333333333
 10
14289.66666666666
 20
15809.33333333334
 10
14261.66666666666
 20
15809.33333333334
  0
LWPOLYLINE
  5
98E
330
17
100
AcDbEntity
  8
03_SEAM
100
AcDbPolyline
 90
        3
 70
     0
 43
0.0
 10
18866.66666666666
 20
15725.33333333333
 10
19800.0
 20
16700.0
 10
22000.0
 20
16700.0
  0
TEXT
  5
98F
330
17
100
AcDbEntity
  8
03_TEXT
100
AcDbText
 10
19800.0
 20
16790.0
 30
0.0
 40
210.0
  1
D-L HP 200x10
  7
RU
100
AcDbText
  0
LWPOLYLINE
  5
990
330
17
100
AcDbEntity
  8
03_SEAM
100
AcDbPolyline
 90
        3
 70
     0
 43
0.0
 10
26333.33333333333
 20
15426.66666666666
 10
24900.0
 20
17200.0
 10
27100.0
 20
17200.0
  0
TEXT
  5
991
330
17
100
AcDbEntity
  8
03_TEXT
100
AcDbText
 10
24900.0
 20
17290.0
 30
0.0
 40
210.0
  1
D-W HP 180x10
  7
RU
100
AcDbText
  0
LINE
  5
9F3
330
17
100
AcDbEntity
  8
03_FRAME_LAYOUT
100
AcDbLine
 10
2000.0
 20
14080.0
 30
0.0
 11
9712.070315632482
 21
14388.4828126253
 31
0.0
  0
ARC
  5
9F4
330
17
100
AcDbEntity
  8
03_FRAME_LAYOUT
100
AcDbCircle
 10
9800.0
 20
12190.24070343736
 30
0.0
 40
2200.0
100
AcDbArc
 50
0.0
 51
92.29061004263851
  0
LINE
  5
9F5
330
17
100
AcDbEntity
  8
03_FRAME_LAYOUT
100
AcDbLine
 10
12000.0
 20
12190.24070343736
 30
0.0
 11
12000.0
 21
3000.0
 31
0.0
  0
ARC
  5
9F6
330
17
100
AcDbEntity
  8
03_FRAME_LAYOUT
100
AcDbCircle
 10
10800.0
 20
3000.0
 30
0.0
 40
1200.0
100
AcDbArc
 50
270.0
 51
360.0
  0
LINE
  5
9F7
330
17
100
AcDbEntity
  8
03_FRAME_LAYOUT
100
AcDbLine
 10
0.0
 20
14080.0
 30
0.0
 11
2000.0
 21
14080.0
 31
0.0
  0
LWPOLYLINE
  5
9F8
330
17
100
AcDbEntity
  8
03_FRAME_LAYOUT
100
AcDbPolyline
 90
        3
 70
     1
 43
0.0
 10
2000.0
 20
12280.0
 10
2000.0
 20
14080.0
 10
3900.0
 20
14156.0
  0
LINE
  5
9F9
330
17
100
AcDbEntity
  8
03_FRAME_DETAIL
100
AcDbLine
 10
2766.666666666666
 20
15400.66666666666
 30
0.0
 11
2766.666666666666
 21
14110.66666666666
 31
0.0
  0
LINE
  5
9FA
330
17
100
AcDbEntity
  8
03_FRAME_DETAIL
100
AcDbLine
 10
3533.333333333333
 20
15431.33333333333
 30
0.0
 11
3533.333333333333
 21
14141.33333333333
 31
0.0
  0
LINE
  5
9FB
330
17
100
AcDbEntity
  8
03_FRAME_DETAIL
100
AcDbLine
 10
4300.0
 20
15462.0
 30
0.0
 11
4300.0
 21
14172.0
 31
0.0
  0
LINE
  5
9FC
330
17
100
AcDbEntity
  8
03_FRAME_DETAIL
100
AcDbLine
 10
5066.666666666666
 20
15492.66666666666
 30
0.0
 11
5066.666666666666
 21
14202.66666666666
 31
0.0
  0
LINE
  5
9FD
330
17
100
AcDbEntity
  8
03_FRAME_DETAIL
100
AcDbLine
 10
5833.333333333334
 20
15523.33333333333
 30
0.0
 11
5833.333333333334
 21
14233.33333333333
 31
0.0
  0
LINE
  5
9FE
330
17
100
AcDbEntity
  8
03_FRAME_DETAIL
100
AcDbLine
 10
6600.0
 20
15554.0
 30
0.0
 11
6600.0
 21
14264.0
 31
0.0
  0
LINE
  5
9FF
330
17
100
AcDbEntity
  8
03_FRAME_DETAIL
100
AcDbLine
 10
7366.666666666668
 20
15584.66666666666
 30
0.0
 11
7366.666666666668
 21
14294.66666666666
 31
0.0
  0
LINE
  5
A00
330
17
100
AcDbEntity
  8
03_FRAME_DETAIL
100
AcDbLine
 10
8133.333333333332
 20
15615.33333333333
 30
0.0
 11
8133.333333333332
 21
14325.33333333333
 31
0.0
  0
LINE
  5
A01
330
17
100
AcDbEntity
  8
03_FRAME_DETAIL
100
AcDbLine
 10
8900.0
 20
15646.0
 30
0.0
 11
8900.0
 21
14356.0
 31
0.0
  0
LINE
  5
A02
330
17
100
AcDbEntity
  8
03_FRAME_DETAIL
100
AcDbLine
 10
9666.666666666669
 20
15676.66666666666
 30
0.0
 11
9666.666666666669
 21
14386.66666666666
 31
0.0
  0
CIRCLE
  5
A03
330
17
100
AcDbEntity
  8
03_FRAME_DETAIL
100
AcDbCircle
 10
4683.333333333334
 20
14837.33333333333
 30
0.0
 40
180.0
  0
LINE
  5
A04
330
17
100
AcDbEntity
  8
03_CENTER
100
AcDbLine
 10
4403.333333333334
 20
14837.33333333333
 30
0.0
 11
4963.333333333334
 21
14837.33333333333
 31
0.0
  0
LINE
  5
A05
330
17
100
AcDbEntity
  8
03_CENTER
100
AcDbLine
 10
4683.333333333334
 20
14557.33333333333
 30
0.0
 11
4683.333333333334
 21
15117.33333333333
 31
0.0
  0
CIRCLE
  5
A06
330
17
100
AcDbEntity
  8
03_FRAME_DETAIL
100
AcDbCircle
 10
6216.666666666668
 20
14898.66666666666
 30
0.0
 40
180.0
  0
LINE
  5
A07
330
17
100
AcDbEntity
  8
03_CENTER
100
AcDbLine
 10
5936.666666666668
 20
14898.66666666666
 30
0.0
 11
6496.666666666668
 21
14898.66666666666
 31
0.0
  0
LINE
  5
A08
330
17
100
AcDbEntity
  8
03_CENTER
100
AcDbLine
 10
6216.666666666668
 20
14618.66666666666
 30
0.0
 11
6216.666666666668
 21
15178.66666666666
 31
0.0
  0
CIRCLE
  5
A09
330
17
100
AcDbEntity
  8
03_FRAME_DETAIL
100
AcDbCircle
 10
8516.666666666669
 20
14990.66666666666
 30
0.0
 40
180.0
  0
LINE
  5
A0A
330
17
100
AcDbEntity
  8
03_CENTER
100
AcDbLine
 10
8236.666666666668
 20
14990.66666666666
 30
0.0
 11
8796.666666666668
 21
14990.66666666666
 31
0.0
  0
LINE
  5
A0B
330
17
100
AcDbEntity
  8
03_CENTER
100
AcDbLine
 10
8516.666666666669
 20
14710.66666666666
 30
0.0
 11
8516.666666666669
 21
15270.66666666666
 31
0.0
  0
LINE
  5
A0C
330
17
100
AcDbEntity
  8
03_FRAME_DETAIL
100
AcDbLine
 10
12000.0
 20
4100.0
 30
0.0
 11
13500.0
 21
4100.0
 31
0.0
  0
LINE
  5
A0D
330
17
100
AcDbEntity
  8
03_FRAME_DETAIL
100
AcDbLine
 10
12000.0
 20
5400.0
 30
0.0
 11
13500.0
 21
5400.0
 31
0.0
  0
LINE
  5
A0E
330
17
100
AcDbEntity
  8
03_FRAME_DETAIL
100
AcDbLine
 10
12000.0
 20
7000.0
 30
0.0
 11
13500.0
 21
7000.0
 31
0.0
  0
LINE
  5
A0F
330
17
100
AcDbEntity
  8
03_FRAME_DETAIL
100
AcDbLine
 10
12000.0
 20
8500.0
 30
0.0
 11
13500.0
 21
8500.0
 31
0.0
  0
LINE
  5
A10
330
17
100
AcDbEntity
  8
03_FRAME_DETAIL
100
AcDbLine
 10
12000.0
 20
10100.0
 30
0.0
 11
13500.0
 21
10100.0
 31
0.0
  0
LINE
  5
A11
330
17
100
AcDbEntity
  8
03_FRAME_DETAIL
100
AcDbLine
 10
12000.0
 20
11400.0
 30
0.0
 11
13500.0
 21
11400.0
 31
0.0
  0
CIRCLE
  5
A12
330
17
100
AcDbEntity
  8
03_FRAME_DETAIL
100
AcDbCircle
 10
12750.0
 20
6100.0
 30
0.0
 40
180.0
  0
LINE
  5
A13
330
17
100
AcDbEntity
  8
03_CENTER
100
AcDbLine
 10
12470.0
 20
6100.0
 30
0.0
 11
13030.0
 21
6100.0
 31
0.0
  0
LINE
  5
A14
330
17
100
AcDbEntity
  8
03_CENTER
100
AcDbLine
 10
12750.0
 20
5820.0
 30
0.0
 11
12750.0
 21
6380.0
 31
0.0
  0
CIRCLE
  5
A15
330
17
100
AcDbEntity
  8
03_FRAME_DETAIL
100
AcDbCircle
 10
12750.0
 20
9300.0
 30
0.0
 40
180.0
  0
LINE
  5
A16
330
17
100
AcDbEntity
  8
03_CENTER
100
AcDbLine
 10
12470.0
 20
9300.0
 30
0.0
 11
13030.0
 21
9300.0
 31
0.0
  0
LINE
  5
A17
330
17
100
AcDbEntity
  8
03_CENTER
100
AcDbLine
 10
12750.0
 20
9020.0
 30
0.0
 11
12750.0
 21
9580.0
 31
0.0
  0
LINE
  5
A18
330
17
100
AcDbEntity
  8
03_FRAME_DETAIL
100
AcDbLine
 10
10300.0
 20
15692.0
 30
0.0
 11
13500.0
 21
12290.24070343736
 31
0.0
  0
LINE
  5
A19
330
17
100
AcDbEntity
  8
03_FRAME_DETAIL
100
AcDbLine
 10
11800.0
 20
15752.0
 30
0.0
 11
13500.0
 21
14100.0
 31
0.0
  0
LINE
  5
A1A
330
17
100
AcDbEntity
  8
03_FRAME_DETAIL
100
AcDbLine
 10
10800.0
 20
1800.0
 30
0.0
 11
13500.0
 21
4500.0
 31
0.0
  0
LINE
  5
A1B
330
17
100
AcDbEntity
  8
03_FRAME_DETAIL
100
AcDbLine
 10
13500.0
 20
3600.0
 30
0.0
 11
15000.0
 21
1800.0
 31
0.0
  0
LINE
  5
A93
330
17
100
AcDbEntity
  8
01_HULL
100
AcDbLine
 10
1550.0
 20
30000.0
 30
0.0
 11
25450.0
 21
30000.0
 31
0.0
  0
ARC
  5
A94
330
17
100
AcDbEntity
  8
01_HULL
100
AcDbCircle
 10
1550.0
 20
31550.0
 30
0.0
 40
1550.0
100
AcDbArc
 50
180.0
 51
270.0
  0
LINE
  5
A95
330
17
100
AcDbEntity
  8
01_HULL
100
AcDbLine
 10
0.0
 20
31550.0
 30
0.0
 11
0.0
 21
45500.0
 31
0.0
  0
LWPOLYLINE
  5
A96
330
17
100
AcDbEntity
  8
01_HULL
100
AcDbPolyline
 90
        3
 70
     0
 43
0.0
 10
0.0
 20
45500.0
 10
13500.0
 20
46040.0
 10
27000.0
 20
45500.0
  0
ARC
  5
A97
330
17
100
AcDbEntity
  8
01_HULL
100
AcDbCircle
 10
25450.0
 20
31550.0
 30
0.0
 40
1550.0
100
AcDbArc
 50
270.0
 51
360.0
  0
LINE
  5
A98
330
17
100
AcDbEntity
  8
01_HULL
100
AcDbLine
 10
27000.0
 20
31550.0
 30
0.0
 11
27000.0
 21
45500.0
 31
0.0
  0
LINE
  5
A99
330
17
100
AcDbEntity
  8
01_HULL
100
AcDbLine
 10
0.0
 20
31800.0
 30
0.0
 11
27000.0
 21
31800.0
 31
0.0
  0
LINE
  5
A9A
330
17
100
AcDbEntity
  8
01_HULL
100
AcDbLine
 10
2000.0
 20
30000.0
 30
0.0
 11
2000.0
 21
45580.0
 31
0.0
  0
LINE
  5
A9B
330
17
100
AcDbEntity
  8
01_HULL
100
AcDbLine
 10
25000.0
 20
30000.0
 30
0.0
 11
25000.0
 21
45580.0
 31
0.0
  0
LINE
  5
A9C
330
17
100
AcDbEntity
  8
01_HULL
100
AcDbLine
 10
13500.0
 20
30000.0
 30
0.0
 11
13500.0
 21
46040.0
 31
0.0
  0
LINE
  5
A9D
330
17
100
AcDbEntity
  8
01_CENTER
100
AcDbLine
 10
13500.0
 20
28800.0
 30
0.0
 11
13500.0
 21
47340.0
 31
0.0
  0
TEXT
  5
A9E
330
17
100
AcDbEntity
  8
01_TEXT
100
AcDbText
 10
13680.0
 20
47040.0
 30
0.0
 40
260.0
  1
ДП
  7
RU
100
AcDbText
  0
LINE
  5
A9F
330
17
100
AcDbEntity
  8
01_HULL
100
AcDbLine
 10
0.0
 20
35200.0
 30
0.0
 11
2000.0
 21
35200.0
 31
0.0
  0
LINE
  5
AA0
330
17
100
AcDbEntity
  8
01_HULL
100
AcDbLine
 10
25000.0
 20
35200.0
 30
0.0
 11
27000.0
 21
35200.0
 31
0.0
  0
LINE
  5
AA1
330
17
100
AcDbEntity
  8
01_HULL
100
AcDbLine
 10
0.0
 20
38600.0
 30
0.0
 11
2000.0
 21
38600.0
 31
0.0
  0
LINE
  5
AA2
330
17
100
AcDbEntity
  8
01_HULL
100
AcDbLine
 10
25000.0
 20
38600.0
 30
0.0
 11
27000.0
 21
38600.0
 31
0.0
  0
LINE
  5
AA3
330
17
100
AcDbEntity
  8
01_HULL
100
AcDbLine
 10
0.0
 20
42000.0
 30
0.0
 11
2000.0
 21
42000.0
 31
0.0
  0
LINE
  5
AA4
330
17
100
AcDbEntity
  8
01_HULL
100
AcDbLine
 10
25000.0
 20
42000.0
 30
0.0
 11
27000.0
 21
42000.0
 31
0.0
  0
LINE
  5
AA5
330
17
100
AcDbEntity
  8
01_CENTER
100
AcDbLine
 10
-400.0
 20
39400.0
 30
0.0
 11
27400.0
 21
39400.0
 31
0.0
  0
TEXT
  5
AA6
330
17
100
AcDbEntity
  8
01_TEXT
100
AcDbText
 10
27450.0
 20
39500.0
 30
0.0
 40
230.0
  1
КВЛ
  7
RU
100
AcDbText
  0
LINE
  5
AA7
330
17
100
AcDbEntity
  8
01_MEMBER
100
AcDbLine
 10
666.6666666666666
 20
45526.66666666666
 30
0.0
 11
666.6666666666666
 21
45296.66666666665
 31
0.0
  0
LINE
  5
AA8
330
17
100
AcDbEntity
  8
01_MEMBER
100
AcDbLine
 10
1333.333333333333
 20
45553.33333333334
 30
0.0
 11
1333.333333333333
 21
45323.33333333334
 31
0.0
  0
LINE
  5
AA9
330
17
100
AcDbEntity
  8
01_MEMBER
100
AcDbLine
 10
2766.666666666666
 20
45610.66666666666
 30
0.0
 11
2766.666666666666
 21
45380.66666666665
 31
0.0
  0
LINE
  5
AAA
330
17
100
AcDbEntity
  8
01_MEMBER
100
AcDbLine
 10
3533.333333333333
 20
45641.33333333334
 30
0.0
 11
3533.333333333333
 21
45411.33333333334
 31
0.0
  0
LINE
  5
AAB
330
17
100
AcDbEntity
  8
01_MEMBER
100
AcDbLine
 10
4300.0
 20
45672.0
 30
0.0
 11
4300.0
 21
45442.0
 31
0.0
  0
LINE
  5
AAC
330
17
100
AcDbEntity
  8
01_MEMBER
100
AcDbLine
 10
5066.666666666666
 20
45702.66666666666
 30
0.0
 11
5066.666666666666
 21
45472.66666666666
 31
0.0
  0
LINE
  5
AAD
330
17
100
AcDbEntity
  8
01_MEMBER
100
AcDbLine
 10
5833.333333333334
 20
45733.33333333334
 30
0.0
 11
5833.333333333334
 21
45503.33333333334
 31
0.0
  0
LINE
  5
AAE
330
17
100
AcDbEntity
  8
01_MEMBER
100
AcDbLine
 10
6600.0
 20
45764.0
 30
0.0
 11
6600.0
 21
45534.0
 31
0.0
  0
LINE
  5
AAF
330
17
100
AcDbEntity
  8
01_MEMBER
100
AcDbLine
 10
7366.666666666668
 20
45794.66666666665
 30
0.0
 11
7366.666666666668
 21
45564.66666666666
 31
0.0
  0
LINE
  5
AB0
330
17
100
AcDbEntity
  8
01_MEMBER
100
AcDbLine
 10
8133.333333333332
 20
45825.33333333334
 30
0.0
 11
8133.333333333332
 21
45595.33333333334
 31
0.0
  0
LINE
  5
AB1
330
17
100
AcDbEntity
  8
01_MEMBER
100
AcDbLine
 10
8900.0
 20
45856.0
 30
0.0
 11
8900.0
 21
45626.0
 31
0.0
  0
LINE
  5
AB2
330
17
100
AcDbEntity
  8
01_MEMBER
100
AcDbLine
 10
9666.666666666669
 20
45886.66666666665
 30
0.0
 11
9666.666666666669
 21
45656.66666666666
 31
0.0
  0
LINE
  5
AB3
330
17
100
AcDbEntity
  8
01_MEMBER
100
AcDbLine
 10
10433.33333333333
 20
45917.33333333334
 30
0.0
 11
10433.33333333333
 21
45687.33333333334
 31
0.0
  0
LINE
  5
AB4
330
17
100
AcDbEntity
  8
01_MEMBER
100
AcDbLine
 10
11200.0
 20
45948.0
 30
0.0
 11
11200.0
 21
45718.0
 31
0.0
  0
LINE
  5
AB5
330
17
100
AcDbEntity
  8
01_MEMBER
100
AcDbLine
 10
11966.66666666666
 20
45978.66666666665
 30
0.0
 11
11966.66666666666
 21
45748.66666666665
 31
0.0
  0
LINE
  5
AB6
330
17
100
AcDbEntity
  8
01_MEMBER
100
AcDbLine
 10
12733.33333333333
 20
46009.33333333334
 30
0.0
 11
12733.33333333333
 21
45779.33333333334
 31
0.0
  0
LINE
  5
AB7
330
17
100
AcDbEntity
  8
01_MEMBER
100
AcDbLine
 10
26333.33333333333
 20
45526.66666666666
 30
0.0
 11
26333.33333333333
 21
45296.66666666665
 31
0.0
  0
LINE
  5
AB8
330
17
100
AcDbEntity
  8
01_MEMBER
100
AcDbLine
 10
25666.66666666667
 20
45553.33333333334
 30
0.0
 11
25666.66666666667
 21
45323.33333333334
 31
0.0
  0
LINE
  5
AB9
330
17
100
AcDbEntity
  8
01_MEMBER
100
AcDbLine
 10
24233.33333333333
 20
45610.66666666666
 30
0.0
 11
24233.33333333333
 21
45380.66666666665
 31
0.0
  0
LINE
  5
ABA
330
17
100
AcDbEntity
  8
01_MEMBER
100
AcDbLine
 10
23466.66666666667
 20
45641.33333333334
 30
0.0
 11
23466.66666666667
 21
45411.33333333334
 31
0.0
  0
LINE
  5
ABB
330
17
100
AcDbEntity
  8
01_MEMBER
100
AcDbLine
 10
22700.0
 20
45672.0
 30
0.0
 11
22700.0
 21
45442.0
 31
0.0
  0
LINE
  5
ABC
330
17
100
AcDbEntity
  8
01_MEMBER
100
AcDbLine
 10
21933.33333333334
 20
45702.66666666666
 30
0.0
 11
21933.33333333334
 21
45472.66666666666
 31
0.0
  0
LINE
  5
ABD
330
17
100
AcDbEntity
  8
01_MEMBER
100
AcDbLine
 10
21166.66666666667
 20
45733.33333333334
 30
0.0
 11
21166.66666666667
 21
45503.33333333334
 31
0.0
  0
LINE
  5
ABE
330
17
100
AcDbEntity
  8
01_MEMBER
100
AcDbLine
 10
20400.0
 20
45764.0
 30
0.0
 11
20400.0
 21
45534.0
 31
0.0
  0
LINE
  5
ABF
330
17
100
AcDbEntity
  8
01_MEMBER
100
AcDbLine
 10
19633.33333333333
 20
45794.66666666665
 30
0.0
 11
19633.33333333333
 21
45564.66666666666
 31
0.0
  0
LINE
  5
AC0
330
17
100
AcDbEntity
  8
01_MEMBER
100
AcDbLine
 10
18866.66666666667
 20
45825.33333333334
 30
0.0
 11
18866.66666666667
 21
45595.33333333334
 31
0.0
  0
LINE
  5
AC1
330
17
100
AcDbEntity
  8
01_MEMBER
100
AcDbLine
 10
18100.0
 20
45856.0
 30
0.0
 11
18100.0
 21
45626.0
 31
0.0
  0
LINE
  5
AC2
330
17
100
AcDbEntity
  8
01_MEMBER
100
AcDbLine
 10
17333.33333333333
 20
45886.66666666665
 30
0.0
 11
17333.33333333333
 21
45656.66666666666
 31
0.0
  0
LINE
  5
AC3
330
17
100
AcDbEntity
  8
01_MEMBER
100
AcDbLine
 10
16566.66666666666
 20
45917.33333333334
 30
0.0
 11
16566.66666666666
 21
45687.33333333334
 31
0.0
  0
LINE
  5
AC4
330
17
100
AcDbEntity
  8
01_MEMBER
100
AcDbLine
 10
15800.0
 20
45948.0
 30
0.0
 11
15800.0
 21
45718.0
 31
0.0
  0
LINE
  5
AC5
330
17
100
AcDbEntity
  8
01_MEMBER
100
AcDbLine
 10
15033.33333333333
 20
45978.66666666665
 30
0.0
 11
15033.33333333333
 21
45748.66666666665
 31
0.0
  0
LINE
  5
AC6
330
17
100
AcDbEntity
  8
01_MEMBER
100
AcDbLine
 10
14266.66666666666
 20
46009.33333333334
 30
0.0
 11
14266.66666666666
 21
45779.33333333334
 31
0.0
  0
LINE
  5
AC7
330
17
100
AcDbEntity
  8
01_MEMBER
100
AcDbLine
 10
2766.666666666666
 20
30000.0
 30
0.0
 11
2766.666666666666
 21
30260.0
 31
0.0
  0
LINE
  5
AC8
330
17
100
AcDbEntity
  8
01_MEMBER
100
AcDbLine
 10
2766.666666666666
 20
31800.0
 30
0.0
 11
2766.666666666666
 21
31550.0
 31
0.0
  0
LINE
  5
AC9
330
17
100
AcDbEntity
  8
01_MEMBER
100
AcDbLine
 10
3533.333333333333
 20
30000.0
 30
0.0
 11
3533.333333333333
 21
30260.0
 31
0.0
  0
LINE
  5
ACA
330
17
100
AcDbEntity
  8
01_MEMBER
100
AcDbLine
 10
3533.333333333333
 20
31800.0
 30
0.0
 11
3533.333333333333
 21
31550.0
 31
0.0
  0
LINE
  5
ACB
330
17
100
AcDbEntity
  8
01_MEMBER
100
AcDbLine
 10
4300.0
 20
30000.0
 30
0.0
 11
4300.0
 21
30260.0
 31
0.0
  0
LINE
  5
ACC
330
17
100
AcDbEntity
  8
01_MEMBER
100
AcDbLine
 10
4300.0
 20
31800.0
 30
0.0
 11
4300.0
 21
31550.0
 31
0.0
  0
LINE
  5
ACD
330
17
100
AcDbEntity
  8
01_MEMBER
100
AcDbLine
 10
5066.666666666666
 20
30000.0
 30
0.0
 11
5066.666666666666
 21
30260.0
 31
0.0
  0
LINE
  5
ACE
330
17
100
AcDbEntity
  8
01_MEMBER
100
AcDbLine
 10
5066.666666666666
 20
31800.0
 30
0.0
 11
5066.666666666666
 21
31550.0
 31
0.0
  0
LINE
  5
ACF
330
17
100
AcDbEntity
  8
01_MEMBER
100
AcDbLine
 10
5833.333333333334
 20
30000.0
 30
0.0
 11
5833.333333333334
 21
30260.0
 31
0.0
  0
LINE
  5
AD0
330
17
100
AcDbEntity
  8
01_MEMBER
100
AcDbLine
 10
5833.333333333334
 20
31800.0
 30
0.0
 11
5833.333333333334
 21
31550.0
 31
0.0
  0
LINE
  5
AD1
330
17
100
AcDbEntity
  8
01_MEMBER
100
AcDbLine
 10
6600.0
 20
30000.0
 30
0.0
 11
6600.0
 21
30260.0
 31
0.0
  0
LINE
  5
AD2
330
17
100
AcDbEntity
  8
01_MEMBER
100
AcDbLine
 10
6600.0
 20
31800.0
 30
0.0
 11
6600.0
 21
31550.0
 31
0.0
  0
LINE
  5
AD3
330
17
100
AcDbEntity
  8
01_MEMBER
100
AcDbLine
 10
7366.666666666668
 20
30000.0
 30
0.0
 11
7366.666666666668
 21
30260.0
 31
0.0
  0
LINE
  5
AD4
330
17
100
AcDbEntity
  8
01_MEMBER
100
AcDbLine
 10
7366.666666666668
 20
31800.0
 30
0.0
 11
7366.666666666668
 21
31550.0
 31
0.0
  0
LINE
  5
AD5
330
17
100
AcDbEntity
  8
01_MEMBER
100
AcDbLine
 10
8133.333333333332
 20
30000.0
 30
0.0
 11
8133.333333333332
 21
30260.0
 31
0.0
  0
LINE
  5
AD6
330
17
100
AcDbEntity
  8
01_MEMBER
100
AcDbLine
 10
8133.333333333332
 20
31800.0
 30
0.0
 11
8133.333333333332
 21
31550.0
 31
0.0
  0
LINE
  5
AD7
330
17
100
AcDbEntity
  8
01_MEMBER
100
AcDbLine
 10
8900.0
 20
30000.0
 30
0.0
 11
8900.0
 21
30260.0
 31
0.0
  0
LINE
  5
AD8
330
17
100
AcDbEntity
  8
01_MEMBER
100
AcDbLine
 10
8900.0
 20
31800.0
 30
0.0
 11
8900.0
 21
31550.0
 31
0.0
  0
LINE
  5
AD9
330
17
100
AcDbEntity
  8
01_MEMBER
100
AcDbLine
 10
9666.666666666669
 20
30000.0
 30
0.0
 11
9666.666666666669
 21
30260.0
 31
0.0
  0
LINE
  5
ADA
330
17
100
AcDbEntity
  8
01_MEMBER
100
AcDbLine
 10
9666.666666666669
 20
31800.0
 30
0.0
 11
9666.666666666669
 21
31550.0
 31
0.0
  0
LINE
  5
ADB
330
17
100
AcDbEntity
  8
01_MEMBER
100
AcDbLine
 10
10433.33333333333
 20
30000.0
 30
0.0
 11
10433.33333333333
 21
30260.0
 31
0.0
  0
LINE
  5
ADC
330
17
100
AcDbEntity
  8
01_MEMBER
100
AcDbLine
 10
10433.33333333333
 20
31800.0
 30
0.0
 11
10433.33333333333
 21
31550.0
 31
0.0
  0
LINE
  5
ADD
330
17
100
AcDbEntity
  8
01_MEMBER
100
AcDbLine
 10
11200.0
 20
30000.0
 30
0.0
 11
11200.0
 21
30260.0
 31
0.0
  0
LINE
  5
ADE
330
17
100
AcDbEntity
  8
01_MEMBER
100
AcDbLine
 10
11200.0
 20
31800.0
 30
0.0
 11
11200.0
 21
31550.0
 31
0.0
  0
LINE
  5
ADF
330
17
100
AcDbEntity
  8
01_MEMBER
100
AcDbLine
 10
11966.66666666666
 20
30000.0
 30
0.0
 11
11966.66666666666
 21
30260.0
 31
0.0
  0
LINE
  5
AE0
330
17
100
AcDbEntity
  8
01_MEMBER
100
AcDbLine
 10
11966.66666666666
 20
31800.0
 30
0.0
 11
11966.66666666666
 21
31550.0
 31
0.0
  0
LINE
  5
AE1
330
17
100
AcDbEntity
  8
01_MEMBER
100
AcDbLine
 10
12733.33333333333
 20
30000.0
 30
0.0
 11
12733.33333333333
 21
30260.0
 31
0.0
  0
LINE
  5
AE2
330
17
100
AcDbEntity
  8
01_MEMBER
100
AcDbLine
 10
12733.33333333333
 20
31800.0
 30
0.0
 11
12733.33333333333
 21
31550.0
 31
0.0
  0
LINE
  5
AE3
330
17
100
AcDbEntity
  8
01_MEMBER
100
AcDbLine
 10
24233.33333333333
 20
30000.0
 30
0.0
 11
24233.33333333333
 21
30260.0
 31
0.0
  0
LINE
  5
AE4
330
17
100
AcDbEntity
  8
01_MEMBER
100
AcDbLine
 10
24233.33333333333
 20
31800.0
 30
0.0
 11
24233.33333333333
 21
31550.0
 31
0.0
  0
LINE
  5
AE5
330
17
100
AcDbEntity
  8
01_MEMBER
100
AcDbLine
 10
23466.66666666667
 20
30000.0
 30
0.0
 11
23466.66666666667
 21
30260.0
 31
0.0
  0
LINE
  5
AE6
330
17
100
AcDbEntity
  8
01_MEMBER
100
AcDbLine
 10
23466.66666666667
 20
31800.0
 30
0.0
 11
23466.66666666667
 21
31550.0
 31
0.0
  0
LINE
  5
AE7
330
17
100
AcDbEntity
  8
01_MEMBER
100
AcDbLine
 10
22700.0
 20
30000.0
 30
0.0
 11
22700.0
 21
30260.0
 31
0.0
  0
LINE
  5
AE8
330
17
100
AcDbEntity
  8
01_MEMBER
100
AcDbLine
 10
22700.0
 20
31800.0
 30
0.0
 11
22700.0
 21
31550.0
 31
0.0
  0
LINE
  5
AE9
330
17
100
AcDbEntity
  8
01_MEMBER
100
AcDbLine
 10
21933.33333333334
 20
30000.0
 30
0.0
 11
21933.33333333334
 21
30260.0
 31
0.0
  0
LINE
  5
AEA
330
17
100
AcDbEntity
  8
01_MEMBER
100
AcDbLine
 10
21933.33333333334
 20
31800.0
 30
0.0
 11
21933.33333333334
 21
31550.0
 31
0.0
  0
LINE
  5
AEB
330
17
100
AcDbEntity
  8
01_MEMBER
100
AcDbLine
 10
21166.66666666667
 20
30000.0
 30
0.0
 11
21166.66666666667
 21
30260.0
 31
0.0
  0
LINE
  5
AEC
330
17
100
AcDbEntity
  8
01_MEMBER
100
AcDbLine
 10
21166.66666666667
 20
31800.0
 30
0.0
 11
21166.66666666667
 21
31550.0
 31
0.0
  0
LINE
  5
AED
330
17
100
AcDbEntity
  8
01_MEMBER
100
AcDbLine
 10
20400.0
 20
30000.0
 30
0.0
 11
20400.0
 21
30260.0
 31
0.0
  0
LINE
  5
AEE
330
17
100
AcDbEntity
  8
01_MEMBER
100
AcDbLine
 10
20400.0
 20
31800.0
 30
0.0
 11
20400.0
 21
31550.0
 31
0.0
  0
LINE
  5
AEF
330
17
100
AcDbEntity
  8
01_MEMBER
100
AcDbLine
 10
19633.33333333333
 20
30000.0
 30
0.0
 11
19633.33333333333
 21
30260.0
 31
0.0
  0
LINE
  5
AF0
330
17
100
AcDbEntity
  8
01_MEMBER
100
AcDbLine
 10
19633.33333333333
 20
31800.0
 30
0.0
 11
19633.33333333333
 21
31550.0
 31
0.0
  0
LINE
  5
AF1
330
17
100
AcDbEntity
  8
01_MEMBER
100
AcDbLine
 10
18866.66666666667
 20
30000.0
 30
0.0
 11
18866.66666666667
 21
30260.0
 31
0.0
  0
LINE
  5
AF2
330
17
100
AcDbEntity
  8
01_MEMBER
100
AcDbLine
 10
18866.66666666667
 20
31800.0
 30
0.0
 11
18866.66666666667
 21
31550.0
 31
0.0
  0
LINE
  5
AF3
330
17
100
AcDbEntity
  8
01_MEMBER
100
AcDbLine
 10
18100.0
 20
30000.0
 30
0.0
 11
18100.0
 21
30260.0
 31
0.0
  0
LINE
  5
AF4
330
17
100
AcDbEntity
  8
01_MEMBER
100
AcDbLine
 10
18100.0
 20
31800.0
 30
0.0
 11
18100.0
 21
31550.0
 31
0.0
  0
LINE
  5
AF5
330
17
100
AcDbEntity
  8
01_MEMBER
100
AcDbLine
 10
17333.33333333333
 20
30000.0
 30
0.0
 11
17333.33333333333
 21
30260.0
 31
0.0
  0
LINE
  5
AF6
330
17
100
AcDbEntity
  8
01_MEMBER
100
AcDbLine
 10
17333.33333333333
 20
31800.0
 30
0.0
 11
17333.33333333333
 21
31550.0
 31
0.0
  0
LINE
  5
AF7
330
17
100
AcDbEntity
  8
01_MEMBER
100
AcDbLine
 10
16566.66666666666
 20
30000.0
 30
0.0
 11
16566.66666666666
 21
30260.0
 31
0.0
  0
LINE
  5
AF8
330
17
100
AcDbEntity
  8
01_MEMBER
100
AcDbLine
 10
16566.66666666666
 20
31800.0
 30
0.0
 11
16566.66666666666
 21
31550.0
 31
0.0
  0
LINE
  5
AF9
330
17
100
AcDbEntity
  8
01_MEMBER
100
AcDbLine
 10
15800.0
 20
30000.0
 30
0.0
 11
15800.0
 21
30260.0
 31
0.0
  0
LINE
  5
AFA
330
17
100
AcDbEntity
  8
01_MEMBER
100
AcDbLine
 10
15800.0
 20
31800.0
 30
0.0
 11
15800.0
 21
31550.0
 31
0.0
  0
LINE
  5
AFB
330
17
100
AcDbEntity
  8
01_MEMBER
100
AcDbLine
 10
15033.33333333333
 20
30000.0
 30
0.0
 11
15033.33333333333
 21
30260.0
 31
0.0
  0
LINE
  5
AFC
330
17
100
AcDbEntity
  8
01_MEMBER
100
AcDbLine
 10
15033.33333333333
 20
31800.0
 30
0.0
 11
15033.33333333333
 21
31550.0
 31
0.0
  0
LINE
  5
AFD
330
17
100
AcDbEntity
  8
01_MEMBER
100
AcDbLine
 10
14266.66666666666
 20
30000.0
 30
0.0
 11
14266.66666666666
 21
30260.0
 31
0.0
  0
LINE
  5
AFE
330
17
100
AcDbEntity
  8
01_MEMBER
100
AcDbLine
 10
14266.66666666666
 20
31800.0
 30
0.0
 11
14266.66666666666
 21
31550.0
 31
0.0
  0
LINE
  5
AFF
330
17
100
AcDbEntity
  8
01_MEMBER
100
AcDbLine
 10
2000.0
 20
33050.0
 30
0.0
 11
2000.0
 21
33950.0
 31
0.0
  0
LINE
  5
B00
330
17
100
AcDbEntity
  8
01_MEMBER
100
AcDbLine
 10
2000.0
 20
33500.0
 30
0.0
 11
2200.0
 21
33500.0
 31
0.0
  0
LINE
  5
B01
330
17
100
AcDbEntity
  8
01_MEMBER
100
AcDbLine
 10
2000.0
 20
36450.0
 30
0.0
 11
2000.0
 21
37350.0
 31
0.0
  0
LINE
  5
B02
330
17
100
AcDbEntity
  8
01_MEMBER
100
AcDbLine
 10
2000.0
 20
36900.0
 30
0.0
 11
2200.0
 21
36900.0
 31
0.0
  0
LINE
  5
B03
330
17
100
AcDbEntity
  8
01_MEMBER
100
AcDbLine
 10
2000.0
 20
39850.0
 30
0.0
 11
2000.0
 21
40750.0
 31
0.0
  0
LINE
  5
B04
330
17
100
AcDbEntity
  8
01_MEMBER
100
AcDbLine
 10
2000.0
 20
40300.0
 30
0.0
 11
2200.0
 21
40300.0
 31
0.0
  0
LINE
  5
B05
330
17
100
AcDbEntity
  8
01_MEMBER
100
AcDbLine
 10
2000.0
 20
43300.0
 30
0.0
 11
2000.0
 21
44200.0
 31
0.0
  0
LINE
  5
B06
330
17
100
AcDbEntity
  8
01_MEMBER
100
AcDbLine
 10
2000.0
 20
43750.0
 30
0.0
 11
2200.0
 21
43750.0
 31
0.0
  0
LINE
  5
B07
330
17
100
AcDbEntity
  8
01_MEMBER
100
AcDbLine
 10
25000.0
 20
33050.0
 30
0.0
 11
25000.0
 21
33950.0
 31
0.0
  0
LINE
  5
B08
330
17
100
AcDbEntity
  8
01_MEMBER
100
AcDbLine
 10
25000.0
 20
33500.0
 30
0.0
 11
24800.0
 21
33500.0
 31
0.0
  0
LINE
  5
B09
330
17
100
AcDbEntity
  8
01_MEMBER
100
AcDbLine
 10
25000.0
 20
36450.0
 30
0.0
 11
25000.0
 21
37350.0
 31
0.0
  0
LINE
  5
B0A
330
17
100
AcDbEntity
  8
01_MEMBER
100
AcDbLine
 10
25000.0
 20
36900.0
 30
0.0
 11
24800.0
 21
36900.0
 31
0.0
  0
LINE
  5
B0B
330
17
100
AcDbEntity
  8
01_MEMBER
100
AcDbLine
 10
25000.0
 20
39850.0
 30
0.0
 11
25000.0
 21
40750.0
 31
0.0
  0
LINE
  5
B0C
330
17
100
AcDbEntity
  8
01_MEMBER
100
AcDbLine
 10
25000.0
 20
40300.0
 30
0.0
 11
24800.0
 21
40300.0
 31
0.0
  0
LINE
  5
B0D
330
17
100
AcDbEntity
  8
01_MEMBER
100
AcDbLine
 10
25000.0
 20
43300.0
 30
0.0
 11
25000.0
 21
44200.0
 31
0.0
  0
LINE
  5
B0E
330
17
100
AcDbEntity
  8
01_MEMBER
100
AcDbLine
 10
25000.0
 20
43750.0
 30
0.0
 11
24800.0
 21
43750.0
 31
0.0
  0
TEXT
  5
B0F
330
17
100
AcDbEntity
  8
01_TEXT
100
AcDbText
 10
1000.0
 20
49200.0
 30
0.0
 40
440.0
  1
СХЕМА НАБОРА МИДЕЛЬ-ШПАНГОУТА. ТАНКЕР
  7
RU
100
AcDbText
  0
LWPOLYLINE
  5
B10
330
17
100
AcDbEntity
  8
01_SEAM
100
AcDbPolyline
 90
        3
 70
     0
 43
0.0
 10
7800.0
 20
45662.0
 10
5000.0
 20
47620.0
 10
8335.0
 20
47620.0
  0
TEXT
  5
B11
330
17
100
AcDbEntity
  8
01_TEXT
100
AcDbText
 10
5000.0
 20
47700.0
 30
0.0
 40
260.0
  1
Продольный набор палубы
  7
RU
100
AcDbText
  0
LWPOLYLINE
  5
B12
330
17
100
AcDbEntity
  8
01_SEAM
100
AcDbPolyline
 90
        3
 70
     0
 43
0.0
 10
7800.0
 20
30100.0
 10
5000.0
 20
27620.0
 10
8190.0
 20
27620.0
  0
TEXT
  5
B13
330
17
100
AcDbEntity
  8
01_TEXT
100
AcDbText
 10
5000.0
 20
27700.0
 30
0.0
 40
260.0
  1
Продольный набор днища
  7
RU
100
AcDbText
  0
LWPOLYLINE
  5
B14
330
17
100
AcDbEntity
  8
01_SEAM
100
AcDbPolyline
 90
        3
 70
     0
 43
0.0
 10
2000.0
 20
36900.0
 10
3800.0
 20
37320.0
 10
6990.0
 20
37320.0
  0
TEXT
  5
B15
330
17
100
AcDbEntity
  8
01_TEXT
100
AcDbText
 10
3800.0
 20
37400.0
 30
0.0
 40
260.0
  1
Поперечный набор борта
  7
RU
100
AcDbText
  0
LWPOLYLINE
  5
B16
330
17
100
AcDbEntity
  8
01_SEAM
100
AcDbPolyline
 90
        3
 70
     0
 43
0.0
 10
13500.0
 20
38500.0
 10
16000.0
 20
37520.0
 10
18900.0
 20
37520.0
  0
TEXT
  5
B17
330
17
100
AcDbEntity
  8
01_TEXT
100
AcDbText
 10
16000.0
 20
37600.0
 30
0.0
 40
260.0
  1
Продольная переборка
  7
RU
100
AcDbText
  0
LWPOLYLINE
  5
B18
330
17
100
AcDbEntity
  8
01_SEAM
100
AcDbPolyline
 90
        3
 70
     0
 43
0.0
 10
1000.0
 20
42000.0
 10
3800.0
 20
42220.0
 10
7280.0
 20
42220.0
  0
TEXT
  5
B19
330
17
100
AcDbEntity
  8
01_TEXT
100
AcDbText
 10
3800.0
 20
42300.0
 30
0.0
 40
260.0
  1
Платформа двойного борта
  7
RU
100
AcDbText
  0
LINE
  5
B1A
330
17
100
AcDbEntity
  8
01_DIM
100
AcDbLine
 10
0.0
 20
30000.0
 30
0.0
 11
0.0
 21
26380.0
 31
0.0
  0
LINE
  5
B1B
330
17
100
AcDbEntity
  8
01_DIM
100
AcDbLine
 10
27000.0
 20
30000.0
 30
0.0
 11
27000.0
 21
26380.0
 31
0.0
  0
LINE
  5
B1C
330
17
100
AcDbEntity
  8
01_DIM
100
AcDbLine
 10
0.0
 20
26200.0
 30
0.0
 11
27000.0
 21
26200.0
 31
0.0
  0
LWPOLYLINE
  5
B1D
330
17
100
AcDbEntity
  8
01_DIM
100
AcDbPolyline
 90
        3
 70
     0
 43
0.0
 10
160.0
 20
26250.0
 10
0.0
 20
26200.0
 10
160.0
 20
26150.0
  0
LWPOLYLINE
  5
B1E
330
17
100
AcDbEntity
  8
01_DIM
100
AcDbPolyline
 90
        3
 70
     0
 43
0.0
 10
26840.0
 20
26250.0
 10
27000.0
 20
26200.0
 10
26840.0
 20
26150.0
  0
TEXT
  5
B1F
330
17
100
AcDbEntity
  8
01_DIM
100
AcDbText
 10
13075.0
 20
26380.0
 30
0.0
 40
240.0
  1
27000
  7
RU
100
AcDbText
  0
LINE
  5
B20
330
17
100
AcDbEntity
  8
01_DIM
100
AcDbLine
 10
0.0
 20
45500.0
 30
0.0
 11
0.0
 21
47680.0
 31
0.0
  0
LINE
  5
B21
330
17
100
AcDbEntity
  8
01_DIM
100
AcDbLine
 10
2000.0
 20
45580.0
 30
0.0
 11
2000.0
 21
47680.0
 31
0.0
  0
LINE
  5
B22
330
17
100
AcDbEntity
  8
01_DIM
100
AcDbLine
 10
0.0
 20
47500.0
 30
0.0
 11
2000.0
 21
47500.0
 31
0.0
  0
LWPOLYLINE
  5
B23
330
17
100
AcDbEntity
  8
01_DIM
100
AcDbPolyline
 90
        3
 70
     0
 43
0.0
 10
160.0
 20
47550.0
 10
0.0
 20
47500.0
 10
160.0
 20
47450.0
  0
LWPOLYLINE
  5
B24
330
17
100
AcDbEntity
  8
01_DIM
100
AcDbPolyline
 90
        3
 70
     0
 43
0.0
 10
1840.0
 20
47550.0
 10
2000.0
 20
47500.0
 10
1840.0
 20
47450.0
  0
TEXT
  5
B25
330
17
100
AcDbEntity
  8
01_DIM
100
AcDbText
 10
660.0
 20
47680.0
 30
0.0
 40
240.0
  1
2000
  7
RU
100
AcDbText
  0
LINE
  5
B26
330
17
100
AcDbEntity
  8
01_DIM
100
AcDbLine
 10
0.0
 20
45500.0
 30
0.0
 11
0.0
 21
46430.0
 31
0.0
  0
LINE
  5
B27
330
17
100
AcDbEntity
  8
01_DIM
100
AcDbLine
 10
666.6666666666666
 20
45526.66666666666
 30
0.0
 11
666.6666666666666
 21
46430.0
 31
0.0
  0
LINE
  5
B28
330
17
100
AcDbEntity
  8
01_DIM
100
AcDbLine
 10
0.0
 20
46250.0
 30
0.0
 11
666.6666666666666
 21
46250.0
 31
0.0
  0
LWPOLYLINE
  5
B29
330
17
100
AcDbEntity
  8
01_DIM
100
AcDbPolyline
 90
        3
 70
     0
 43
0.0
 10
160.0
 20
46300.0
 10
0.0
 20
46250.0
 10
160.0
 20
46200.0
  0
LWPOLYLINE
  5
B2A
330
17
100
AcDbEntity
  8
01_DIM
100
AcDbPolyline
 90
        3
 70
     0
 43
0.0
 10
506.6666666666665
 20
46300.0
 10
666.6666666666666
 20
46250.0
 10
506.6666666666665
 20
46200.0
  0
TEXT
  5
B2B
330
17
100
AcDbEntity
  8
01_DIM
100
AcDbText
 10
-91.66666666666669
 20
46430.0
 30
0.0
 40
240.0
  1
666,7
  7
RU
100
AcDbText
  0
LINE
  5
B2C
330
17
100
AcDbEntity
  8
01_DIM
100
AcDbLine
 10
2000.0
 20
45580.0
 30
0.0
 11
2000.0
 21
46730.0
 31
0.0
  0
LINE
  5
B2D
330
17
100
AcDbEntity
  8
01_DIM
100
AcDbLine
 10
2766.666666666666
 20
45610.66666666666
 30
0.0
 11
2766.666666666666
 21
46730.0
 31
0.0
  0
LINE
  5
B2E
330
17
100
AcDbEntity
  8
01_DIM
100
AcDbLine
 10
2000.0
 20
46550.0
 30
0.0
 11
2766.666666666666
 21
46550.0
 31
0.0
  0
LWPOLYLINE
  5
B2F
330
17
100
AcDbEntity
  8
01_DIM
100
AcDbPolyline
 90
        3
 70
     0
 43
0.0
 10
2160.0
 20
46600.0
 10
2000.0
 20
46550.0
 10
2160.0
 20
46500.0
  0
LWPOLYLINE
  5
B30
330
17
100
AcDbEntity
  8
01_DIM
100
AcDbPolyline
 90
        3
 70
     0
 43
0.0
 10
2606.666666666667
 20
46600.0
 10
2766.666666666666
 20
46550.0
 10
2606.666666666667
 20
46500.0
  0
TEXT
  5
B31
330
17
100
AcDbEntity
  8
01_DIM
100
AcDbText
 10
1958.333333333333
 20
46730.0
 30
0.0
 40
240.0
  1
766,7
  7
RU
100
AcDbText
  0
LINE
  5
B39
330
17
100
AcDbEntity
  8
02_HULL
100
AcDbLine
 10
48550.0
 20
35000.0
 30
0.0
 11
60500.0
 21
35000.0
 31
0.0
  0
ARC
  5
B3A
330
17
100
AcDbEntity
  8
02_HULL
100
AcDbCircle
 10
48550.0
 20
36550.0
 30
0.0
 40
1550.0
100
AcDbArc
 50
180.0
 51
270.0
  0
LINE
  5
B3B
330
17
100
AcDbEntity
  8
02_HULL
100
AcDbLine
 10
47000.0
 20
36550.0
 30
0.0
 11
47000.0
 21
50500.0
 31
0.0
  0
LWPOLYLINE
  5
B3C
330
17
100
AcDbEntity
  8
02_HULL
100
AcDbPolyline
 90
        2
 70
     0
 43
0.0
 10
47000.0
 20
50500.0
 10
60500.0
 20
51040.0
  0
LINE
  5
B3D
330
17
100
AcDbEntity
  8
02_HULL
100
AcDbLine
 10
47000.0
 20
36800.0
 30
0.0
 11
60500.0
 21
36800.0
 31
0.0
  0
LINE
  5
B3E
330
17
100
AcDbEntity
  8
02_HULL
100
AcDbLine
 10
49000.0
 20
35000.0
 30
0.0
 11
49000.0
 21
50580.0
 31
0.0
  0
LINE
  5
B3F
330
17
100
AcDbEntity
  8
02_HULL
100
AcDbLine
 10
60500.0
 20
35000.0
 30
0.0
 11
60500.0
 21
51040.0
 31
0.0
  0
LINE
  5
B40
330
17
100
AcDbEntity
  8
02_CENTER
100
AcDbLine
 10
60500.0
 20
33800.0
 30
0.0
 11
60500.0
 21
52340.0
 31
0.0
  0
TEXT
  5
B41
330
17
100
AcDbEntity
  8
02_TEXT
100
AcDbText
 10
60680.0
 20
52040.0
 30
0.0
 40
260.0
  1
ДП
  7
RU
100
AcDbText
  0
LINE
  5
B42
330
17
100
AcDbEntity
  8
02_HULL
100
AcDbLine
 10
47000.0
 20
40200.0
 30
0.0
 11
49000.0
 21
40200.0
 31
0.0
  0
LINE
  5
B43
330
17
100
AcDbEntity
  8
02_HULL
100
AcDbLine
 10
47000.0
 20
43600.0
 30
0.0
 11
49000.0
 21
43600.0
 31
0.0
  0
LINE
  5
B44
330
17
100
AcDbEntity
  8
02_HULL
100
AcDbLine
 10
47000.0
 20
47000.0
 30
0.0
 11
49000.0
 21
47000.0
 31
0.0
  0
LINE
  5
B45
330
17
100
AcDbEntity
  8
02_CENTER
100
AcDbLine
 10
46600.0
 20
44400.0
 30
0.0
 11
60900.0
 21
44400.0
 31
0.0
  0
TEXT
  5
B46
330
17
100
AcDbEntity
  8
02_TEXT
100
AcDbText
 10
60950.0
 20
44500.0
 30
0.0
 40
230.0
  1
КВЛ
  7
RU
100
AcDbText
  0
TEXT
  5
B47
330
17
100
AcDbEntity
  8
02_TEXT
100
AcDbText
 10
41800.0
 20
54200.0
 30
0.0
 40
330.0
  1
ОБШИВКА. ЭПЮРЫ МОРЯ И НЕТТО-ДАВЛЕНИЯ БАЛЛАСТА
  7
RU
100
AcDbText
  0
LWPOLYLINE
  5
B48
330
17
100
AcDbEntity
  8
02_PRESSURE
100
AcDbPolyline
 90
       53
 70
     0
 43
0.0
 10
60500.0
 20
28557.84055763787
 10
48550.0
 20
28557.84055763787
 10
46778.53480823643
 20
28777.08918875737
 10
46066.90355443809
 20
28995.34065859173
 10
45535.97563239879
 20
29212.59496714093
 10
45101.070667187
 20
29428.85211440498
 10
44729.08731057305
 20
29644.11210038388
 10
44402.90324510063
 20
29858.37492507763
 10
44112.26312033721
 20
30071.64058848623
 10
43850.43181795725
 20
30283.90909060968
 10
43612.69517411176
 20
30495.18043144797
 10
43395.59545815988
 20
30705.45461100111
 10
43196.50386449162
 20
30914.7316292691
 10
43013.36427807773
 20
31123.01148625194
 10
42844.53112832179
 20
31330.29418194964
 10
42688.66219845261
 20
31536.57971636217
 10
42544.64516856535
 20
31741.86808948956
 10
42411.54573510904
 20
31946.15930133179
 10
42288.5700176605
 20
32149.45335188888
 10
42175.03671085693
 20
32351.75024116081
 10
42070.35605604287
 20
32553.04996914758
 10
41974.0136936633
 20
32753.35253584922
 10
41885.55807860002
 20
32952.65794126569
 10
41804.5905427452
 20
33150.96618539702
 10
41730.75735584395
 20
33348.2772682432
 10
41663.74331649533
 20
33544.59118980422
 10
41603.26653026147
 20
33739.90795008009
 10
41549.07411986352
 20
33934.22754907081
 10
41500.93867541663
 20
34127.54998677638
 10
41458.65529837926
 20
34319.8752631968
 10
41422.03912654633
 20
34511.20337833207
 10
41390.9232525054
 20
34701.53433218219
 10
41365.1569669025
 20
34890.86812474714
 10
41344.60427230749
 20
35079.20475602697
 10
41329.14262461159
 20
35266.54422602161
 10
41318.66186757908
 20
35452.88653473112
 10
41313.06333302712
 20
35638.23168215549
 10
41312.25908457285
 20
35822.57966829469
 10
41316.17128730095
 20
36005.93049314873
 10
41324.73168932087
 20
36188.28415671765
 10
41337.88120419292
 20
36369.6406590014
 10
41355.56958575899
 20
36550.0
 10
41484.23555803661
 20
36800.0
 10
42071.08913421516
 20
37940.265693
 10
43100.41691243598
 20
39940.265693
 10
44129.74469065681
 20
41940.265693
 10
45159.07246887763
 20
43940.265693
 10
45395.68111527573
 20
44400.0
 10
45580.74403828968
 20
45940.265693
 10
45761.26143256622
 20
47442.69927
 10
45881.99622099917
 20
48447.56642300001
 10
46035.47986527573
 20
49725.0
 10
46128.59611527572
 20
50500.0
  0
LINE
  5
B49
330
17
100
AcDbEntity
  8
02_PRESSURE
100
AcDbLine
 10
60500.0
 20
35000.0
 30
0.0
 11
60500.0
 21
28557.84055763787
 31
0.0
  0
LINE
  5
B4A
330
17
100
AcDbEntity
  8
02_PRESSURE
100
AcDbLine
 10
48550.0
 20
35000.0
 30
0.0
 11
48550.0
 21
28557.84055763787
 31
0.0
  0
TEXT
  5
B4B
330
17
100
AcDbEntity
  8
02_PRESSURE
100
AcDbText
 10
47250.0
 20
28677.84055763787
 30
0.0
 40
250.0
  1
107,37
  7
RU
100
AcDbText
  0
LINE
  5
B4C
330
17
100
AcDbEntity
  8
02_PRESSURE
100
AcDbLine
 10
47000.0
 20
36800.0
 30
0.0
 11
41484.23555803661
 21
36800.0
 31
0.0
  0
TEXT
  5
B4D
330
17
100
AcDbEntity
  8
02_PRESSURE
100
AcDbText
 10
40184.23555803661
 20
36920.0
 30
0.0
 40
250.0
  1
91,93
  7
RU
100
AcDbText
  0
LINE
  5
B4E
330
17
100
AcDbEntity
  8
02_PRESSURE
100
AcDbLine
 10
47000.0
 20
44400.0
 30
0.0
 11
45395.68111527573
 21
44400.0
 31
0.0
  0
TEXT
  5
B4F
330
17
100
AcDbEntity
  8
02_PRESSURE
100
AcDbText
 10
44095.68111527573
 20
44520.0
 30
0.0
 40
250.0
  1
26,74
  7
RU
100
AcDbText
  0
LINE
  5
B50
330
17
100
AcDbEntity
  8
02_PRESSURE
100
AcDbLine
 10
47000.0
 20
50500.0
 30
0.0
 11
46128.59611527572
 21
50500.0
 31
0.0
  0
TEXT
  5
B51
330
17
100
AcDbEntity
  8
02_PRESSURE
100
AcDbText
 10
44828.59611527572
 20
50620.0
 30
0.0
 40
250.0
  1
14,52
  7
RU
100
AcDbText
  0
LINE
  5
B52
330
17
100
AcDbEntity
  8
02_PRESSURE
100
AcDbLine
 10
47000.0
 20
39940.265693
 30
0.0
 11
43100.41691243598
 21
39940.265693
 31
0.0
  0
TEXT
  5
B53
330
17
100
AcDbEntity
  8
02_PRESSURE
100
AcDbText
 10
41800.41691243598
 20
40060.265693
 30
0.0
 40
250.0
  1
64,99
  7
RU
100
AcDbText
  0
LINE
  5
B54
330
17
100
AcDbEntity
  8
02_PRESSURE
100
AcDbLine
 10
47000.0
 20
45940.265693
 30
0.0
 11
45580.74403828968
 21
45940.265693
 31
0.0
  0
TEXT
  5
B55
330
17
100
AcDbEntity
  8
02_PRESSURE
100
AcDbText
 10
44280.74403828968
 20
46060.26569299999
 30
0.0
 40
250.0
  1
23,65
  7
RU
100
AcDbText
  0
LINE
  5
B56
330
17
100
AcDbEntity
  8
02_PRESSURE
100
AcDbLine
 10
47000.0
 20
48447.56642300001
 30
0.0
 11
45881.99622099917
 21
48447.56642300001
 31
0.0
  0
TEXT
  5
B57
330
17
100
AcDbEntity
  8
02_PRESSURE
100
AcDbText
 10
44581.99622099917
 20
48567.566423
 30
0.0
 40
250.0
  1
18,63
  7
RU
100
AcDbText
  0
TEXT
  5
B58
330
17
100
AcDbEntity
  8
02_PRESSURE
100
AcDbText
 10
39900.0
 20
52500.0
 30
0.0
 40
300.0
  1
p, кПа
  7
RU
100
AcDbText
  0
TEXT
  5
B59
330
17
100
AcDbEntity
  8
02_PRESSURE
100
AcDbText
 10
41000.0
 20
26200.0
 30
0.0
 40
240.0
  1
10 кПа
  7
RU
100
AcDbText
  0
LINE
  5
B5A
330
17
100
AcDbEntity
  8
02_PRESSURE
100
AcDbLine
 10
41000.0
 20
25800.0
 30
0.0
 11
41600.0
 21
25800.0
 31
0.0
  0
LINE
  5
B5B
330
17
100
AcDbEntity
  8
02_PRESSURE
100
AcDbLine
 10
41000.0
 20
25920.0
 30
0.0
 11
41000.0
 21
25680.0
 31
0.0
  0
LINE
  5
B5C
330
17
100
AcDbEntity
  8
02_PRESSURE
100
AcDbLine
 10
41600.0
 20
25920.0
 30
0.0
 11
41600.0
 21
25680.0
 31
0.0
  0
TEXT
  5
B5D
330
17
100
AcDbEntity
  8
02_TEXT
100
AcDbText
 10
60012.5
 20
35300.0
 30
0.0
 40
230.0
  1
KL
  7
RU
100
AcDbText
  0
LINE
  5
B5E
330
17
100
AcDbEntity
  8
02_SEAM
100
AcDbLine
 10
59725.0
 20
35000.0
 30
0.0
 11
59725.0
 21
35250.0
 31
0.0
  0
TEXT
  5
B5F
330
17
100
AcDbEntity
  8
02_TEXT
100
AcDbText
 10
58625.0
 20
35300.0
 30
0.0
 40
230.0
  1
A
  7
RU
100
AcDbText
  0
LINE
  5
B60
330
17
100
AcDbEntity
  8
02_SEAM
100
AcDbLine
 10
57725.0
 20
35000.0
 30
0.0
 11
57725.0
 21
35250.0
 31
0.0
  0
TEXT
  5
B61
330
17
100
AcDbEntity
  8
02_TEXT
100
AcDbText
 10
56625.0
 20
35300.0
 30
0.0
 40
230.0
  1
B
  7
RU
100
AcDbText
  0
LINE
  5
B62
330
17
100
AcDbEntity
  8
02_SEAM
100
AcDbLine
 10
55725.0
 20
35000.0
 30
0.0
 11
55725.0
 21
35250.0
 31
0.0
  0
TEXT
  5
B63
330
17
100
AcDbEntity
  8
02_TEXT
100
AcDbText
 10
54625.0
 20
35300.0
 30
0.0
 40
230.0
  1
C
  7
RU
100
AcDbText
  0
LINE
  5
B64
330
17
100
AcDbEntity
  8
02_SEAM
100
AcDbLine
 10
53725.0
 20
35000.0
 30
0.0
 11
53725.0
 21
35250.0
 31
0.0
  0
TEXT
  5
B65
330
17
100
AcDbEntity
  8
02_TEXT
100
AcDbText
 10
52625.0
 20
35300.0
 30
0.0
 40
230.0
  1
D
  7
RU
100
AcDbText
  0
LINE
  5
B66
330
17
100
AcDbEntity
  8
02_SEAM
100
AcDbLine
 10
51725.0
 20
35000.0
 30
0.0
 11
51725.0
 21
35250.0
 31
0.0
  0
TEXT
  5
B67
330
17
100
AcDbEntity
  8
02_TEXT
100
AcDbText
 10
50625.0
 20
35300.0
 30
0.0
 40
230.0
  1
E
  7
RU
100
AcDbText
  0
LINE
  5
B68
330
17
100
AcDbEntity
  8
02_SEAM
100
AcDbLine
 10
49725.0
 20
35000.0
 30
0.0
 11
49725.0
 21
35250.0
 31
0.0
  0
TEXT
  5
B69
330
17
100
AcDbEntity
  8
02_TEXT
100
AcDbText
 10
48625.0
 20
35300.0
 30
0.0
 40
230.0
  1
F
  7
RU
100
AcDbText
  0
LINE
  5
B6A
330
17
100
AcDbEntity
  8
02_SEAM
100
AcDbLine
 10
47763.40549662319
 20
35214.42181537082
 30
0.0
 11
47890.27557781299
 21
35429.83765160133
 31
0.0
  0
TEXT
  5
B6B
330
17
100
AcDbEntity
  8
02_TEXT
100
AcDbText
 10
47350.0
 20
35855.8700683493
 30
0.0
 40
230.0
  1
G
  7
RU
100
AcDbText
  0
LINE
  5
B6C
330
17
100
AcDbEntity
  8
02_SEAM
100
AcDbLine
 10
47000.0
 20
36940.26569346791
 30
0.0
 11
47250.0
 21
36940.26569346791
 31
0.0
  0
TEXT
  5
B6D
330
17
100
AcDbEntity
  8
02_TEXT
100
AcDbText
 10
47350.0
 20
37840.26569346791
 30
0.0
 40
230.0
  1
H
  7
RU
100
AcDbText
  0
LINE
  5
B6E
330
17
100
AcDbEntity
  8
02_SEAM
100
AcDbLine
 10
47000.0
 20
38940.26569346791
 30
0.0
 11
47250.0
 21
38940.26569346791
 31
0.0
  0
TEXT
  5
B6F
330
17
100
AcDbEntity
  8
02_TEXT
100
AcDbText
 10
47350.0
 20
39840.26569346791
 30
0.0
 40
230.0
  1
I
  7
RU
100
AcDbText
  0
LINE
  5
B70
330
17
100
AcDbEntity
  8
02_SEAM
100
AcDbLine
 10
47000.0
 20
40940.26569346791
 30
0.0
 11
47250.0
 21
40940.26569346791
 31
0.0
  0
TEXT
  5
B71
330
17
100
AcDbEntity
  8
02_TEXT
100
AcDbText
 10
47350.0
 20
41840.26569346791
 30
0.0
 40
230.0
  1
J
  7
RU
100
AcDbText
  0
LINE
  5
B72
330
17
100
AcDbEntity
  8
02_SEAM
100
AcDbLine
 10
47000.0
 20
42940.26569346791
 30
0.0
 11
47250.0
 21
42940.26569346791
 31
0.0
  0
TEXT
  5
B73
330
17
100
AcDbEntity
  8
02_TEXT
100
AcDbText
 10
47350.0
 20
43840.26569346791
 30
0.0
 40
230.0
  1
K
  7
RU
100
AcDbText
  0
LINE
  5
B74
330
17
100
AcDbEntity
  8
02_SEAM
100
AcDbLine
 10
47000.0
 20
44940.2656934679
 30
0.0
 11
47250.0
 21
44940.2656934679
 31
0.0
  0
TEXT
  5
B75
330
17
100
AcDbEntity
  8
02_TEXT
100
AcDbText
 10
47350.0
 20
45840.26569346791
 30
0.0
 40
230.0
  1
L
  7
RU
100
AcDbText
  0
LINE
  5
B76
330
17
100
AcDbEntity
  8
02_SEAM
100
AcDbLine
 10
47000.0
 20
46940.26569346791
 30
0.0
 11
47250.0
 21
46940.26569346791
 31
0.0
  0
TEXT
  5
B77
330
17
100
AcDbEntity
  8
02_TEXT
100
AcDbText
 10
47350.0
 20
47342.69927010092
 30
0.0
 40
230.0
  1
M
  7
RU
100
AcDbText
  0
LINE
  5
B78
330
17
100
AcDbEntity
  8
02_SEAM
100
AcDbLine
 10
47000.0
 20
47945.13284673395
 30
0.0
 11
47250.0
 21
47945.13284673395
 31
0.0
  0
TEXT
  5
B79
330
17
100
AcDbEntity
  8
02_TEXT
100
AcDbText
 10
47350.0
 20
48347.56642336697
 30
0.0
 40
230.0
  1
N
  7
RU
100
AcDbText
  0
LINE
  5
B7A
330
17
100
AcDbEntity
  8
02_SEAM
100
AcDbLine
 10
47000.0
 20
48949.99999999999
 30
0.0
 11
47250.0
 21
48949.99999999999
 31
0.0
  0
TEXT
  5
B7B
330
17
100
AcDbEntity
  8
02_TEXT
100
AcDbText
 10
47350.0
 20
49624.99999999999
 30
0.0
 40
230.0
  1
SH
  7
RU
100
AcDbText
  0
LINE
  5
B83
330
17
100
AcDbEntity
  8
04_HULL
100
AcDbLine
 10
44550.0
 20
0.0
 30
0.0
 11
68450.0
 21
0.0
 31
0.0
  0
ARC
  5
B84
330
17
100
AcDbEntity
  8
04_HULL
100
AcDbCircle
 10
44550.0
 20
1550.0
 30
0.0
 40
1550.0
100
AcDbArc
 50
180.0
 51
270.0
  0
LINE
  5
B85
330
17
100
AcDbEntity
  8
04_HULL
100
AcDbLine
 10
43000.0
 20
1550.0
 30
0.0
 11
43000.0
 21
15500.0
 31
0.0
  0
LWPOLYLINE
  5
B86
330
17
100
AcDbEntity
  8
04_HULL
100
AcDbPolyline
 90
        3
 70
     0
 43
0.0
 10
43000.0
 20
15500.0
 10
56500.0
 20
16040.0
 10
70000.0
 20
15500.0
  0
ARC
  5
B87
330
17
100
AcDbEntity
  8
04_HULL
100
AcDbCircle
 10
68450.0
 20
1550.0
 30
0.0
 40
1550.0
100
AcDbArc
 50
270.0
 51
360.0
  0
LINE
  5
B88
330
17
100
AcDbEntity
  8
04_HULL
100
AcDbLine
 10
70000.0
 20
1550.0
 30
0.0
 11
70000.0
 21
15500.0
 31
0.0
  0
LINE
  5
B89
330
17
100
AcDbEntity
  8
04_HULL
100
AcDbLine
 10
43000.0
 20
1800.0
 30
0.0
 11
70000.0
 21
1800.0
 31
0.0
  0
LINE
  5
B8A
330
17
100
AcDbEntity
  8
04_HULL
100
AcDbLine
 10
45000.0
 20
0.0
 30
0.0
 11
45000.0
 21
15580.0
 31
0.0
  0
LINE
  5
B8B
330
17
100
AcDbEntity
  8
04_HULL
100
AcDbLine
 10
68000.0
 20
0.0
 30
0.0
 11
68000.0
 21
15580.0
 31
0.0
  0
LINE
  5
B8C
330
17
100
AcDbEntity
  8
04_HULL
100
AcDbLine
 10
56500.0
 20
0.0
 30
0.0
 11
56500.0
 21
16040.0
 31
0.0
  0
LINE
  5
B8D
330
17
100
AcDbEntity
  8
04_CENTER
100
AcDbLine
 10
56500.0
 20
-1200.0
 30
0.0
 11
56500.0
 21
17340.0
 31
0.0
  0
TEXT
  5
B8E
330
17
100
AcDbEntity
  8
04_TEXT
100
AcDbText
 10
56680.0
 20
17040.0
 30
0.0
 40
260.0
  1
ДП
  7
RU
100
AcDbText
  0
LINE
  5
B95
330
17
100
AcDbEntity
  8
04_CENTER
100
AcDbLine
 10
42600.0
 20
9400.0
 30
0.0
 11
70400.0
 21
9400.0
 31
0.0
  0
TEXT
  5
B96
330
17
100
AcDbEntity
  8
04_TEXT
100
AcDbText
 10
70450.0
 20
9500.0
 30
0.0
 40
230.0
  1
КВЛ
  7
RU
100
AcDbText
  0
LINE
  5
B97
330
17
100
AcDbEntity
  8
04_MEMBER
100
AcDbLine
 10
43666.66666666666
 20
15526.66666666666
 30
0.0
 11
43666.66666666666
 21
15296.66666666666
 31
0.0
  0
LINE
  5
B98
330
17
100
AcDbEntity
  8
04_MEMBER
100
AcDbLine
 10
44333.33333333334
 20
15553.33333333333
 30
0.0
 11
44333.33333333334
 21
15323.33333333333
 31
0.0
  0
LINE
  5
B99
330
17
100
AcDbEntity
  8
04_MEMBER
100
AcDbLine
 10
45766.66666666666
 20
15610.66666666666
 30
0.0
 11
45766.66666666666
 21
15380.66666666666
 31
0.0
  0
LINE
  5
B9A
330
17
100
AcDbEntity
  8
04_MEMBER
100
AcDbLine
 10
46533.33333333334
 20
15641.33333333333
 30
0.0
 11
46533.33333333334
 21
15411.33333333333
 31
0.0
  0
LINE
  5
B9B
330
17
100
AcDbEntity
  8
04_MEMBER
100
AcDbLine
 10
47300.0
 20
15672.0
 30
0.0
 11
47300.0
 21
15442.0
 31
0.0
  0
LINE
  5
B9C
330
17
100
AcDbEntity
  8
04_MEMBER
100
AcDbLine
 10
48066.66666666665
 20
15702.66666666666
 30
0.0
 11
48066.66666666665
 21
15472.66666666666
 31
0.0
  0
LINE
  5
B9D
330
17
100
AcDbEntity
  8
04_MEMBER
100
AcDbLine
 10
48833.33333333334
 20
15733.33333333333
 30
0.0
 11
48833.33333333334
 21
15503.33333333333
 31
0.0
  0
LINE
  5
B9E
330
17
100
AcDbEntity
  8
04_MEMBER
100
AcDbLine
 10
49600.0
 20
15764.0
 30
0.0
 11
49600.0
 21
15534.0
 31
0.0
  0
LINE
  5
B9F
330
17
100
AcDbEntity
  8
04_MEMBER
100
AcDbLine
 10
50366.66666666666
 20
15794.66666666666
 30
0.0
 11
50366.66666666666
 21
15564.66666666666
 31
0.0
  0
LINE
  5
BA0
330
17
100
AcDbEntity
  8
04_MEMBER
100
AcDbLine
 10
51133.33333333334
 20
15825.33333333333
 30
0.0
 11
51133.33333333334
 21
15595.33333333333
 31
0.0
  0
LINE
  5
BA1
330
17
100
AcDbEntity
  8
04_MEMBER
100
AcDbLine
 10
51900.0
 20
15856.0
 30
0.0
 11
51900.0
 21
15626.0
 31
0.0
  0
LINE
  5
BA2
330
17
100
AcDbEntity
  8
04_MEMBER
100
AcDbLine
 10
52666.66666666667
 20
15886.66666666666
 30
0.0
 11
52666.66666666667
 21
15656.66666666666
 31
0.0
  0
LINE
  5
BA3
330
17
100
AcDbEntity
  8
04_MEMBER
100
AcDbLine
 10
53433.33333333334
 20
15917.33333333333
 30
0.0
 11
53433.33333333334
 21
15687.33333333334
 31
0.0
  0
LINE
  5
BA4
330
17
100
AcDbEntity
  8
04_MEMBER
100
AcDbLine
 10
54200.0
 20
15948.0
 30
0.0
 11
54200.0
 21
15718.0
 31
0.0
  0
LINE
  5
BA5
330
17
100
AcDbEntity
  8
04_MEMBER
100
AcDbLine
 10
54966.66666666666
 20
15978.66666666666
 30
0.0
 11
54966.66666666666
 21
15748.66666666666
 31
0.0
  0
LINE
  5
BA6
330
17
100
AcDbEntity
  8
04_MEMBER
100
AcDbLine
 10
55733.33333333334
 20
16009.33333333333
 30
0.0
 11
55733.33333333334
 21
15779.33333333333
 31
0.0
  0
LINE
  5
BA7
330
17
100
AcDbEntity
  8
04_MEMBER
100
AcDbLine
 10
69333.33333333331
 20
15526.66666666666
 30
0.0
 11
69333.33333333331
 21
15296.66666666666
 31
0.0
  0
LINE
  5
BA8
330
17
100
AcDbEntity
  8
04_MEMBER
100
AcDbLine
 10
68666.66666666668
 20
15553.33333333333
 30
0.0
 11
68666.66666666668
 21
15323.33333333333
 31
0.0
  0
LINE
  5
BA9
330
17
100
AcDbEntity
  8
04_MEMBER
100
AcDbLine
 10
67233.33333333331
 20
15610.66666666666
 30
0.0
 11
67233.33333333331
 21
15380.66666666666
 31
0.0
  0
LINE
  5
BAA
330
17
100
AcDbEntity
  8
04_MEMBER
100
AcDbLine
 10
66466.66666666669
 20
15641.33333333333
 30
0.0
 11
66466.66666666669
 21
15411.33333333333
 31
0.0
  0
LINE
  5
BAB
330
17
100
AcDbEntity
  8
04_MEMBER
100
AcDbLine
 10
65700.0
 20
15672.0
 30
0.0
 11
65700.0
 21
15442.0
 31
0.0
  0
LINE
  5
BAC
330
17
100
AcDbEntity
  8
04_MEMBER
100
AcDbLine
 10
64933.33333333334
 20
15702.66666666666
 30
0.0
 11
64933.33333333334
 21
15472.66666666666
 31
0.0
  0
LINE
  5
BAD
330
17
100
AcDbEntity
  8
04_MEMBER
100
AcDbLine
 10
64166.66666666666
 20
15733.33333333333
 30
0.0
 11
64166.66666666666
 21
15503.33333333333
 31
0.0
  0
LINE
  5
BAE
330
17
100
AcDbEntity
  8
04_MEMBER
100
AcDbLine
 10
63400.0
 20
15764.0
 30
0.0
 11
63400.0
 21
15534.0
 31
0.0
  0
LINE
  5
BAF
330
17
100
AcDbEntity
  8
04_MEMBER
100
AcDbLine
 10
62633.33333333332
 20
15794.66666666666
 30
0.0
 11
62633.33333333332
 21
15564.66666666666
 31
0.0
  0
LINE
  5
BB0
330
17
100
AcDbEntity
  8
04_MEMBER
100
AcDbLine
 10
61866.66666666668
 20
15825.33333333333
 30
0.0
 11
61866.66666666668
 21
15595.33333333333
 31
0.0
  0
LINE
  5
BB1
330
17
100
AcDbEntity
  8
04_MEMBER
100
AcDbLine
 10
61100.0
 20
15856.0
 30
0.0
 11
61100.0
 21
15626.0
 31
0.0
  0
LINE
  5
BB2
330
17
100
AcDbEntity
  8
04_MEMBER
100
AcDbLine
 10
60333.33333333332
 20
15886.66666666666
 30
0.0
 11
60333.33333333332
 21
15656.66666666666
 31
0.0
  0
LINE
  5
BB3
330
17
100
AcDbEntity
  8
04_MEMBER
100
AcDbLine
 10
59566.66666666666
 20
15917.33333333333
 30
0.0
 11
59566.66666666666
 21
15687.33333333334
 31
0.0
  0
LINE
  5
BB4
330
17
100
AcDbEntity
  8
04_MEMBER
100
AcDbLine
 10
58800.0
 20
15948.0
 30
0.0
 11
58800.0
 21
15718.0
 31
0.0
  0
LINE
  5
BB5
330
17
100
AcDbEntity
  8
04_MEMBER
100
AcDbLine
 10
58033.33333333334
 20
15978.66666666666
 30
0.0
 11
58033.33333333334
 21
15748.66666666666
 31
0.0
  0
LINE
  5
BB6
330
17
100
AcDbEntity
  8
04_MEMBER
100
AcDbLine
 10
57266.66666666665
 20
16009.33333333333
 30
0.0
 11
57266.66666666665
 21
15779.33333333333
 31
0.0
  0
LINE
  5
BB7
330
17
100
AcDbEntity
  8
04_MEMBER
100
AcDbLine
 10
45766.66666666666
 20
0.0
 30
0.0
 11
45766.66666666666
 21
260.0
 31
0.0
  0
LINE
  5
BB8
330
17
100
AcDbEntity
  8
04_MEMBER
100
AcDbLine
 10
45766.66666666666
 20
1800.0
 30
0.0
 11
45766.66666666666
 21
1550.0
 31
0.0
  0
LINE
  5
BB9
330
17
100
AcDbEntity
  8
04_MEMBER
100
AcDbLine
 10
46533.33333333334
 20
0.0
 30
0.0
 11
46533.33333333334
 21
260.0
 31
0.0
  0
LINE
  5
BBA
330
17
100
AcDbEntity
  8
04_MEMBER
100
AcDbLine
 10
46533.33333333334
 20
1800.0
 30
0.0
 11
46533.33333333334
 21
1550.0
 31
0.0
  0
LINE
  5
BBB
330
17
100
AcDbEntity
  8
04_MEMBER
100
AcDbLine
 10
47300.0
 20
0.0
 30
0.0
 11
47300.0
 21
260.0
 31
0.0
  0
LINE
  5
BBC
330
17
100
AcDbEntity
  8
04_MEMBER
100
AcDbLine
 10
47300.0
 20
1800.0
 30
0.0
 11
47300.0
 21
1550.0
 31
0.0
  0
LINE
  5
BBD
330
17
100
AcDbEntity
  8
04_MEMBER
100
AcDbLine
 10
48066.66666666665
 20
0.0
 30
0.0
 11
48066.66666666665
 21
260.0
 31
0.0
  0
LINE
  5
BBE
330
17
100
AcDbEntity
  8
04_MEMBER
100
AcDbLine
 10
48066.66666666665
 20
1800.0
 30
0.0
 11
48066.66666666665
 21
1550.0
 31
0.0
  0
LINE
  5
BBF
330
17
100
AcDbEntity
  8
04_MEMBER
100
AcDbLine
 10
48833.33333333334
 20
0.0
 30
0.0
 11
48833.33333333334
 21
260.0
 31
0.0
  0
LINE
  5
BC0
330
17
100
AcDbEntity
  8
04_MEMBER
100
AcDbLine
 10
48833.33333333334
 20
1800.0
 30
0.0
 11
48833.33333333334
 21
1550.0
 31
0.0
  0
LINE
  5
BC1
330
17
100
AcDbEntity
  8
04_MEMBER
100
AcDbLine
 10
49600.0
 20
0.0
 30
0.0
 11
49600.0
 21
260.0
 31
0.0
  0
LINE
  5
BC2
330
17
100
AcDbEntity
  8
04_MEMBER
100
AcDbLine
 10
49600.0
 20
1800.0
 30
0.0
 11
49600.0
 21
1550.0
 31
0.0
  0
LINE
  5
BC3
330
17
100
AcDbEntity
  8
04_MEMBER
100
AcDbLine
 10
50366.66666666666
 20
0.0
 30
0.0
 11
50366.66666666666
 21
260.0
 31
0.0
  0
LINE
  5
BC4
330
17
100
AcDbEntity
  8
04_MEMBER
100
AcDbLine
 10
50366.66666666666
 20
1800.0
 30
0.0
 11
50366.66666666666
 21
1550.0
 31
0.0
  0
LINE
  5
BC5
330
17
100
AcDbEntity
  8
04_MEMBER
100
AcDbLine
 10
51133.33333333334
 20
0.0
 30
0.0
 11
51133.33333333334
 21
260.0
 31
0.0
  0
LINE
  5
BC6
330
17
100
AcDbEntity
  8
04_MEMBER
100
AcDbLine
 10
51133.33333333334
 20
1800.0
 30
0.0
 11
51133.33333333334
 21
1550.0
 31
0.0
  0
LINE
  5
BC7
330
17
100
AcDbEntity
  8
04_MEMBER
100
AcDbLine
 10
51900.0
 20
0.0
 30
0.0
 11
51900.0
 21
260.0
 31
0.0
  0
LINE
  5
BC8
330
17
100
AcDbEntity
  8
04_MEMBER
100
AcDbLine
 10
51900.0
 20
1800.0
 30
0.0
 11
51900.0
 21
1550.0
 31
0.0
  0
LINE
  5
BC9
330
17
100
AcDbEntity
  8
04_MEMBER
100
AcDbLine
 10
52666.66666666667
 20
0.0
 30
0.0
 11
52666.66666666667
 21
260.0
 31
0.0
  0
LINE
  5
BCA
330
17
100
AcDbEntity
  8
04_MEMBER
100
AcDbLine
 10
52666.66666666667
 20
1800.0
 30
0.0
 11
52666.66666666667
 21
1550.0
 31
0.0
  0
LINE
  5
BCB
330
17
100
AcDbEntity
  8
04_MEMBER
100
AcDbLine
 10
53433.33333333334
 20
0.0
 30
0.0
 11
53433.33333333334
 21
260.0
 31
0.0
  0
LINE
  5
BCC
330
17
100
AcDbEntity
  8
04_MEMBER
100
AcDbLine
 10
53433.33333333334
 20
1800.0
 30
0.0
 11
53433.33333333334
 21
1550.0
 31
0.0
  0
LINE
  5
BCD
330
17
100
AcDbEntity
  8
04_MEMBER
100
AcDbLine
 10
54200.0
 20
0.0
 30
0.0
 11
54200.0
 21
260.0
 31
0.0
  0
LINE
  5
BCE
330
17
100
AcDbEntity
  8
04_MEMBER
100
AcDbLine
 10
54200.0
 20
1800.0
 30
0.0
 11
54200.0
 21
1550.0
 31
0.0
  0
LINE
  5
BCF
330
17
100
AcDbEntity
  8
04_MEMBER
100
AcDbLine
 10
54966.66666666666
 20
0.0
 30
0.0
 11
54966.66666666666
 21
260.0
 31
0.0
  0
LINE
  5
BD0
330
17
100
AcDbEntity
  8
04_MEMBER
100
AcDbLine
 10
54966.66666666666
 20
1800.0
 30
0.0
 11
54966.66666666666
 21
1550.0
 31
0.0
  0
LINE
  5
BD1
330
17
100
AcDbEntity
  8
04_MEMBER
100
AcDbLine
 10
55733.33333333334
 20
0.0
 30
0.0
 11
55733.33333333334
 21
260.0
 31
0.0
  0
LINE
  5
BD2
330
17
100
AcDbEntity
  8
04_MEMBER
100
AcDbLine
 10
55733.33333333334
 20
1800.0
 30
0.0
 11
55733.33333333334
 21
1550.0
 31
0.0
  0
LINE
  5
BD3
330
17
100
AcDbEntity
  8
04_MEMBER
100
AcDbLine
 10
67233.33333333331
 20
0.0
 30
0.0
 11
67233.33333333331
 21
260.0
 31
0.0
  0
LINE
  5
BD4
330
17
100
AcDbEntity
  8
04_MEMBER
100
AcDbLine
 10
67233.33333333331
 20
1800.0
 30
0.0
 11
67233.33333333331
 21
1550.0
 31
0.0
  0
LINE
  5
BD5
330
17
100
AcDbEntity
  8
04_MEMBER
100
AcDbLine
 10
66466.66666666669
 20
0.0
 30
0.0
 11
66466.66666666669
 21
260.0
 31
0.0
  0
LINE
  5
BD6
330
17
100
AcDbEntity
  8
04_MEMBER
100
AcDbLine
 10
66466.66666666669
 20
1800.0
 30
0.0
 11
66466.66666666669
 21
1550.0
 31
0.0
  0
LINE
  5
BD7
330
17
100
AcDbEntity
  8
04_MEMBER
100
AcDbLine
 10
65700.0
 20
0.0
 30
0.0
 11
65700.0
 21
260.0
 31
0.0
  0
LINE
  5
BD8
330
17
100
AcDbEntity
  8
04_MEMBER
100
AcDbLine
 10
65700.0
 20
1800.0
 30
0.0
 11
65700.0
 21
1550.0
 31
0.0
  0
LINE
  5
BD9
330
17
100
AcDbEntity
  8
04_MEMBER
100
AcDbLine
 10
64933.33333333334
 20
0.0
 30
0.0
 11
64933.33333333334
 21
260.0
 31
0.0
  0
LINE
  5
BDA
330
17
100
AcDbEntity
  8
04_MEMBER
100
AcDbLine
 10
64933.33333333334
 20
1800.0
 30
0.0
 11
64933.33333333334
 21
1550.0
 31
0.0
  0
LINE
  5
BDB
330
17
100
AcDbEntity
  8
04_MEMBER
100
AcDbLine
 10
64166.66666666666
 20
0.0
 30
0.0
 11
64166.66666666666
 21
260.0
 31
0.0
  0
LINE
  5
BDC
330
17
100
AcDbEntity
  8
04_MEMBER
100
AcDbLine
 10
64166.66666666666
 20
1800.0
 30
0.0
 11
64166.66666666666
 21
1550.0
 31
0.0
  0
LINE
  5
BDD
330
17
100
AcDbEntity
  8
04_MEMBER
100
AcDbLine
 10
63400.0
 20
0.0
 30
0.0
 11
63400.0
 21
260.0
 31
0.0
  0
LINE
  5
BDE
330
17
100
AcDbEntity
  8
04_MEMBER
100
AcDbLine
 10
63400.0
 20
1800.0
 30
0.0
 11
63400.0
 21
1550.0
 31
0.0
  0
LINE
  5
BDF
330
17
100
AcDbEntity
  8
04_MEMBER
100
AcDbLine
 10
62633.33333333332
 20
0.0
 30
0.0
 11
62633.33333333332
 21
260.0
 31
0.0
  0
LINE
  5
BE0
330
17
100
AcDbEntity
  8
04_MEMBER
100
AcDbLine
 10
62633.33333333332
 20
1800.0
 30
0.0
 11
62633.33333333332
 21
1550.0
 31
0.0
  0
LINE
  5
BE1
330
17
100
AcDbEntity
  8
04_MEMBER
100
AcDbLine
 10
61866.66666666668
 20
0.0
 30
0.0
 11
61866.66666666668
 21
260.0
 31
0.0
  0
LINE
  5
BE2
330
17
100
AcDbEntity
  8
04_MEMBER
100
AcDbLine
 10
61866.66666666668
 20
1800.0
 30
0.0
 11
61866.66666666668
 21
1550.0
 31
0.0
  0
LINE
  5
BE3
330
17
100
AcDbEntity
  8
04_MEMBER
100
AcDbLine
 10
61100.0
 20
0.0
 30
0.0
 11
61100.0
 21
260.0
 31
0.0
  0
LINE
  5
BE4
330
17
100
AcDbEntity
  8
04_MEMBER
100
AcDbLine
 10
61100.0
 20
1800.0
 30
0.0
 11
61100.0
 21
1550.0
 31
0.0
  0
LINE
  5
BE5
330
17
100
AcDbEntity
  8
04_MEMBER
100
AcDbLine
 10
60333.33333333332
 20
0.0
 30
0.0
 11
60333.33333333332
 21
260.0
 31
0.0
  0
LINE
  5
BE6
330
17
100
AcDbEntity
  8
04_MEMBER
100
AcDbLine
 10
60333.33333333332
 20
1800.0
 30
0.0
 11
60333.33333333332
 21
1550.0
 31
0.0
  0
LINE
  5
BE7
330
17
100
AcDbEntity
  8
04_MEMBER
100
AcDbLine
 10
59566.66666666666
 20
0.0
 30
0.0
 11
59566.66666666666
 21
260.0
 31
0.0
  0
LINE
  5
BE8
330
17
100
AcDbEntity
  8
04_MEMBER
100
AcDbLine
 10
59566.66666666666
 20
1800.0
 30
0.0
 11
59566.66666666666
 21
1550.0
 31
0.0
  0
LINE
  5
BE9
330
17
100
AcDbEntity
  8
04_MEMBER
100
AcDbLine
 10
58800.0
 20
0.0
 30
0.0
 11
58800.0
 21
260.0
 31
0.0
  0
LINE
  5
BEA
330
17
100
AcDbEntity
  8
04_MEMBER
100
AcDbLine
 10
58800.0
 20
1800.0
 30
0.0
 11
58800.0
 21
1550.0
 31
0.0
  0
LINE
  5
BEB
330
17
100
AcDbEntity
  8
04_MEMBER
100
AcDbLine
 10
58033.33333333334
 20
0.0
 30
0.0
 11
58033.33333333334
 21
260.0
 31
0.0
  0
LINE
  5
BEC
330
17
100
AcDbEntity
  8
04_MEMBER
100
AcDbLine
 10
58033.33333333334
 20
1800.0
 30
0.0
 11
58033.33333333334
 21
1550.0
 31
0.0
  0
LINE
  5
BED
330
17
100
AcDbEntity
  8
04_MEMBER
100
AcDbLine
 10
57266.66666666665
 20
0.0
 30
0.0
 11
57266.66666666665
 21
260.0
 31
0.0
  0
LINE
  5
BEE
330
17
100
AcDbEntity
  8
04_MEMBER
100
AcDbLine
 10
57266.66666666665
 20
1800.0
 30
0.0
 11
57266.66666666665
 21
1550.0
 31
0.0
  0
LINE
  5
BEF
330
17
100
AcDbEntity
  8
04_MEMBER
100
AcDbLine
 10
45000.0
 20
3050.0
 30
0.0
 11
45000.0
 21
3950.0
 31
0.0
  0
LINE
  5
BF0
330
17
100
AcDbEntity
  8
04_MEMBER
100
AcDbLine
 10
45000.0
 20
3500.0
 30
0.0
 11
45200.0
 21
3500.0
 31
0.0
  0
LINE
  5
BF1
330
17
100
AcDbEntity
  8
04_MEMBER
100
AcDbLine
 10
45000.0
 20
6450.0
 30
0.0
 11
45000.0
 21
7350.0
 31
0.0
  0
LINE
  5
BF2
330
17
100
AcDbEntity
  8
04_MEMBER
100
AcDbLine
 10
45000.0
 20
6900.0
 30
0.0
 11
45200.0
 21
6900.0
 31
0.0
  0
LINE
  5
BF3
330
17
100
AcDbEntity
  8
04_MEMBER
100
AcDbLine
 10
45000.0
 20
9850.0
 30
0.0
 11
45000.0
 21
10750.0
 31
0.0
  0
LINE
  5
BF4
330
17
100
AcDbEntity
  8
04_MEMBER
100
AcDbLine
 10
45000.0
 20
10300.0
 30
0.0
 11
45200.0
 21
10300.0
 31
0.0
  0
LINE
  5
BF5
330
17
100
AcDbEntity
  8
04_MEMBER
100
AcDbLine
 10
45000.0
 20
13300.0
 30
0.0
 11
45000.0
 21
14200.0
 31
0.0
  0
LINE
  5
BF6
330
17
100
AcDbEntity
  8
04_MEMBER
100
AcDbLine
 10
45000.0
 20
13750.0
 30
0.0
 11
45200.0
 21
13750.0
 31
0.0
  0
LINE
  5
BF7
330
17
100
AcDbEntity
  8
04_MEMBER
100
AcDbLine
 10
68000.0
 20
3050.0
 30
0.0
 11
68000.0
 21
3950.0
 31
0.0
  0
LINE
  5
BF8
330
17
100
AcDbEntity
  8
04_MEMBER
100
AcDbLine
 10
68000.0
 20
3500.0
 30
0.0
 11
67800.0
 21
3500.0
 31
0.0
  0
LINE
  5
BF9
330
17
100
AcDbEntity
  8
04_MEMBER
100
AcDbLine
 10
68000.0
 20
6450.0
 30
0.0
 11
68000.0
 21
7350.0
 31
0.0
  0
LINE
  5
BFA
330
17
100
AcDbEntity
  8
04_MEMBER
100
AcDbLine
 10
68000.0
 20
6900.0
 30
0.0
 11
67800.0
 21
6900.0
 31
0.0
  0
LINE
  5
BFB
330
17
100
AcDbEntity
  8
04_MEMBER
100
AcDbLine
 10
68000.0
 20
9850.0
 30
0.0
 11
68000.0
 21
10750.0
 31
0.0
  0
LINE
  5
BFC
330
17
100
AcDbEntity
  8
04_MEMBER
100
AcDbLine
 10
68000.0
 20
10300.0
 30
0.0
 11
67800.0
 21
10300.0
 31
0.0
  0
LINE
  5
BFD
330
17
100
AcDbEntity
  8
04_MEMBER
100
AcDbLine
 10
68000.0
 20
13300.0
 30
0.0
 11
68000.0
 21
14200.0
 31
0.0
  0
LINE
  5
BFE
330
17
100
AcDbEntity
  8
04_MEMBER
100
AcDbLine
 10
68000.0
 20
13750.0
 30
0.0
 11
67800.0
 21
13750.0
 31
0.0
  0
TEXT
  5
BFF
330
17
100
AcDbEntity
  8
04_TEXT
100
AcDbText
 10
41200.0
 20
19200.0
 30
0.0
 40
410.0
  1
РАЗБИВКА НА ПОЯСЬЯ ОБШИВКИ И ВНУТРЕННЕГО БОРТА
  7
RU
100
AcDbText
  0
LWPOLYLINE
  5
C00
330
17
100
AcDbEntity
  8
04_SEAM
100
AcDbPolyline
 90
        3
 70
     0
 43
0.0
 10
56500.0
 20
0.0
 10
55600.0
 20
-1680.0
 10
57000.0
 20
-1680.0
  0
TEXT
  5
C01
330
17
100
AcDbEntity
  8
04_TEXT
100
AcDbText
 10
55600.0
 20
-1600.0
 30
0.0
 40
260.0
  1
KL s18
  7
RU
100
AcDbText
  0
LINE
  5
C02
330
17
100
AcDbEntity
  8
04_SEAM
100
AcDbLine
 10
55725.0
 20
0.0
 30
0.0
 11
55725.0
 21
-580.0
 31
0.0
  0
LWPOLYLINE
  5
C03
330
17
100
AcDbEntity
  8
04_SEAM
100
AcDbPolyline
 90
        3
 70
     0
 43
0.0
 10
55770.0
 20
-150.0
 10
55725.0
 20
0.0
 10
55680.0
 20
-150.0
  0
LINE
  5
C04
330
17
100
AcDbEntity
  8
04_SEAM
100
AcDbLine
 10
55725.0
 20
-580.0
 30
0.0
 11
55660.0
 21
-720.0
 31
0.0
  0
LINE
  5
C05
330
17
100
AcDbEntity
  8
04_SEAM
100
AcDbLine
 10
55725.0
 20
-580.0
 30
0.0
 11
55790.0
 21
-720.0
 31
0.0
  0
LINE
  5
C06
330
17
100
AcDbEntity
  8
04_SEAM
100
AcDbLine
 10
57275.0
 20
0.0
 30
0.0
 11
57275.0
 21
-580.0
 31
0.0
  0
LWPOLYLINE
  5
C07
330
17
100
AcDbEntity
  8
04_SEAM
100
AcDbPolyline
 90
        3
 70
     0
 43
0.0
 10
57320.0
 20
-150.0
 10
57275.0
 20
0.0
 10
57230.0
 20
-150.0
  0
LINE
  5
C08
330
17
100
AcDbEntity
  8
04_SEAM
100
AcDbLine
 10
57275.0
 20
-580.0
 30
0.0
 11
57210.0
 21
-720.0
 31
0.0
  0
LINE
  5
C09
330
17
100
AcDbEntity
  8
04_SEAM
100
AcDbLine
 10
57275.0
 20
-580.0
 30
0.0
 11
57340.0
 21
-720.0
 31
0.0
  0
LWPOLYLINE
  5
C0A
330
17
100
AcDbEntity
  8
04_SEAM
100
AcDbPolyline
 90
        3
 70
     0
 43
0.0
 10
54725.0
 20
0.0
 10
54275.0
 20
-2530.0
 10
55675.0
 20
-2530.0
  0
TEXT
  5
C0B
330
17
100
AcDbEntity
  8
04_TEXT
100
AcDbText
 10
54275.0
 20
-2450.0
 30
0.0
 40
260.0
  1
A s16
  7
RU
100
AcDbText
  0
LINE
  5
C0C
330
17
100
AcDbEntity
  8
04_SEAM
100
AcDbLine
 10
53725.0
 20
0.0
 30
0.0
 11
53725.0
 21
-580.0
 31
0.0
  0
LWPOLYLINE
  5
C0D
330
17
100
AcDbEntity
  8
04_SEAM
100
AcDbPolyline
 90
        3
 70
     0
 43
0.0
 10
53770.0
 20
-150.0
 10
53725.0
 20
0.0
 10
53680.0
 20
-150.0
  0
LINE
  5
C0E
330
17
100
AcDbEntity
  8
04_SEAM
100
AcDbLine
 10
53725.0
 20
-580.0
 30
0.0
 11
53660.0
 21
-720.0
 31
0.0
  0
LINE
  5
C0F
330
17
100
AcDbEntity
  8
04_SEAM
100
AcDbLine
 10
53725.0
 20
-580.0
 30
0.0
 11
53790.0
 21
-720.0
 31
0.0
  0
LINE
  5
C10
330
17
100
AcDbEntity
  8
04_SEAM
100
AcDbLine
 10
59275.0
 20
0.0
 30
0.0
 11
59275.0
 21
-580.0
 31
0.0
  0
LWPOLYLINE
  5
C11
330
17
100
AcDbEntity
  8
04_SEAM
100
AcDbPolyline
 90
        3
 70
     0
 43
0.0
 10
59320.0
 20
-150.0
 10
59275.0
 20
0.0
 10
59230.0
 20
-150.0
  0
LINE
  5
C12
330
17
100
AcDbEntity
  8
04_SEAM
100
AcDbLine
 10
59275.0
 20
-580.0
 30
0.0
 11
59210.0
 21
-720.0
 31
0.0
  0
LINE
  5
C13
330
17
100
AcDbEntity
  8
04_SEAM
100
AcDbLine
 10
59275.0
 20
-580.0
 30
0.0
 11
59340.0
 21
-720.0
 31
0.0
  0
LWPOLYLINE
  5
C14
330
17
100
AcDbEntity
  8
04_SEAM
100
AcDbPolyline
 90
        3
 70
     0
 43
0.0
 10
52725.0
 20
0.0
 10
52275.0
 20
-1680.0
 10
53675.0
 20
-1680.0
  0
TEXT
  5
C15
330
17
100
AcDbEntity
  8
04_TEXT
100
AcDbText
 10
52275.0
 20
-1600.0
 30
0.0
 40
260.0
  1
B s16
  7
RU
100
AcDbText
  0
LINE
  5
C16
330
17
100
AcDbEntity
  8
04_SEAM
100
AcDbLine
 10
51725.0
 20
0.0
 30
0.0
 11
51725.0
 21
-580.0
 31
0.0
  0
LWPOLYLINE
  5
C17
330
17
100
AcDbEntity
  8
04_SEAM
100
AcDbPolyline
 90
        3
 70
     0
 43
0.0
 10
51770.0
 20
-150.0
 10
51725.0
 20
0.0
 10
51680.0
 20
-150.0
  0
LINE
  5
C18
330
17
100
AcDbEntity
  8
04_SEAM
100
AcDbLine
 10
51725.0
 20
-580.0
 30
0.0
 11
51660.0
 21
-720.0
 31
0.0
  0
LINE
  5
C19
330
17
100
AcDbEntity
  8
04_SEAM
100
AcDbLine
 10
51725.0
 20
-580.0
 30
0.0
 11
51790.0
 21
-720.0
 31
0.0
  0
LINE
  5
C1A
330
17
100
AcDbEntity
  8
04_SEAM
100
AcDbLine
 10
61275.0
 20
0.0
 30
0.0
 11
61275.0
 21
-580.0
 31
0.0
  0
LWPOLYLINE
  5
C1B
330
17
100
AcDbEntity
  8
04_SEAM
100
AcDbPolyline
 90
        3
 70
     0
 43
0.0
 10
61320.0
 20
-150.0
 10
61275.0
 20
0.0
 10
61230.0
 20
-150.0
  0
LINE
  5
C1C
330
17
100
AcDbEntity
  8
04_SEAM
100
AcDbLine
 10
61275.0
 20
-580.0
 30
0.0
 11
61210.0
 21
-720.0
 31
0.0
  0
LINE
  5
C1D
330
17
100
AcDbEntity
  8
04_SEAM
100
AcDbLine
 10
61275.0
 20
-580.0
 30
0.0
 11
61340.0
 21
-720.0
 31
0.0
  0
LWPOLYLINE
  5
C1E
330
17
100
AcDbEntity
  8
04_SEAM
100
AcDbPolyline
 90
        3
 70
     0
 43
0.0
 10
50725.0
 20
0.0
 10
50275.0
 20
-2530.0
 10
51675.0
 20
-2530.0
  0
TEXT
  5
C1F
330
17
100
AcDbEntity
  8
04_TEXT
100
AcDbText
 10
50275.0
 20
-2450.0
 30
0.0
 40
260.0
  1
C s16
  7
RU
100
AcDbText
  0
LINE
  5
C20
330
17
100
AcDbEntity
  8
04_SEAM
100
AcDbLine
 10
49725.0
 20
0.0
 30
0.0
 11
49725.0
 21
-580.0
 31
0.0
  0
LWPOLYLINE
  5
C21
330
17
100
AcDbEntity
  8
04_SEAM
100
AcDbPolyline
 90
        3
 70
     0
 43
0.0
 10
49770.0
 20
-150.0
 10
49725.0
 20
0.0
 10
49680.0
 20
-150.0
  0
LINE
  5
C22
330
17
100
AcDbEntity
  8
04_SEAM
100
AcDbLine
 10
49725.0
 20
-580.0
 30
0.0
 11
49660.0
 21
-720.0
 31
0.0
  0
LINE
  5
C23
330
17
100
AcDbEntity
  8
04_SEAM
100
AcDbLine
 10
49725.0
 20
-580.0
 30
0.0
 11
49790.0
 21
-720.0
 31
0.0
  0
LINE
  5
C24
330
17
100
AcDbEntity
  8
04_SEAM
100
AcDbLine
 10
63275.0
 20
0.0
 30
0.0
 11
63275.0
 21
-580.0
 31
0.0
  0
LWPOLYLINE
  5
C25
330
17
100
AcDbEntity
  8
04_SEAM
100
AcDbPolyline
 90
        3
 70
     0
 43
0.0
 10
63320.0
 20
-150.0
 10
63275.0
 20
0.0
 10
63230.0
 20
-150.0
  0
LINE
  5
C26
330
17
100
AcDbEntity
  8
04_SEAM
100
AcDbLine
 10
63275.0
 20
-580.0
 30
0.0
 11
63210.0
 21
-720.0
 31
0.0
  0
LINE
  5
C27
330
17
100
AcDbEntity
  8
04_SEAM
100
AcDbLine
 10
63275.0
 20
-580.0
 30
0.0
 11
63340.0
 21
-720.0
 31
0.0
  0
LWPOLYLINE
  5
C28
330
17
100
AcDbEntity
  8
04_SEAM
100
AcDbPolyline
 90
        3
 70
     0
 43
0.0
 10
48725.0
 20
0.0
 10
48275.0
 20
-1680.0
 10
49675.0
 20
-1680.0
  0
TEXT
  5
C29
330
17
100
AcDbEntity
  8
04_TEXT
100
AcDbText
 10
48275.0
 20
-1600.0
 30
0.0
 40
260.0
  1
D s16
  7
RU
100
AcDbText
  0
LINE
  5
C2A
330
17
100
AcDbEntity
  8
04_SEAM
100
AcDbLine
 10
47725.0
 20
0.0
 30
0.0
 11
47725.0
 21
-580.0
 31
0.0
  0
LWPOLYLINE
  5
C2B
330
17
100
AcDbEntity
  8
04_SEAM
100
AcDbPolyline
 90
        3
 70
     0
 43
0.0
 10
47770.0
 20
-150.0
 10
47725.0
 20
0.0
 10
47680.0
 20
-150.0
  0
LINE
  5
C2C
330
17
100
AcDbEntity
  8
04_SEAM
100
AcDbLine
 10
47725.0
 20
-580.0
 30
0.0
 11
47660.0
 21
-720.0
 31
0.0
  0
LINE
  5
C2D
330
17
100
AcDbEntity
  8
04_SEAM
100
AcDbLine
 10
47725.0
 20
-580.0
 30
0.0
 11
47790.0
 21
-720.0
 31
0.0
  0
LINE
  5
C2E
330
17
100
AcDbEntity
  8
04_SEAM
100
AcDbLine
 10
65275.0
 20
0.0
 30
0.0
 11
65275.0
 21
-580.0
 31
0.0
  0
LWPOLYLINE
  5
C2F
330
17
100
AcDbEntity
  8
04_SEAM
100
AcDbPolyline
 90
        3
 70
     0
 43
0.0
 10
65320.0
 20
-150.0
 10
65275.0
 20
0.0
 10
65230.0
 20
-150.0
  0
LINE
  5
C30
330
17
100
AcDbEntity
  8
04_SEAM
100
AcDbLine
 10
65275.0
 20
-580.0
 30
0.0
 11
65210.0
 21
-720.0
 31
0.0
  0
LINE
  5
C31
330
17
100
AcDbEntity
  8
04_SEAM
100
AcDbLine
 10
65275.0
 20
-580.0
 30
0.0
 11
65340.0
 21
-720.0
 31
0.0
  0
LWPOLYLINE
  5
C32
330
17
100
AcDbEntity
  8
04_SEAM
100
AcDbPolyline
 90
        3
 70
     0
 43
0.0
 10
46725.0
 20
0.0
 10
46275.0
 20
-2530.0
 10
47675.0
 20
-2530.0
  0
TEXT
  5
C33
330
17
100
AcDbEntity
  8
04_TEXT
100
AcDbText
 10
46275.0
 20
-2450.0
 30
0.0
 40
260.0
  1
E s16
  7
RU
100
AcDbText
  0
LINE
  5
C34
330
17
100
AcDbEntity
  8
04_SEAM
100
AcDbLine
 10
45725.0
 20
0.0
 30
0.0
 11
45725.0
 21
-580.0
 31
0.0
  0
LWPOLYLINE
  5
C35
330
17
100
AcDbEntity
  8
04_SEAM
100
AcDbPolyline
 90
        3
 70
     0
 43
0.0
 10
45770.0
 20
-150.0
 10
45725.0
 20
0.0
 10
45680.0
 20
-150.0
  0
LINE
  5
C36
330
17
100
AcDbEntity
  8
04_SEAM
100
AcDbLine
 10
45725.0
 20
-580.0
 30
0.0
 11
45660.0
 21
-720.0
 31
0.0
  0
LINE
  5
C37
330
17
100
AcDbEntity
  8
04_SEAM
100
AcDbLine
 10
45725.0
 20
-580.0
 30
0.0
 11
45790.0
 21
-720.0
 31
0.0
  0
LINE
  5
C38
330
17
100
AcDbEntity
  8
04_SEAM
100
AcDbLine
 10
67275.0
 20
0.0
 30
0.0
 11
67275.0
 21
-580.0
 31
0.0
  0
LWPOLYLINE
  5
C39
330
17
100
AcDbEntity
  8
04_SEAM
100
AcDbPolyline
 90
        3
 70
     0
 43
0.0
 10
67320.0
 20
-150.0
 10
67275.0
 20
0.0
 10
67230.0
 20
-150.0
  0
LINE
  5
C3A
330
17
100
AcDbEntity
  8
04_SEAM
100
AcDbLine
 10
67275.0
 20
-580.0
 30
0.0
 11
67210.0
 21
-720.0
 31
0.0
  0
LINE
  5
C3B
330
17
100
AcDbEntity
  8
04_SEAM
100
AcDbLine
 10
67275.0
 20
-580.0
 30
0.0
 11
67340.0
 21
-720.0
 31
0.0
  0
LWPOLYLINE
  5
C3C
330
17
100
AcDbEntity
  8
04_SEAM
100
AcDbPolyline
 90
        3
 70
     0
 43
0.0
 10
44725.0
 20
0.0
 10
44275.0
 20
-2530.0
 10
45675.0
 20
-2530.0
  0
TEXT
  5
C3D
330
17
100
AcDbEntity
  8
04_TEXT
100
AcDbText
 10
44275.0
 20
-2450.0
 30
0.0
 40
260.0
  1
F s16
  7
RU
100
AcDbText
  0
LINE
  5
C3E
330
17
100
AcDbEntity
  8
04_SEAM
100
AcDbLine
 10
43763.40549662319
 20
214.4218153708177
 30
0.0
 11
43469.06690826283
 21
-285.3429246839731
 31
0.0
  0
LWPOLYLINE
  5
C3F
330
17
100
AcDbEntity
  8
04_SEAM
100
AcDbPolyline
 90
        3
 70
     0
 43
0.0
 10
43726.05829843078
 20
62.33569901834417
 10
43763.40549662319
 20
214.4218153708177
 10
43648.50859738782
 20
108.0089282466753
  0
LINE
  5
C40
330
17
100
AcDbEntity
  8
04_SEAM
100
AcDbLine
 10
43469.06690826283
 20
-285.3429246839731
 30
0.0
 11
43342.01154537661
 21
-372.9895718637102
 31
0.0
  0
LINE
  5
C41
330
17
100
AcDbEntity
  8
04_SEAM
100
AcDbLine
 10
43469.06690826283
 20
-285.3429246839731
 30
0.0
 11
43454.02778021647
 21
-438.9620140824107
 31
0.0
  0
LINE
  5
C42
330
17
100
AcDbEntity
  8
04_SEAM
100
AcDbLine
 10
69236.59450337682
 20
214.4218153708177
 30
0.0
 11
69530.93309173718
 21
-285.3429246839731
 31
0.0
  0
LWPOLYLINE
  5
C43
330
17
100
AcDbEntity
  8
04_SEAM
100
AcDbPolyline
 90
        3
 70
     0
 43
0.0
 10
69351.49140261218
 20
108.0089282466753
 10
69236.59450337682
 20
214.4218153708177
 10
69273.94170156923
 20
62.33569901834417
  0
LINE
  5
C44
330
17
100
AcDbEntity
  8
04_SEAM
100
AcDbLine
 10
69530.93309173718
 20
-285.3429246839731
 30
0.0
 11
69545.97221978353
 21
-438.9620140824107
 31
0.0
  0
LINE
  5
C45
330
17
100
AcDbEntity
  8
04_SEAM
100
AcDbLine
 10
69530.93309173718
 20
-285.3429246839731
 30
0.0
 11
69657.98845462339
 21
-372.9895718637102
 31
0.0
  0
LWPOLYLINE
  5
C46
330
17
100
AcDbEntity
  8
04_SEAM
100
AcDbPolyline
 90
        3
 70
     0
 43
0.0
 10
43118.38915053121
 20
955.8700683493023
 10
39000.0
 20
1020.0
 10
40400.0
 20
1020.0
  0
TEXT
  5
C47
330
17
100
AcDbEntity
  8
04_TEXT
100
AcDbText
 10
39000.0
 20
1100.0
 30
0.0
 40
260.0
  1
G s16
  7
RU
100
AcDbText
  0
LINE
  5
C48
330
17
100
AcDbEntity
  8
04_SEAM
100
AcDbLine
 10
43000.0
 20
1940.26569346791
 30
0.0
 11
42420.0
 21
1940.26569346791
 31
0.0
  0
LWPOLYLINE
  5
C49
330
17
100
AcDbEntity
  8
04_SEAM
100
AcDbPolyline
 90
        3
 70
     0
 43
0.0
 10
42850.0
 20
1895.26569346791
 10
43000.0
 20
1940.26569346791
 10
42850.0
 20
1985.26569346791
  0
LINE
  5
C4A
330
17
100
AcDbEntity
  8
04_SEAM
100
AcDbLine
 10
42420.0
 20
1940.26569346791
 30
0.0
 11
42280.0
 21
2005.265693467911
 31
0.0
  0
LINE
  5
C4B
330
17
100
AcDbEntity
  8
04_SEAM
100
AcDbLine
 10
42420.0
 20
1940.26569346791
 30
0.0
 11
42280.0
 21
1875.26569346791
 31
0.0
  0
LINE
  5
C4C
330
17
100
AcDbEntity
  8
04_SEAM
100
AcDbLine
 10
70000.0
 20
1940.26569346791
 30
0.0
 11
70580.0
 21
1940.26569346791
 31
0.0
  0
LWPOLYLINE
  5
C4D
330
17
100
AcDbEntity
  8
04_SEAM
100
AcDbPolyline
 90
        3
 70
     0
 43
0.0
 10
70150.0
 20
1985.26569346791
 10
70000.0
 20
1940.26569346791
 10
70150.0
 20
1895.26569346791
  0
LINE
  5
C4E
330
17
100
AcDbEntity
  8
04_SEAM
100
AcDbLine
 10
70580.0
 20
1940.26569346791
 30
0.0
 11
70720.0
 21
1875.26569346791
 31
0.0
  0
LINE
  5
C4F
330
17
100
AcDbEntity
  8
04_SEAM
100
AcDbLine
 10
70580.0
 20
1940.26569346791
 30
0.0
 11
70720.0
 21
2005.265693467911
 31
0.0
  0
LWPOLYLINE
  5
C50
330
17
100
AcDbEntity
  8
04_SEAM
100
AcDbPolyline
 90
        3
 70
     0
 43
0.0
 10
43000.0
 20
2940.265693467911
 10
39000.0
 20
2940.265693467911
 10
40400.0
 20
2940.265693467911
  0
TEXT
  5
C51
330
17
100
AcDbEntity
  8
04_TEXT
100
AcDbText
 10
39000.0
 20
3020.265693467911
 30
0.0
 40
260.0
  1
H s16
  7
RU
100
AcDbText
  0
LINE
  5
C52
330
17
100
AcDbEntity
  8
04_SEAM
100
AcDbLine
 10
43000.0
 20
3940.265693467911
 30
0.0
 11
42420.0
 21
3940.265693467911
 31
0.0
  0
LWPOLYLINE
  5
C53
330
17
100
AcDbEntity
  8
04_SEAM
100
AcDbPolyline
 90
        3
 70
     0
 43
0.0
 10
42850.0
 20
3895.265693467911
 10
43000.0
 20
3940.265693467911
 10
42850.0
 20
3985.265693467911
  0
LINE
  5
C54
330
17
100
AcDbEntity
  8
04_SEAM
100
AcDbLine
 10
42420.0
 20
3940.265693467911
 30
0.0
 11
42280.0
 21
4005.265693467911
 31
0.0
  0
LINE
  5
C55
330
17
100
AcDbEntity
  8
04_SEAM
100
AcDbLine
 10
42420.0
 20
3940.265693467911
 30
0.0
 11
42280.0
 21
3875.265693467911
 31
0.0
  0
LINE
  5
C56
330
17
100
AcDbEntity
  8
04_SEAM
100
AcDbLine
 10
70000.0
 20
3940.265693467911
 30
0.0
 11
70580.0
 21
3940.265693467911
 31
0.0
  0
LWPOLYLINE
  5
C57
330
17
100
AcDbEntity
  8
04_SEAM
100
AcDbPolyline
 90
        3
 70
     0
 43
0.0
 10
70150.0
 20
3985.265693467911
 10
70000.0
 20
3940.265693467911
 10
70150.0
 20
3895.265693467911
  0
LINE
  5
C58
330
17
100
AcDbEntity
  8
04_SEAM
100
AcDbLine
 10
70580.0
 20
3940.265693467911
 30
0.0
 11
70720.0
 21
3875.265693467911
 31
0.0
  0
LINE
  5
C59
330
17
100
AcDbEntity
  8
04_SEAM
100
AcDbLine
 10
70580.0
 20
3940.265693467911
 30
0.0
 11
70720.0
 21
4005.265693467911
 31
0.0
  0
LWPOLYLINE
  5
C5A
330
17
100
AcDbEntity
  8
04_SEAM
100
AcDbPolyline
 90
        3
 70
     0
 43
0.0
 10
43000.0
 20
4940.26569346791
 10
39000.0
 20
4940.26569346791
 10
40400.0
 20
4940.26569346791
  0
TEXT
  5
C5B
330
17
100
AcDbEntity
  8
04_TEXT
100
AcDbText
 10
39000.0
 20
5020.265693467911
 30
0.0
 40
260.0
  1
I s16
  7
RU
100
AcDbText
  0
LINE
  5
C5C
330
17
100
AcDbEntity
  8
04_SEAM
100
AcDbLine
 10
43000.0
 20
5940.265693467911
 30
0.0
 11
42420.0
 21
5940.265693467911
 31
0.0
  0
LWPOLYLINE
  5
C5D
330
17
100
AcDbEntity
  8
04_SEAM
100
AcDbPolyline
 90
        3
 70
     0
 43
0.0
 10
42850.0
 20
5895.265693467912
 10
43000.0
 20
5940.265693467911
 10
42850.0
 20
5985.265693467912
  0
LINE
  5
C5E
330
17
100
AcDbEntity
  8
04_SEAM
100
AcDbLine
 10
42420.0
 20
5940.265693467911
 30
0.0
 11
42280.0
 21
6005.265693467912
 31
0.0
  0
LINE
  5
C5F
330
17
100
AcDbEntity
  8
04_SEAM
100
AcDbLine
 10
42420.0
 20
5940.265693467911
 30
0.0
 11
42280.0
 21
5875.265693467912
 31
0.0
  0
LINE
  5
C60
330
17
100
AcDbEntity
  8
04_SEAM
100
AcDbLine
 10
70000.0
 20
5940.265693467911
 30
0.0
 11
70580.0
 21
5940.265693467911
 31
0.0
  0
LWPOLYLINE
  5
C61
330
17
100
AcDbEntity
  8
04_SEAM
100
AcDbPolyline
 90
        3
 70
     0
 43
0.0
 10
70150.0
 20
5985.265693467912
 10
70000.0
 20
5940.265693467911
 10
70150.0
 20
5895.265693467912
  0
LINE
  5
C62
330
17
100
AcDbEntity
  8
04_SEAM
100
AcDbLine
 10
70580.0
 20
5940.265693467911
 30
0.0
 11
70720.0
 21
5875.265693467912
 31
0.0
  0
LINE
  5
C63
330
17
100
AcDbEntity
  8
04_SEAM
100
AcDbLine
 10
70580.0
 20
5940.265693467911
 30
0.0
 11
70720.0
 21
6005.265693467912
 31
0.0
  0
LWPOLYLINE
  5
C64
330
17
100
AcDbEntity
  8
04_SEAM
100
AcDbPolyline
 90
        3
 70
     0
 43
0.0
 10
43000.0
 20
6940.265693467911
 10
39000.0
 20
6940.265693467911
 10
40400.0
 20
6940.265693467911
  0
TEXT
  5
C65
330
17
100
AcDbEntity
  8
04_TEXT
100
AcDbText
 10
39000.0
 20
7020.265693467911
 30
0.0
 40
260.0
  1
J s15
  7
RU
100
AcDbText
  0
LINE
  5
C66
330
17
100
AcDbEntity
  8
04_SEAM
100
AcDbLine
 10
43000.0
 20
7940.265693467911
 30
0.0
 11
42420.0
 21
7940.265693467911
 31
0.0
  0
LWPOLYLINE
  5
C67
330
17
100
AcDbEntity
  8
04_SEAM
100
AcDbPolyline
 90
        3
 70
     0
 43
0.0
 10
42850.0
 20
7895.265693467911
 10
43000.0
 20
7940.265693467911
 10
42850.0
 20
7985.265693467912
  0
LINE
  5
C68
330
17
100
AcDbEntity
  8
04_SEAM
100
AcDbLine
 10
42420.0
 20
7940.265693467911
 30
0.0
 11
42280.0
 21
8005.265693467912
 31
0.0
  0
LINE
  5
C69
330
17
100
AcDbEntity
  8
04_SEAM
100
AcDbLine
 10
42420.0
 20
7940.265693467911
 30
0.0
 11
42280.0
 21
7875.265693467913
 31
0.0
  0
LINE
  5
C6A
330
17
100
AcDbEntity
  8
04_SEAM
100
AcDbLine
 10
70000.0
 20
7940.265693467911
 30
0.0
 11
70580.0
 21
7940.265693467911
 31
0.0
  0
LWPOLYLINE
  5
C6B
330
17
100
AcDbEntity
  8
04_SEAM
100
AcDbPolyline
 90
        3
 70
     0
 43
0.0
 10
70150.0
 20
7985.265693467912
 10
70000.0
 20
7940.265693467911
 10
70150.0
 20
7895.265693467911
  0
LINE
  5
C6C
330
17
100
AcDbEntity
  8
04_SEAM
100
AcDbLine
 10
70580.0
 20
7940.265693467911
 30
0.0
 11
70720.0
 21
7875.265693467913
 31
0.0
  0
LINE
  5
C6D
330
17
100
AcDbEntity
  8
04_SEAM
100
AcDbLine
 10
70580.0
 20
7940.265693467911
 30
0.0
 11
70720.0
 21
8005.265693467912
 31
0.0
  0
LWPOLYLINE
  5
C6E
330
17
100
AcDbEntity
  8
04_SEAM
100
AcDbPolyline
 90
        3
 70
     0
 43
0.0
 10
43000.0
 20
8940.265693467909
 10
39000.0
 20
8940.265693467909
 10
40400.0
 20
8940.265693467909
  0
TEXT
  5
C6F
330
17
100
AcDbEntity
  8
04_TEXT
100
AcDbText
 10
39000.0
 20
9020.26569346791
 30
0.0
 40
260.0
  1
K s14
  7
RU
100
AcDbText
  0
LINE
  5
C70
330
17
100
AcDbEntity
  8
04_SEAM
100
AcDbLine
 10
43000.0
 20
9940.265693467909
 30
0.0
 11
42420.0
 21
9940.265693467909
 31
0.0
  0
LWPOLYLINE
  5
C71
330
17
100
AcDbEntity
  8
04_SEAM
100
AcDbPolyline
 90
        3
 70
     0
 43
0.0
 10
42850.0
 20
9895.26569346791
 10
43000.0
 20
9940.265693467909
 10
42850.0
 20
9985.265693467908
  0
LINE
  5
C72
330
17
100
AcDbEntity
  8
04_SEAM
100
AcDbLine
 10
42420.0
 20
9940.265693467909
 30
0.0
 11
42280.0
 21
10005.26569346791
 31
0.0
  0
LINE
  5
C73
330
17
100
AcDbEntity
  8
04_SEAM
100
AcDbLine
 10
42420.0
 20
9940.265693467909
 30
0.0
 11
42280.0
 21
9875.265693467909
 31
0.0
  0
LINE
  5
C74
330
17
100
AcDbEntity
  8
04_SEAM
100
AcDbLine
 10
70000.0
 20
9940.265693467909
 30
0.0
 11
70580.0
 21
9940.265693467909
 31
0.0
  0
LWPOLYLINE
  5
C75
330
17
100
AcDbEntity
  8
04_SEAM
100
AcDbPolyline
 90
        3
 70
     0
 43
0.0
 10
70150.0
 20
9985.265693467908
 10
70000.0
 20
9940.265693467909
 10
70150.0
 20
9895.26569346791
  0
LINE
  5
C76
330
17
100
AcDbEntity
  8
04_SEAM
100
AcDbLine
 10
70580.0
 20
9940.265693467909
 30
0.0
 11
70720.0
 21
9875.265693467909
 31
0.0
  0
LINE
  5
C77
330
17
100
AcDbEntity
  8
04_SEAM
100
AcDbLine
 10
70580.0
 20
9940.265693467909
 30
0.0
 11
70720.0
 21
10005.26569346791
 31
0.0
  0
LWPOLYLINE
  5
C78
330
17
100
AcDbEntity
  8
04_SEAM
100
AcDbPolyline
 90
        3
 70
     0
 43
0.0
 10
43000.0
 20
10940.26569346791
 10
39000.0
 20
10940.26569346791
 10
40400.0
 20
10940.26569346791
  0
TEXT
  5
C79
330
17
100
AcDbEntity
  8
04_TEXT
100
AcDbText
 10
39000.0
 20
11020.26569346791
 30
0.0
 40
260.0
  1
L s13
  7
RU
100
AcDbText
  0
LINE
  5
C7A
330
17
100
AcDbEntity
  8
04_SEAM
100
AcDbLine
 10
43000.0
 20
11940.26569346791
 30
0.0
 11
42420.0
 21
11940.26569346791
 31
0.0
  0
LWPOLYLINE
  5
C7B
330
17
100
AcDbEntity
  8
04_SEAM
100
AcDbPolyline
 90
        3
 70
     0
 43
0.0
 10
42850.0
 20
11895.26569346791
 10
43000.0
 20
11940.26569346791
 10
42850.0
 20
11985.26569346791
  0
LINE
  5
C7C
330
17
100
AcDbEntity
  8
04_SEAM
100
AcDbLine
 10
42420.0
 20
11940.26569346791
 30
0.0
 11
42280.0
 21
12005.26569346791
 31
0.0
  0
LINE
  5
C7D
330
17
100
AcDbEntity
  8
04_SEAM
100
AcDbLine
 10
42420.0
 20
11940.26569346791
 30
0.0
 11
42280.0
 21
11875.26569346791
 31
0.0
  0
LINE
  5
C7E
330
17
100
AcDbEntity
  8
04_SEAM
100
AcDbLine
 10
70000.0
 20
11940.26569346791
 30
0.0
 11
70580.0
 21
11940.26569346791
 31
0.0
  0
LWPOLYLINE
  5
C7F
330
17
100
AcDbEntity
  8
04_SEAM
100
AcDbPolyline
 90
        3
 70
     0
 43
0.0
 10
70150.0
 20
11985.26569346791
 10
70000.0
 20
11940.26569346791
 10
70150.0
 20
11895.26569346791
  0
LINE
  5
C80
330
17
100
AcDbEntity
  8
04_SEAM
100
AcDbLine
 10
70580.0
 20
11940.26569346791
 30
0.0
 11
70720.0
 21
11875.26569346791
 31
0.0
  0
LINE
  5
C81
330
17
100
AcDbEntity
  8
04_SEAM
100
AcDbLine
 10
70580.0
 20
11940.26569346791
 30
0.0
 11
70720.0
 21
12005.26569346791
 31
0.0
  0
LWPOLYLINE
  5
C82
330
17
100
AcDbEntity
  8
04_SEAM
100
AcDbPolyline
 90
        3
 70
     0
 43
0.0
 10
43000.0
 20
12442.69927010093
 10
39000.0
 20
12442.69927010093
 10
40400.0
 20
12442.69927010093
  0
TEXT
  5
C83
330
17
100
AcDbEntity
  8
04_TEXT
100
AcDbText
 10
39000.0
 20
12522.69927010093
 30
0.0
 40
260.0
  1
M s12
  7
RU
100
AcDbText
  0
LINE
  5
C84
330
17
100
AcDbEntity
  8
04_SEAM
100
AcDbLine
 10
43000.0
 20
12945.13284673395
 30
0.0
 11
42420.0
 21
12945.13284673395
 31
0.0
  0
LWPOLYLINE
  5
C85
330
17
100
AcDbEntity
  8
04_SEAM
100
AcDbPolyline
 90
        3
 70
     0
 43
0.0
 10
42850.0
 20
12900.13284673395
 10
43000.0
 20
12945.13284673395
 10
42850.0
 20
12990.13284673395
  0
LINE
  5
C86
330
17
100
AcDbEntity
  8
04_SEAM
100
AcDbLine
 10
42420.0
 20
12945.13284673395
 30
0.0
 11
42280.0
 21
13010.13284673395
 31
0.0
  0
LINE
  5
C87
330
17
100
AcDbEntity
  8
04_SEAM
100
AcDbLine
 10
42420.0
 20
12945.13284673395
 30
0.0
 11
42280.0
 21
12880.13284673395
 31
0.0
  0
LINE
  5
C88
330
17
100
AcDbEntity
  8
04_SEAM
100
AcDbLine
 10
70000.0
 20
12945.13284673395
 30
0.0
 11
70580.0
 21
12945.13284673395
 31
0.0
  0
LWPOLYLINE
  5
C89
330
17
100
AcDbEntity
  8
04_SEAM
100
AcDbPolyline
 90
        3
 70
     0
 43
0.0
 10
70150.0
 20
12990.13284673395
 10
70000.0
 20
12945.13284673395
 10
70150.0
 20
12900.13284673395
  0
LINE
  5
C8A
330
17
100
AcDbEntity
  8
04_SEAM
100
AcDbLine
 10
70580.0
 20
12945.13284673395
 30
0.0
 11
70720.0
 21
12880.13284673395
 31
0.0
  0
LINE
  5
C8B
330
17
100
AcDbEntity
  8
04_SEAM
100
AcDbLine
 10
70580.0
 20
12945.13284673395
 30
0.0
 11
70720.0
 21
13010.13284673395
 31
0.0
  0
LWPOLYLINE
  5
C8C
330
17
100
AcDbEntity
  8
04_SEAM
100
AcDbPolyline
 90
        3
 70
     0
 43
0.0
 10
43000.0
 20
13447.56642336697
 10
39000.0
 20
13447.56642336697
 10
40400.0
 20
13447.56642336697
  0
TEXT
  5
C8D
330
17
100
AcDbEntity
  8
04_TEXT
100
AcDbText
 10
39000.0
 20
13527.56642336697
 30
0.0
 40
260.0
  1
N s12
  7
RU
100
AcDbText
  0
LINE
  5
C8E
330
17
100
AcDbEntity
  8
04_SEAM
100
AcDbLine
 10
43000.0
 20
13949.99999999999
 30
0.0
 11
42420.0
 21
13949.99999999999
 31
0.0
  0
LWPOLYLINE
  5
C8F
330
17
100
AcDbEntity
  8
04_SEAM
100
AcDbPolyline
 90
        3
 70
     0
 43
0.0
 10
42850.0
 20
13904.99999999999
 10
43000.0
 20
13949.99999999999
 10
42850.0
 20
13994.99999999999
  0
LINE
  5
C90
330
17
100
AcDbEntity
  8
04_SEAM
100
AcDbLine
 10
42420.0
 20
13949.99999999999
 30
0.0
 11
42280.0
 21
14014.99999999999
 31
0.0
  0
LINE
  5
C91
330
17
100
AcDbEntity
  8
04_SEAM
100
AcDbLine
 10
42420.0
 20
13949.99999999999
 30
0.0
 11
42280.0
 21
13884.99999999999
 31
0.0
  0
LINE
  5
C92
330
17
100
AcDbEntity
  8
04_SEAM
100
AcDbLine
 10
70000.0
 20
13949.99999999999
 30
0.0
 11
70580.0
 21
13949.99999999999
 31
0.0
  0
LWPOLYLINE
  5
C93
330
17
100
AcDbEntity
  8
04_SEAM
100
AcDbPolyline
 90
        3
 70
     0
 43
0.0
 10
70150.0
 20
13994.99999999999
 10
70000.0
 20
13949.99999999999
 10
70150.0
 20
13904.99999999999
  0
LINE
  5
C94
330
17
100
AcDbEntity
  8
04_SEAM
100
AcDbLine
 10
70580.0
 20
13949.99999999999
 30
0.0
 11
70720.0
 21
13884.99999999999
 31
0.0
  0
LINE
  5
C95
330
17
100
AcDbEntity
  8
04_SEAM
100
AcDbLine
 10
70580.0
 20
13949.99999999999
 30
0.0
 11
70720.0
 21
14014.99999999999
 31
0.0
  0
LWPOLYLINE
  5
C96
330
17
100
AcDbEntity
  8
04_SEAM
100
AcDbPolyline
 90
        3
 70
     0
 43
0.0
 10
43000.0
 20
14724.99999999999
 10
39000.0
 20
14724.99999999999
 10
40400.0
 20
14724.99999999999
  0
TEXT
  5
C97
330
17
100
AcDbEntity
  8
04_TEXT
100
AcDbText
 10
39000.0
 20
14804.99999999999
 30
0.0
 40
260.0
  1
SH s12
  7
RU
100
AcDbText
  0
LINE
  5
C98
330
17
100
AcDbEntity
  8
04_SEAM
100
AcDbLine
 10
45000.0
 20
3800.0
 30
0.0
 11
45580.0
 21
3800.0
 31
0.0
  0
LWPOLYLINE
  5
C99
330
17
100
AcDbEntity
  8
04_SEAM
100
AcDbPolyline
 90
        3
 70
     0
 43
0.0
 10
45150.0
 20
3845.0
 10
45000.0
 20
3800.0
 10
45150.0
 20
3755.0
  0
LINE
  5
C9A
330
17
100
AcDbEntity
  8
04_SEAM
100
AcDbLine
 10
45580.0
 20
3800.0
 30
0.0
 11
45720.0
 21
3735.0
 31
0.0
  0
LINE
  5
C9B
330
17
100
AcDbEntity
  8
04_SEAM
100
AcDbLine
 10
45580.0
 20
3800.0
 30
0.0
 11
45720.0
 21
3865.0
 31
0.0
  0
LINE
  5
C9C
330
17
100
AcDbEntity
  8
04_SEAM
100
AcDbLine
 10
68000.0
 20
3800.0
 30
0.0
 11
67420.0
 21
3800.0
 31
0.0
  0
LWPOLYLINE
  5
C9D
330
17
100
AcDbEntity
  8
04_SEAM
100
AcDbPolyline
 90
        3
 70
     0
 43
0.0
 10
67850.0
 20
3755.0
 10
68000.0
 20
3800.0
 10
67850.0
 20
3845.0
  0
LINE
  5
C9E
330
17
100
AcDbEntity
  8
04_SEAM
100
AcDbLine
 10
67420.0
 20
3800.0
 30
0.0
 11
67280.0
 21
3865.0
 31
0.0
  0
LINE
  5
C9F
330
17
100
AcDbEntity
  8
04_SEAM
100
AcDbLine
 10
67420.0
 20
3800.0
 30
0.0
 11
67280.0
 21
3735.0
 31
0.0
  0
LINE
  5
CA0
330
17
100
AcDbEntity
  8
04_SEAM
100
AcDbLine
 10
45000.0
 20
5800.0
 30
0.0
 11
45580.0
 21
5800.0
 31
0.0
  0
LWPOLYLINE
  5
CA1
330
17
100
AcDbEntity
  8
04_SEAM
100
AcDbPolyline
 90
        3
 70
     0
 43
0.0
 10
45150.0
 20
5845.0
 10
45000.0
 20
5800.0
 10
45150.0
 20
5755.0
  0
LINE
  5
CA2
330
17
100
AcDbEntity
  8
04_SEAM
100
AcDbLine
 10
45580.0
 20
5800.0
 30
0.0
 11
45720.0
 21
5735.0
 31
0.0
  0
LINE
  5
CA3
330
17
100
AcDbEntity
  8
04_SEAM
100
AcDbLine
 10
45580.0
 20
5800.0
 30
0.0
 11
45720.0
 21
5865.0
 31
0.0
  0
LINE
  5
CA4
330
17
100
AcDbEntity
  8
04_SEAM
100
AcDbLine
 10
68000.0
 20
5800.0
 30
0.0
 11
67420.0
 21
5800.0
 31
0.0
  0
LWPOLYLINE
  5
CA5
330
17
100
AcDbEntity
  8
04_SEAM
100
AcDbPolyline
 90
        3
 70
     0
 43
0.0
 10
67850.0
 20
5755.0
 10
68000.0
 20
5800.0
 10
67850.0
 20
5845.0
  0
LINE
  5
CA6
330
17
100
AcDbEntity
  8
04_SEAM
100
AcDbLine
 10
67420.0
 20
5800.0
 30
0.0
 11
67280.0
 21
5865.0
 31
0.0
  0
LINE
  5
CA7
330
17
100
AcDbEntity
  8
04_SEAM
100
AcDbLine
 10
67420.0
 20
5800.0
 30
0.0
 11
67280.0
 21
5735.0
 31
0.0
  0
LINE
  5
CA8
330
17
100
AcDbEntity
  8
04_SEAM
100
AcDbLine
 10
45000.0
 20
7800.0
 30
0.0
 11
45580.0
 21
7800.0
 31
0.0
  0
LWPOLYLINE
  5
CA9
330
17
100
AcDbEntity
  8
04_SEAM
100
AcDbPolyline
 90
        3
 70
     0
 43
0.0
 10
45150.0
 20
7845.0
 10
45000.0
 20
7800.0
 10
45150.0
 20
7755.0
  0
LINE
  5
CAA
330
17
100
AcDbEntity
  8
04_SEAM
100
AcDbLine
 10
45580.0
 20
7800.0
 30
0.0
 11
45720.0
 21
7735.0
 31
0.0
  0
LINE
  5
CAB
330
17
100
AcDbEntity
  8
04_SEAM
100
AcDbLine
 10
45580.0
 20
7800.0
 30
0.0
 11
45720.0
 21
7865.0
 31
0.0
  0
LINE
  5
CAC
330
17
100
AcDbEntity
  8
04_SEAM
100
AcDbLine
 10
68000.0
 20
7800.0
 30
0.0
 11
67420.0
 21
7800.0
 31
0.0
  0
LWPOLYLINE
  5
CAD
330
17
100
AcDbEntity
  8
04_SEAM
100
AcDbPolyline
 90
        3
 70
     0
 43
0.0
 10
67850.0
 20
7755.0
 10
68000.0
 20
7800.0
 10
67850.0
 20
7845.0
  0
LINE
  5
CAE
330
17
100
AcDbEntity
  8
04_SEAM
100
AcDbLine
 10
67420.0
 20
7800.0
 30
0.0
 11
67280.0
 21
7865.0
 31
0.0
  0
LINE
  5
CAF
330
17
100
AcDbEntity
  8
04_SEAM
100
AcDbLine
 10
67420.0
 20
7800.0
 30
0.0
 11
67280.0
 21
7735.0
 31
0.0
  0
LINE
  5
CB0
330
17
100
AcDbEntity
  8
04_SEAM
100
AcDbLine
 10
45000.0
 20
9800.0
 30
0.0
 11
45580.0
 21
9800.0
 31
0.0
  0
LWPOLYLINE
  5
CB1
330
17
100
AcDbEntity
  8
04_SEAM
100
AcDbPolyline
 90
        3
 70
     0
 43
0.0
 10
45150.0
 20
9845.0
 10
45000.0
 20
9800.0
 10
45150.0
 20
9755.0
  0
LINE
  5
CB2
330
17
100
AcDbEntity
  8
04_SEAM
100
AcDbLine
 10
45580.0
 20
9800.0
 30
0.0
 11
45720.0
 21
9735.0
 31
0.0
  0
LINE
  5
CB3
330
17
100
AcDbEntity
  8
04_SEAM
100
AcDbLine
 10
45580.0
 20
9800.0
 30
0.0
 11
45720.0
 21
9865.0
 31
0.0
  0
LINE
  5
CB4
330
17
100
AcDbEntity
  8
04_SEAM
100
AcDbLine
 10
68000.0
 20
9800.0
 30
0.0
 11
67420.0
 21
9800.0
 31
0.0
  0
LWPOLYLINE
  5
CB5
330
17
100
AcDbEntity
  8
04_SEAM
100
AcDbPolyline
 90
        3
 70
     0
 43
0.0
 10
67850.0
 20
9755.0
 10
68000.0
 20
9800.0
 10
67850.0
 20
9845.0
  0
LINE
  5
CB6
330
17
100
AcDbEntity
  8
04_SEAM
100
AcDbLine
 10
67420.0
 20
9800.0
 30
0.0
 11
67280.0
 21
9865.0
 31
0.0
  0
LINE
  5
CB7
330
17
100
AcDbEntity
  8
04_SEAM
100
AcDbLine
 10
67420.0
 20
9800.0
 30
0.0
 11
67280.0
 21
9735.0
 31
0.0
  0
LINE
  5
CB8
330
17
100
AcDbEntity
  8
04_SEAM
100
AcDbLine
 10
45000.0
 20
11800.0
 30
0.0
 11
45580.0
 21
11800.0
 31
0.0
  0
LWPOLYLINE
  5
CB9
330
17
100
AcDbEntity
  8
04_SEAM
100
AcDbPolyline
 90
        3
 70
     0
 43
0.0
 10
45150.0
 20
11845.0
 10
45000.0
 20
11800.0
 10
45150.0
 20
11755.0
  0
LINE
  5
CBA
330
17
100
AcDbEntity
  8
04_SEAM
100
AcDbLine
 10
45580.0
 20
11800.0
 30
0.0
 11
45720.0
 21
11735.0
 31
0.0
  0
LINE
  5
CBB
330
17
100
AcDbEntity
  8
04_SEAM
100
AcDbLine
 10
45580.0
 20
11800.0
 30
0.0
 11
45720.0
 21
11865.0
 31
0.0
  0
LINE
  5
CBC
330
17
100
AcDbEntity
  8
04_SEAM
100
AcDbLine
 10
68000.0
 20
11800.0
 30
0.0
 11
67420.0
 21
11800.0
 31
0.0
  0
LWPOLYLINE
  5
CBD
330
17
100
AcDbEntity
  8
04_SEAM
100
AcDbPolyline
 90
        3
 70
     0
 43
0.0
 10
67850.0
 20
11755.0
 10
68000.0
 20
11800.0
 10
67850.0
 20
11845.0
  0
LINE
  5
CBE
330
17
100
AcDbEntity
  8
04_SEAM
100
AcDbLine
 10
67420.0
 20
11800.0
 30
0.0
 11
67280.0
 21
11865.0
 31
0.0
  0
LINE
  5
CBF
330
17
100
AcDbEntity
  8
04_SEAM
100
AcDbLine
 10
67420.0
 20
11800.0
 30
0.0
 11
67280.0
 21
11735.0
 31
0.0
  0
LINE
  5
CC0
330
17
100
AcDbEntity
  8
04_SEAM
100
AcDbLine
 10
45000.0
 20
13800.0
 30
0.0
 11
45580.0
 21
13800.0
 31
0.0
  0
LWPOLYLINE
  5
CC1
330
17
100
AcDbEntity
  8
04_SEAM
100
AcDbPolyline
 90
        3
 70
     0
 43
0.0
 10
45150.0
 20
13845.0
 10
45000.0
 20
13800.0
 10
45150.0
 20
13755.0
  0
LINE
  5
CC2
330
17
100
AcDbEntity
  8
04_SEAM
100
AcDbLine
 10
45580.0
 20
13800.0
 30
0.0
 11
45720.0
 21
13735.0
 31
0.0
  0
LINE
  5
CC3
330
17
100
AcDbEntity
  8
04_SEAM
100
AcDbLine
 10
45580.0
 20
13800.0
 30
0.0
 11
45720.0
 21
13865.0
 31
0.0
  0
LINE
  5
CC4
330
17
100
AcDbEntity
  8
04_SEAM
100
AcDbLine
 10
68000.0
 20
13800.0
 30
0.0
 11
67420.0
 21
13800.0
 31
0.0
  0
LWPOLYLINE
  5
CC5
330
17
100
AcDbEntity
  8
04_SEAM
100
AcDbPolyline
 90
        3
 70
     0
 43
0.0
 10
67850.0
 20
13755.0
 10
68000.0
 20
13800.0
 10
67850.0
 20
13845.0
  0
LINE
  5
CC6
330
17
100
AcDbEntity
  8
04_SEAM
100
AcDbLine
 10
67420.0
 20
13800.0
 30
0.0
 11
67280.0
 21
13865.0
 31
0.0
  0
LINE
  5
CC7
330
17
100
AcDbEntity
  8
04_SEAM
100
AcDbLine
 10
67420.0
 20
13800.0
 30
0.0
 11
67280.0
 21
13735.0
 31
0.0
  0
LWPOLYLINE
  5
CC8
330
17
100
AcDbEntity
  8
04_SEAM
100
AcDbPolyline
 90
        3
 70
     0
 43
0.0
 10
45000.0
 20
2800.0
 10
46800.0
 20
2920.0
 10
48200.0
 20
2920.0
  0
TEXT
  5
CC9
330
17
100
AcDbEntity
  8
04_TEXT
100
AcDbText
 10
46800.0
 20
3000.0
 30
0.0
 40
260.0
  1
ISG s16
  7
RU
100
AcDbText
  0
LWPOLYLINE
  5
CCA
330
17
100
AcDbEntity
  8
04_SEAM
100
AcDbPolyline
 90
        3
 70
     0
 43
0.0
 10
45000.0
 20
4800.0
 10
46800.0
 20
4920.0
 10
48200.0
 20
4920.0
  0
TEXT
  5
CCB
330
17
100
AcDbEntity
  8
04_TEXT
100
AcDbText
 10
46800.0
 20
5000.0
 30
0.0
 40
260.0
  1
ISF s15
  7
RU
100
AcDbText
  0
LWPOLYLINE
  5
CCC
330
17
100
AcDbEntity
  8
04_SEAM
100
AcDbPolyline
 90
        3
 70
     0
 43
0.0
 10
45000.0
 20
6800.0
 10
46800.0
 20
6920.0
 10
48200.0
 20
6920.0
  0
TEXT
  5
CCD
330
17
100
AcDbEntity
  8
04_TEXT
100
AcDbText
 10
46800.0
 20
7000.0
 30
0.0
 40
260.0
  1
ISE s14
  7
RU
100
AcDbText
  0
LWPOLYLINE
  5
CCE
330
17
100
AcDbEntity
  8
04_SEAM
100
AcDbPolyline
 90
        3
 70
     0
 43
0.0
 10
45000.0
 20
8800.0
 10
46800.0
 20
8920.0
 10
48200.0
 20
8920.0
  0
TEXT
  5
CCF
330
17
100
AcDbEntity
  8
04_TEXT
100
AcDbText
 10
46800.0
 20
9000.0
 30
0.0
 40
260.0
  1
ISD s13
  7
RU
100
AcDbText
  0
LWPOLYLINE
  5
CD0
330
17
100
AcDbEntity
  8
04_SEAM
100
AcDbPolyline
 90
        3
 70
     0
 43
0.0
 10
45000.0
 20
10800.0
 10
46800.0
 20
10920.0
 10
48200.0
 20
10920.0
  0
TEXT
  5
CD1
330
17
100
AcDbEntity
  8
04_TEXT
100
AcDbText
 10
46800.0
 20
11000.0
 30
0.0
 40
260.0
  1
ISC s13
  7
RU
100
AcDbText
  0
LWPOLYLINE
  5
CD2
330
17
100
AcDbEntity
  8
04_SEAM
100
AcDbPolyline
 90
        3
 70
     0
 43
0.0
 10
45000.0
 20
12800.0
 10
46800.0
 20
12920.0
 10
48200.0
 20
12920.0
  0
TEXT
  5
CD3
330
17
100
AcDbEntity
  8
04_TEXT
100
AcDbText
 10
46800.0
 20
13000.0
 30
0.0
 40
260.0
  1
ISB s12
  7
RU
100
AcDbText
  0
LWPOLYLINE
  5
CD4
330
17
100
AcDbEntity
  8
04_SEAM
100
AcDbPolyline
 90
        3
 70
     0
 43
0.0
 10
45000.0
 20
14690.0
 10
46800.0
 20
14810.0
 10
48200.0
 20
14810.0
  0
TEXT
  5
CD5
330
17
100
AcDbEntity
  8
04_TEXT
100
AcDbText
 10
46800.0
 20
14890.0
 30
0.0
 40
260.0
  1
ISA s12
  7
RU
100
AcDbText
  0
LINE
  5
CD6
330
17
100
AcDbEntity
  8
04_SEAM
100
AcDbLine
 10
45000.0
 20
1800.0
 30
0.0
 11
45000.0
 21
2380.0
 31
0.0
  0
LWPOLYLINE
  5
CD7
330
17
100
AcDbEntity
  8
04_SEAM
100
AcDbPolyline
 90
        3
 70
     0
 43
0.0
 10
44955.0
 20
1950.0
 10
45000.0
 20
1800.0
 10
45045.0
 20
1950.0
  0
LINE
  5
CD8
330
17
100
AcDbEntity
  8
04_SEAM
100
AcDbLine
 10
45000.0
 20
2380.0
 30
0.0
 11
45065.0
 21
2520.0
 31
0.0
  0
LINE
  5
CD9
330
17
100
AcDbEntity
  8
04_SEAM
100
AcDbLine
 10
45000.0
 20
2380.0
 30
0.0
 11
44935.0
 21
2520.0
 31
0.0
  0
LINE
  5
CDA
330
17
100
AcDbEntity
  8
04_SEAM
100
AcDbLine
 10
45000.0
 20
15580.0
 30
0.0
 11
45000.0
 21
16160.0
 31
0.0
  0
LWPOLYLINE
  5
CDB
330
17
100
AcDbEntity
  8
04_SEAM
100
AcDbPolyline
 90
        3
 70
     0
 43
0.0
 10
44955.0
 20
15730.0
 10
45000.0
 20
15580.0
 10
45045.0
 20
15730.0
  0
LINE
  5
CDC
330
17
100
AcDbEntity
  8
04_SEAM
100
AcDbLine
 10
45000.0
 20
16160.0
 30
0.0
 11
45065.0
 21
16300.0
 31
0.0
  0
LINE
  5
CDD
330
17
100
AcDbEntity
  8
04_SEAM
100
AcDbLine
 10
45000.0
 20
16160.0
 30
0.0
 11
44935.0
 21
16300.0
 31
0.0
  0
LINE
  5
CDE
330
17
100
AcDbEntity
  8
04_SEAM
100
AcDbLine
 10
47000.0
 20
1800.0
 30
0.0
 11
47000.0
 21
2380.0
 31
0.0
  0
LWPOLYLINE
  5
CDF
330
17
100
AcDbEntity
  8
04_SEAM
100
AcDbPolyline
 90
        3
 70
     0
 43
0.0
 10
46955.0
 20
1950.0
 10
47000.0
 20
1800.0
 10
47045.0
 20
1950.0
  0
LINE
  5
CE0
330
17
100
AcDbEntity
  8
04_SEAM
100
AcDbLine
 10
47000.0
 20
2380.0
 30
0.0
 11
47065.0
 21
2520.0
 31
0.0
  0
LINE
  5
CE1
330
17
100
AcDbEntity
  8
04_SEAM
100
AcDbLine
 10
47000.0
 20
2380.0
 30
0.0
 11
46935.0
 21
2520.0
 31
0.0
  0
LINE
  5
CE2
330
17
100
AcDbEntity
  8
04_SEAM
100
AcDbLine
 10
47000.0
 20
15660.0
 30
0.0
 11
47000.0
 21
16240.0
 31
0.0
  0
LWPOLYLINE
  5
CE3
330
17
100
AcDbEntity
  8
04_SEAM
100
AcDbPolyline
 90
        3
 70
     0
 43
0.0
 10
46955.0
 20
15810.0
 10
47000.0
 20
15660.0
 10
47045.0
 20
15810.0
  0
LINE
  5
CE4
330
17
100
AcDbEntity
  8
04_SEAM
100
AcDbLine
 10
47000.0
 20
16240.0
 30
0.0
 11
47065.0
 21
16380.0
 31
0.0
  0
LINE
  5
CE5
330
17
100
AcDbEntity
  8
04_SEAM
100
AcDbLine
 10
47000.0
 20
16240.0
 30
0.0
 11
46935.0
 21
16380.0
 31
0.0
  0
LINE
  5
CE6
330
17
100
AcDbEntity
  8
04_SEAM
100
AcDbLine
 10
49000.0
 20
1800.0
 30
0.0
 11
49000.0
 21
2380.0
 31
0.0
  0
LWPOLYLINE
  5
CE7
330
17
100
AcDbEntity
  8
04_SEAM
100
AcDbPolyline
 90
        3
 70
     0
 43
0.0
 10
48955.0
 20
1950.0
 10
49000.0
 20
1800.0
 10
49045.0
 20
1950.0
  0
LINE
  5
CE8
330
17
100
AcDbEntity
  8
04_SEAM
100
AcDbLine
 10
49000.0
 20
2380.0
 30
0.0
 11
49065.0
 21
2520.0
 31
0.0
  0
LINE
  5
CE9
330
17
100
AcDbEntity
  8
04_SEAM
100
AcDbLine
 10
49000.0
 20
2380.0
 30
0.0
 11
48935.0
 21
2520.0
 31
0.0
  0
LINE
  5
CEA
330
17
100
AcDbEntity
  8
04_SEAM
100
AcDbLine
 10
49000.0
 20
15740.0
 30
0.0
 11
49000.0
 21
16320.0
 31
0.0
  0
LWPOLYLINE
  5
CEB
330
17
100
AcDbEntity
  8
04_SEAM
100
AcDbPolyline
 90
        3
 70
     0
 43
0.0
 10
48955.0
 20
15890.0
 10
49000.0
 20
15740.0
 10
49045.0
 20
15890.0
  0
LINE
  5
CEC
330
17
100
AcDbEntity
  8
04_SEAM
100
AcDbLine
 10
49000.0
 20
16320.0
 30
0.0
 11
49065.0
 21
16460.0
 31
0.0
  0
LINE
  5
CED
330
17
100
AcDbEntity
  8
04_SEAM
100
AcDbLine
 10
49000.0
 20
16320.0
 30
0.0
 11
48935.0
 21
16460.0
 31
0.0
  0
LINE
  5
CEE
330
17
100
AcDbEntity
  8
04_SEAM
100
AcDbLine
 10
51000.0
 20
1800.0
 30
0.0
 11
51000.0
 21
2380.0
 31
0.0
  0
LWPOLYLINE
  5
CEF
330
17
100
AcDbEntity
  8
04_SEAM
100
AcDbPolyline
 90
        3
 70
     0
 43
0.0
 10
50955.0
 20
1950.0
 10
51000.0
 20
1800.0
 10
51045.0
 20
1950.0
  0
LINE
  5
CF0
330
17
100
AcDbEntity
  8
04_SEAM
100
AcDbLine
 10
51000.0
 20
2380.0
 30
0.0
 11
51065.0
 21
2520.0
 31
0.0
  0
LINE
  5
CF1
330
17
100
AcDbEntity
  8
04_SEAM
100
AcDbLine
 10
51000.0
 20
2380.0
 30
0.0
 11
50935.0
 21
2520.0
 31
0.0
  0
LINE
  5
CF2
330
17
100
AcDbEntity
  8
04_SEAM
100
AcDbLine
 10
51000.0
 20
15820.0
 30
0.0
 11
51000.0
 21
16400.0
 31
0.0
  0
LWPOLYLINE
  5
CF3
330
17
100
AcDbEntity
  8
04_SEAM
100
AcDbPolyline
 90
        3
 70
     0
 43
0.0
 10
50955.0
 20
15970.0
 10
51000.0
 20
15820.0
 10
51045.0
 20
15970.0
  0
LINE
  5
CF4
330
17
100
AcDbEntity
  8
04_SEAM
100
AcDbLine
 10
51000.0
 20
16400.0
 30
0.0
 11
51065.0
 21
16540.0
 31
0.0
  0
LINE
  5
CF5
330
17
100
AcDbEntity
  8
04_SEAM
100
AcDbLine
 10
51000.0
 20
16400.0
 30
0.0
 11
50935.0
 21
16540.0
 31
0.0
  0
LINE
  5
CF6
330
17
100
AcDbEntity
  8
04_SEAM
100
AcDbLine
 10
53000.0
 20
1800.0
 30
0.0
 11
53000.0
 21
2380.0
 31
0.0
  0
LWPOLYLINE
  5
CF7
330
17
100
AcDbEntity
  8
04_SEAM
100
AcDbPolyline
 90
        3
 70
     0
 43
0.0
 10
52955.0
 20
1950.0
 10
53000.0
 20
1800.0
 10
53045.0
 20
1950.0
  0
LINE
  5
CF8
330
17
100
AcDbEntity
  8
04_SEAM
100
AcDbLine
 10
53000.0
 20
2380.0
 30
0.0
 11
53065.0
 21
2520.0
 31
0.0
  0
LINE
  5
CF9
330
17
100
AcDbEntity
  8
04_SEAM
100
AcDbLine
 10
53000.0
 20
2380.0
 30
0.0
 11
52935.0
 21
2520.0
 31
0.0
  0
LINE
  5
CFA
330
17
100
AcDbEntity
  8
04_SEAM
100
AcDbLine
 10
53000.0
 20
15900.0
 30
0.0
 11
53000.0
 21
16480.0
 31
0.0
  0
LWPOLYLINE
  5
CFB
330
17
100
AcDbEntity
  8
04_SEAM
100
AcDbPolyline
 90
        3
 70
     0
 43
0.0
 10
52955.0
 20
16050.0
 10
53000.0
 20
15900.0
 10
53045.0
 20
16050.0
  0
LINE
  5
CFC
330
17
100
AcDbEntity
  8
04_SEAM
100
AcDbLine
 10
53000.0
 20
16480.0
 30
0.0
 11
53065.0
 21
16620.0
 31
0.0
  0
LINE
  5
CFD
330
17
100
AcDbEntity
  8
04_SEAM
100
AcDbLine
 10
53000.0
 20
16480.0
 30
0.0
 11
52935.0
 21
16620.0
 31
0.0
  0
LINE
  5
CFE
330
17
100
AcDbEntity
  8
04_SEAM
100
AcDbLine
 10
55000.0
 20
1800.0
 30
0.0
 11
55000.0
 21
2380.0
 31
0.0
  0
LWPOLYLINE
  5
CFF
330
17
100
AcDbEntity
  8
04_SEAM
100
AcDbPolyline
 90
        3
 70
     0
 43
0.0
 10
54955.0
 20
1950.0
 10
55000.0
 20
1800.0
 10
55045.0
 20
1950.0
  0
LINE
  5
D00
330
17
100
AcDbEntity
  8
04_SEAM
100
AcDbLine
 10
55000.0
 20
2380.0
 30
0.0
 11
55065.0
 21
2520.0
 31
0.0
  0
LINE
  5
D01
330
17
100
AcDbEntity
  8
04_SEAM
100
AcDbLine
 10
55000.0
 20
2380.0
 30
0.0
 11
54935.0
 21
2520.0
 31
0.0
  0
LINE
  5
D02
330
17
100
AcDbEntity
  8
04_SEAM
100
AcDbLine
 10
55000.0
 20
15980.0
 30
0.0
 11
55000.0
 21
16560.0
 31
0.0
  0
LWPOLYLINE
  5
D03
330
17
100
AcDbEntity
  8
04_SEAM
100
AcDbPolyline
 90
        3
 70
     0
 43
0.0
 10
54955.0
 20
16130.0
 10
55000.0
 20
15980.0
 10
55045.0
 20
16130.0
  0
LINE
  5
D04
330
17
100
AcDbEntity
  8
04_SEAM
100
AcDbLine
 10
55000.0
 20
16560.0
 30
0.0
 11
55065.0
 21
16700.0
 31
0.0
  0
LINE
  5
D05
330
17
100
AcDbEntity
  8
04_SEAM
100
AcDbLine
 10
55000.0
 20
16560.0
 30
0.0
 11
54935.0
 21
16700.0
 31
0.0
  0
LWPOLYLINE
  5
D06
330
17
100
AcDbEntity
  8
04_SEAM
100
AcDbPolyline
 90
        3
 70
     0
 43
0.0
 10
51000.0
 20
15820.0
 10
51500.0
 20
17320.0
 10
52900.0
 20
17320.0
  0
TEXT
  5
D07
330
17
100
AcDbEntity
  8
04_TEXT
100
AcDbText
 10
51500.0
 20
17400.0
 30
0.0
 40
260.0
  1
DK s12
  7
RU
100
AcDbText
  0
LWPOLYLINE
  5
D08
330
17
100
AcDbEntity
  8
04_SEAM
100
AcDbPolyline
 90
        3
 70
     0
 43
0.0
 10
52000.0
 20
1800.0
 10
52500.0
 20
3320.0
 10
53900.0
 20
3320.0
  0
TEXT
  5
D09
330
17
100
AcDbEntity
  8
04_TEXT
100
AcDbText
 10
52500.0
 20
3400.0
 30
0.0
 40
260.0
  1
IB s15
  7
RU
100
AcDbText
  0
LWPOLYLINE
  5
D0A
330
17
100
AcDbEntity
  8
04_SEAM
100
AcDbPolyline
 90
        3
 70
     0
 43
0.0
 10
44000.0
 20
1800.0
 10
44000.0
 20
3320.0
 10
45400.0
 20
3320.0
  0
TEXT
  5
D0B
330
17
100
AcDbEntity
  8
04_TEXT
100
AcDbText
 10
44000.0
 20
3400.0
 30
0.0
 40
260.0
  1
IM s15
  7
RU
100
AcDbText
  0
LINE
  5
D0C
330
17
100
AcDbEntity
  8
04_DIM
100
AcDbLine
 10
43000.0
 20
0.0
 30
0.0
 11
43000.0
 21
-3920.0
 31
0.0
  0
LINE
  5
D0D
330
17
100
AcDbEntity
  8
04_DIM
100
AcDbLine
 10
70000.0
 20
0.0
 30
0.0
 11
70000.0
 21
-3920.0
 31
0.0
  0
LINE
  5
D0E
330
17
100
AcDbEntity
  8
04_DIM
100
AcDbLine
 10
43000.0
 20
-4100.0
 30
0.0
 11
70000.0
 21
-4100.0
 31
0.0
  0
LWPOLYLINE
  5
D0F
330
17
100
AcDbEntity
  8
04_DIM
100
AcDbPolyline
 90
        3
 70
     0
 43
0.0
 10
43160.0
 20
-4050.0
 10
43000.0
 20
-4100.0
 10
43160.0
 20
-4150.0
  0
LWPOLYLINE
  5
D10
330
17
100
AcDbEntity
  8
04_DIM
100
AcDbPolyline
 90
        3
 70
     0
 43
0.0
 10
69840.0
 20
-4050.0
 10
70000.0
 20
-4100.0
 10
69840.0
 20
-4150.0
  0
TEXT
  5
D11
330
17
100
AcDbEntity
  8
04_DIM
100
AcDbText
 10
56075.0
 20
-3920.0
 30
0.0
 40
240.0
  1
27000
  7
RU
100
AcDbText
  0
LINE
  5
D12
330
17
100
AcDbEntity
  8
04_DIM
100
AcDbLine
 10
55725.0
 20
0.0
 30
0.0
 11
55725.0
 21
-3020.0
 31
0.0
  0
LINE
  5
D13
330
17
100
AcDbEntity
  8
04_DIM
100
AcDbLine
 10
57275.0
 20
0.0
 30
0.0
 11
57275.0
 21
-3020.0
 31
0.0
  0
LINE
  5
D14
330
17
100
AcDbEntity
  8
04_DIM
100
AcDbLine
 10
55725.0
 20
-3200.0
 30
0.0
 11
57275.0
 21
-3200.0
 31
0.0
  0
LWPOLYLINE
  5
D15
330
17
100
AcDbEntity
  8
04_DIM
100
AcDbPolyline
 90
        3
 70
     0
 43
0.0
 10
55885.0
 20
-3150.0
 10
55725.0
 20
-3200.0
 10
55885.0
 20
-3250.0
  0
LWPOLYLINE
  5
D16
330
17
100
AcDbEntity
  8
04_DIM
100
AcDbPolyline
 90
        3
 70
     0
 43
0.0
 10
57115.0
 20
-3150.0
 10
57275.0
 20
-3200.0
 10
57115.0
 20
-3250.0
  0
TEXT
  5
D17
330
17
100
AcDbEntity
  8
04_DIM
100
AcDbText
 10
56160.0
 20
-3020.0
 30
0.0
 40
240.0
  1
1550
  7
RU
100
AcDbText
  0
LWPOLYLINE
  5
D35
330
17
100
AcDbEntity
  8
ARR_HULL
100
AcDbPolyline
 90
        6
 70
     1
 43
0.0
 10
-3500.0
 20
160500.0
 10
-3500.0
 20
153500.0
 10
3500.0
 20
151500.0
 10
9000.0
 20
145000.0
 10
146147.5409836065
 20
145000.0
 10
152500.0
 20
160500.0
  0
LINE
  5
D36
330
17
100
AcDbEntity
  8
ARR_WATER
100
AcDbLine
 10
-5500.0
 20
154400.0
 30
0.0
 11
-4391.578947368421
 21
154400.0
 31
0.0
  0
LINE
  5
D37
330
17
100
AcDbEntity
  8
ARR_WATER
100
AcDbLine
 10
-3794.736842105263
 20
154400.0
 30
0.0
 11
-2686.315789473685
 21
154400.0
 31
0.0
  0
LINE
  5
D38
330
17
100
AcDbEntity
  8
ARR_WATER
100
AcDbLine
 10
-2089.473684210526
 20
154400.0
 30
0.0
 11
-981.0526315789475
 21
154400.0
 31
0.0
  0
LINE
  5
D39
330
17
100
AcDbEntity
  8
ARR_WATER
100
AcDbLine
 10
-384.2105263157891
 20
154400.0
 30
0.0
 11
724.2105263157891
 21
154400.0
 31
0.0
  0
LINE
  5
D3A
330
17
100
AcDbEntity
  8
ARR_WATER
100
AcDbLine
 10
1321.052631578947
 20
154400.0
 30
0.0
 11
2429.473684210528
 21
154400.0
 31
0.0
  0
LINE
  5
D3B
330
17
100
AcDbEntity
  8
ARR_WATER
100
AcDbLine
 10
3026.315789473683
 20
154400.0
 30
0.0
 11
4134.736842105263
 21
154400.0
 31
0.0
  0
LINE
  5
D3C
330
17
100
AcDbEntity
  8
ARR_WATER
100
AcDbLine
 10
4731.578947368422
 20
154400.0
 30
0.0
 11
5840.000000000003
 21
154400.0
 31
0.0
  0
LINE
  5
D3D
330
17
100
AcDbEntity
  8
ARR_WATER
100
AcDbLine
 10
6436.842105263156
 20
154400.0
 30
0.0
 11
7545.263157894737
 21
154400.0
 31
0.0
  0
LINE
  5
D3E
330
17
100
AcDbEntity
  8
ARR_WATER
100
AcDbLine
 10
8142.105263157896
 20
154400.0
 30
0.0
 11
9250.526315789471
 21
154400.0
 31
0.0
  0
LINE
  5
D3F
330
17
100
AcDbEntity
  8
ARR_WATER
100
AcDbLine
 10
9847.368421052632
 20
154400.0
 30
0.0
 11
10955.78947368421
 21
154400.0
 31
0.0
  0
LINE
  5
D40
330
17
100
AcDbEntity
  8
ARR_WATER
100
AcDbLine
 10
11552.63157894737
 20
154400.0
 30
0.0
 11
12661.05263157895
 21
154400.0
 31
0.0
  0
LINE
  5
D41
330
17
100
AcDbEntity
  8
ARR_WATER
100
AcDbLine
 10
13257.89473684211
 20
154400.0
 30
0.0
 11
14366.31578947368
 21
154400.0
 31
0.0
  0
LINE
  5
D42
330
17
100
AcDbEntity
  8
ARR_WATER
100
AcDbLine
 10
14963.15789473684
 20
154400.0
 30
0.0
 11
16071.57894736842
 21
154400.0
 31
0.0
  0
LINE
  5
D43
330
17
100
AcDbEntity
  8
ARR_WATER
100
AcDbLine
 10
16668.42105263158
 20
154400.0
 30
0.0
 11
17776.84210526316
 21
154400.0
 31
0.0
  0
LINE
  5
D44
330
17
100
AcDbEntity
  8
ARR_WATER
100
AcDbLine
 10
18373.68421052632
 20
154400.0
 30
0.0
 11
19482.10526315789
 21
154400.0
 31
0.0
  0
LINE
  5
D45
330
17
100
AcDbEntity
  8
ARR_WATER
100
AcDbLine
 10
20078.94736842105
 20
154400.0
 30
0.0
 11
21187.36842105263
 21
154400.0
 31
0.0
  0
LINE
  5
D46
330
17
100
AcDbEntity
  8
ARR_WATER
100
AcDbLine
 10
21784.21052631579
 20
154400.0
 30
0.0
 11
22892.63157894736
 21
154400.0
 31
0.0
  0
LINE
  5
D47
330
17
100
AcDbEntity
  8
ARR_WATER
100
AcDbLine
 10
23489.47368421053
 20
154400.0
 30
0.0
 11
24597.8947368421
 21
154400.0
 31
0.0
  0
LINE
  5
D48
330
17
100
AcDbEntity
  8
ARR_WATER
100
AcDbLine
 10
25194.73684210526
 20
154400.0
 30
0.0
 11
26303.15789473684
 21
154400.0
 31
0.0
  0
LINE
  5
D49
330
17
100
AcDbEntity
  8
ARR_WATER
100
AcDbLine
 10
26900.0
 20
154400.0
 30
0.0
 11
28008.42105263158
 21
154400.0
 31
0.0
  0
LINE
  5
D4A
330
17
100
AcDbEntity
  8
ARR_WATER
100
AcDbLine
 10
28605.26315789473
 20
154400.0
 30
0.0
 11
29713.68421052632
 21
154400.0
 31
0.0
  0
LINE
  5
D4B
330
17
100
AcDbEntity
  8
ARR_WATER
100
AcDbLine
 10
30310.52631578948
 20
154400.0
 30
0.0
 11
31418.94736842105
 21
154400.0
 31
0.0
  0
LINE
  5
D4C
330
17
100
AcDbEntity
  8
ARR_WATER
100
AcDbLine
 10
32015.78947368421
 20
154400.0
 30
0.0
 11
33124.21052631579
 21
154400.0
 31
0.0
  0
LINE
  5
D4D
330
17
100
AcDbEntity
  8
ARR_WATER
100
AcDbLine
 10
33721.05263157895
 20
154400.0
 30
0.0
 11
34829.47368421053
 21
154400.0
 31
0.0
  0
LINE
  5
D4E
330
17
100
AcDbEntity
  8
ARR_WATER
100
AcDbLine
 10
35426.31578947369
 20
154400.0
 30
0.0
 11
36534.73684210527
 21
154400.0
 31
0.0
  0
LINE
  5
D4F
330
17
100
AcDbEntity
  8
ARR_WATER
100
AcDbLine
 10
37131.57894736842
 20
154400.0
 30
0.0
 11
38239.99999999998
 21
154400.0
 31
0.0
  0
LINE
  5
D50
330
17
100
AcDbEntity
  8
ARR_WATER
100
AcDbLine
 10
38836.84210526317
 20
154400.0
 30
0.0
 11
39945.26315789474
 21
154400.0
 31
0.0
  0
LINE
  5
D51
330
17
100
AcDbEntity
  8
ARR_WATER
100
AcDbLine
 10
40542.10526315788
 20
154400.0
 30
0.0
 11
41650.52631578946
 21
154400.0
 31
0.0
  0
LINE
  5
D52
330
17
100
AcDbEntity
  8
ARR_WATER
100
AcDbLine
 10
42247.36842105263
 20
154400.0
 30
0.0
 11
43355.78947368421
 21
154400.0
 31
0.0
  0
LINE
  5
D53
330
17
100
AcDbEntity
  8
ARR_WATER
100
AcDbLine
 10
43952.63157894737
 20
154400.0
 30
0.0
 11
45061.05263157895
 21
154400.0
 31
0.0
  0
LINE
  5
D54
330
17
100
AcDbEntity
  8
ARR_WATER
100
AcDbLine
 10
45657.89473684209
 20
154400.0
 30
0.0
 11
46766.31578947367
 21
154400.0
 31
0.0
  0
LINE
  5
D55
330
17
100
AcDbEntity
  8
ARR_WATER
100
AcDbLine
 10
47363.15789473684
 20
154400.0
 30
0.0
 11
48471.57894736842
 21
154400.0
 31
0.0
  0
LINE
  5
D56
330
17
100
AcDbEntity
  8
ARR_WATER
100
AcDbLine
 10
49068.42105263158
 20
154400.0
 30
0.0
 11
50176.84210526315
 21
154400.0
 31
0.0
  0
LINE
  5
D57
330
17
100
AcDbEntity
  8
ARR_WATER
100
AcDbLine
 10
50773.68421052632
 20
154400.0
 30
0.0
 11
51882.10526315789
 21
154400.0
 31
0.0
  0
LINE
  5
D58
330
17
100
AcDbEntity
  8
ARR_WATER
100
AcDbLine
 10
52478.94736842105
 20
154400.0
 30
0.0
 11
53587.36842105263
 21
154400.0
 31
0.0
  0
LINE
  5
D59
330
17
100
AcDbEntity
  8
ARR_WATER
100
AcDbLine
 10
54184.21052631579
 20
154400.0
 30
0.0
 11
55292.63157894737
 21
154400.0
 31
0.0
  0
LINE
  5
D5A
330
17
100
AcDbEntity
  8
ARR_WATER
100
AcDbLine
 10
55889.47368421052
 20
154400.0
 30
0.0
 11
56997.8947368421
 21
154400.0
 31
0.0
  0
LINE
  5
D5B
330
17
100
AcDbEntity
  8
ARR_WATER
100
AcDbLine
 10
57594.73684210527
 20
154400.0
 30
0.0
 11
58703.15789473683
 21
154400.0
 31
0.0
  0
LINE
  5
D5C
330
17
100
AcDbEntity
  8
ARR_WATER
100
AcDbLine
 10
59300.0
 20
154400.0
 30
0.0
 11
60408.42105263157
 21
154400.0
 31
0.0
  0
LINE
  5
D5D
330
17
100
AcDbEntity
  8
ARR_WATER
100
AcDbLine
 10
61005.26315789473
 20
154400.0
 30
0.0
 11
62113.68421052631
 21
154400.0
 31
0.0
  0
LINE
  5
D5E
330
17
100
AcDbEntity
  8
ARR_WATER
100
AcDbLine
 10
62710.52631578946
 20
154400.0
 30
0.0
 11
63818.94736842105
 21
154400.0
 31
0.0
  0
LINE
  5
D5F
330
17
100
AcDbEntity
  8
ARR_WATER
100
AcDbLine
 10
64415.7894736842
 20
154400.0
 30
0.0
 11
65524.21052631579
 21
154400.0
 31
0.0
  0
LINE
  5
D60
330
17
100
AcDbEntity
  8
ARR_WATER
100
AcDbLine
 10
66121.05263157895
 20
154400.0
 30
0.0
 11
67229.47368421054
 21
154400.0
 31
0.0
  0
LINE
  5
D61
330
17
100
AcDbEntity
  8
ARR_WATER
100
AcDbLine
 10
67826.31578947369
 20
154400.0
 30
0.0
 11
68934.73684210526
 21
154400.0
 31
0.0
  0
LINE
  5
D62
330
17
100
AcDbEntity
  8
ARR_WATER
100
AcDbLine
 10
69531.57894736842
 20
154400.0
 30
0.0
 11
70640.0
 21
154400.0
 31
0.0
  0
LINE
  5
D63
330
17
100
AcDbEntity
  8
ARR_WATER
100
AcDbLine
 10
71236.84210526316
 20
154400.0
 30
0.0
 11
72345.26315789473
 21
154400.0
 31
0.0
  0
LINE
  5
D64
330
17
100
AcDbEntity
  8
ARR_WATER
100
AcDbLine
 10
72942.10526315789
 20
154400.0
 30
0.0
 11
74050.52631578946
 21
154400.0
 31
0.0
  0
LINE
  5
D65
330
17
100
AcDbEntity
  8
ARR_WATER
100
AcDbLine
 10
74647.36842105263
 20
154400.0
 30
0.0
 11
75755.7894736842
 21
154400.0
 31
0.0
  0
LINE
  5
D66
330
17
100
AcDbEntity
  8
ARR_WATER
100
AcDbLine
 10
76352.63157894737
 20
154400.0
 30
0.0
 11
77461.05263157894
 21
154400.0
 31
0.0
  0
LINE
  5
D67
330
17
100
AcDbEntity
  8
ARR_WATER
100
AcDbLine
 10
78057.8947368421
 20
154400.0
 30
0.0
 11
79166.31578947369
 21
154400.0
 31
0.0
  0
LINE
  5
D68
330
17
100
AcDbEntity
  8
ARR_WATER
100
AcDbLine
 10
79763.15789473684
 20
154400.0
 30
0.0
 11
80871.57894736842
 21
154400.0
 31
0.0
  0
LINE
  5
D69
330
17
100
AcDbEntity
  8
ARR_WATER
100
AcDbLine
 10
81468.42105263157
 20
154400.0
 30
0.0
 11
82576.84210526315
 21
154400.0
 31
0.0
  0
LINE
  5
D6A
330
17
100
AcDbEntity
  8
ARR_WATER
100
AcDbLine
 10
83173.68421052634
 20
154400.0
 30
0.0
 11
84282.10526315789
 21
154400.0
 31
0.0
  0
LINE
  5
D6B
330
17
100
AcDbEntity
  8
ARR_WATER
100
AcDbLine
 10
84878.94736842104
 20
154400.0
 30
0.0
 11
85987.36842105262
 21
154400.0
 31
0.0
  0
LINE
  5
D6C
330
17
100
AcDbEntity
  8
ARR_WATER
100
AcDbLine
 10
86584.21052631579
 20
154400.0
 30
0.0
 11
87692.63157894735
 21
154400.0
 31
0.0
  0
LINE
  5
D6D
330
17
100
AcDbEntity
  8
ARR_WATER
100
AcDbLine
 10
88289.47368421053
 20
154400.0
 30
0.0
 11
89397.89473684211
 21
154400.0
 31
0.0
  0
LINE
  5
D6E
330
17
100
AcDbEntity
  8
ARR_WATER
100
AcDbLine
 10
89994.73684210526
 20
154400.0
 30
0.0
 11
91103.15789473684
 21
154400.0
 31
0.0
  0
LINE
  5
D6F
330
17
100
AcDbEntity
  8
ARR_WATER
100
AcDbLine
 10
91700.0
 20
154400.0
 30
0.0
 11
92808.42105263156
 21
154400.0
 31
0.0
  0
LINE
  5
D70
330
17
100
AcDbEntity
  8
ARR_WATER
100
AcDbLine
 10
93405.26315789473
 20
154400.0
 30
0.0
 11
94513.68421052633
 21
154400.0
 31
0.0
  0
LINE
  5
D71
330
17
100
AcDbEntity
  8
ARR_WATER
100
AcDbLine
 10
95110.52631578946
 20
154400.0
 30
0.0
 11
96218.94736842104
 21
154400.0
 31
0.0
  0
LINE
  5
D72
330
17
100
AcDbEntity
  8
ARR_WATER
100
AcDbLine
 10
96815.7894736842
 20
154400.0
 30
0.0
 11
97924.2105263158
 21
154400.0
 31
0.0
  0
LINE
  5
D73
330
17
100
AcDbEntity
  8
ARR_WATER
100
AcDbLine
 10
98521.05263157897
 20
154400.0
 30
0.0
 11
99629.47368421053
 21
154400.0
 31
0.0
  0
LINE
  5
D74
330
17
100
AcDbEntity
  8
ARR_WATER
100
AcDbLine
 10
100226.3157894737
 20
154400.0
 30
0.0
 11
101334.7368421052
 21
154400.0
 31
0.0
  0
LINE
  5
D75
330
17
100
AcDbEntity
  8
ARR_WATER
100
AcDbLine
 10
101931.5789473684
 20
154400.0
 30
0.0
 11
103040.0
 21
154400.0
 31
0.0
  0
LINE
  5
D76
330
17
100
AcDbEntity
  8
ARR_WATER
100
AcDbLine
 10
103636.8421052632
 20
154400.0
 30
0.0
 11
104745.2631578948
 21
154400.0
 31
0.0
  0
LINE
  5
D77
330
17
100
AcDbEntity
  8
ARR_WATER
100
AcDbLine
 10
105342.1052631579
 20
154400.0
 30
0.0
 11
106450.5263157895
 21
154400.0
 31
0.0
  0
LINE
  5
D78
330
17
100
AcDbEntity
  8
ARR_WATER
100
AcDbLine
 10
107047.3684210526
 20
154400.0
 30
0.0
 11
108155.7894736842
 21
154400.0
 31
0.0
  0
LINE
  5
D79
330
17
100
AcDbEntity
  8
ARR_WATER
100
AcDbLine
 10
108752.6315789473
 20
154400.0
 30
0.0
 11
109861.0526315789
 21
154400.0
 31
0.0
  0
LINE
  5
D7A
330
17
100
AcDbEntity
  8
ARR_WATER
100
AcDbLine
 10
110457.8947368421
 20
154400.0
 30
0.0
 11
111566.3157894737
 21
154400.0
 31
0.0
  0
LINE
  5
D7B
330
17
100
AcDbEntity
  8
ARR_WATER
100
AcDbLine
 10
112163.1578947368
 20
154400.0
 30
0.0
 11
113271.5789473684
 21
154400.0
 31
0.0
  0
LINE
  5
D7C
330
17
100
AcDbEntity
  8
ARR_WATER
100
AcDbLine
 10
113868.4210526315
 20
154400.0
 30
0.0
 11
114976.8421052631
 21
154400.0
 31
0.0
  0
LINE
  5
D7D
330
17
100
AcDbEntity
  8
ARR_WATER
100
AcDbLine
 10
115573.6842105263
 20
154400.0
 30
0.0
 11
116682.1052631579
 21
154400.0
 31
0.0
  0
LINE
  5
D7E
330
17
100
AcDbEntity
  8
ARR_WATER
100
AcDbLine
 10
117278.947368421
 20
154400.0
 30
0.0
 11
118387.3684210526
 21
154400.0
 31
0.0
  0
LINE
  5
D7F
330
17
100
AcDbEntity
  8
ARR_WATER
100
AcDbLine
 10
118984.2105263158
 20
154400.0
 30
0.0
 11
120092.6315789473
 21
154400.0
 31
0.0
  0
LINE
  5
D80
330
17
100
AcDbEntity
  8
ARR_WATER
100
AcDbLine
 10
120689.4736842105
 20
154400.0
 30
0.0
 11
121797.8947368421
 21
154400.0
 31
0.0
  0
LINE
  5
D81
330
17
100
AcDbEntity
  8
ARR_WATER
100
AcDbLine
 10
122394.7368421052
 20
154400.0
 30
0.0
 11
123503.1578947368
 21
154400.0
 31
0.0
  0
LINE
  5
D82
330
17
100
AcDbEntity
  8
ARR_WATER
100
AcDbLine
 10
124100.0
 20
154400.0
 30
0.0
 11
125208.4210526316
 21
154400.0
 31
0.0
  0
LINE
  5
D83
330
17
100
AcDbEntity
  8
ARR_WATER
100
AcDbLine
 10
125805.2631578947
 20
154400.0
 30
0.0
 11
126913.6842105263
 21
154400.0
 31
0.0
  0
LINE
  5
D84
330
17
100
AcDbEntity
  8
ARR_WATER
100
AcDbLine
 10
127510.5263157894
 20
154400.0
 30
0.0
 11
128618.9473684211
 21
154400.0
 31
0.0
  0
LINE
  5
D85
330
17
100
AcDbEntity
  8
ARR_WATER
100
AcDbLine
 10
129215.7894736842
 20
154400.0
 30
0.0
 11
130324.2105263158
 21
154400.0
 31
0.0
  0
LINE
  5
D86
330
17
100
AcDbEntity
  8
ARR_WATER
100
AcDbLine
 10
130921.0526315789
 20
154400.0
 30
0.0
 11
132029.4736842105
 21
154400.0
 31
0.0
  0
LINE
  5
D87
330
17
100
AcDbEntity
  8
ARR_WATER
100
AcDbLine
 10
132626.3157894737
 20
154400.0
 30
0.0
 11
133734.7368421053
 21
154400.0
 31
0.0
  0
LINE
  5
D88
330
17
100
AcDbEntity
  8
ARR_WATER
100
AcDbLine
 10
134331.5789473684
 20
154400.0
 30
0.0
 11
135440.0
 21
154400.0
 31
0.0
  0
LINE
  5
D89
330
17
100
AcDbEntity
  8
ARR_WATER
100
AcDbLine
 10
136036.8421052631
 20
154400.0
 30
0.0
 11
137145.2631578947
 21
154400.0
 31
0.0
  0
LINE
  5
D8A
330
17
100
AcDbEntity
  8
ARR_WATER
100
AcDbLine
 10
137742.1052631579
 20
154400.0
 30
0.0
 11
138850.5263157895
 21
154400.0
 31
0.0
  0
LINE
  5
D8B
330
17
100
AcDbEntity
  8
ARR_WATER
100
AcDbLine
 10
139447.3684210527
 20
154400.0
 30
0.0
 11
140555.7894736842
 21
154400.0
 31
0.0
  0
LINE
  5
D8C
330
17
100
AcDbEntity
  8
ARR_WATER
100
AcDbLine
 10
141152.6315789474
 20
154400.0
 30
0.0
 11
142261.0526315789
 21
154400.0
 31
0.0
  0
LINE
  5
D8D
330
17
100
AcDbEntity
  8
ARR_WATER
100
AcDbLine
 10
142857.8947368421
 20
154400.0
 30
0.0
 11
143966.3157894737
 21
154400.0
 31
0.0
  0
LINE
  5
D8E
330
17
100
AcDbEntity
  8
ARR_WATER
100
AcDbLine
 10
144563.1578947369
 20
154400.0
 30
0.0
 11
145671.5789473684
 21
154400.0
 31
0.0
  0
LINE
  5
D8F
330
17
100
AcDbEntity
  8
ARR_WATER
100
AcDbLine
 10
146268.4210526315
 20
154400.0
 30
0.0
 11
147376.8421052631
 21
154400.0
 31
0.0
  0
LINE
  5
D90
330
17
100
AcDbEntity
  8
ARR_WATER
100
AcDbLine
 10
147973.6842105263
 20
154400.0
 30
0.0
 11
149082.1052631579
 21
154400.0
 31
0.0
  0
LINE
  5
D91
330
17
100
AcDbEntity
  8
ARR_WATER
100
AcDbLine
 10
149678.947368421
 20
154400.0
 30
0.0
 11
150787.3684210527
 21
154400.0
 31
0.0
  0
LINE
  5
D92
330
17
100
AcDbEntity
  8
ARR_WATER
100
AcDbLine
 10
151384.2105263158
 20
154400.0
 30
0.0
 11
152492.6315789474
 21
154400.0
 31
0.0
  0
LINE
  5
D93
330
17
100
AcDbEntity
  8
ARR_WATER
100
AcDbLine
 10
153089.4736842105
 20
154400.0
 30
0.0
 11
154197.8947368421
 21
154400.0
 31
0.0
  0
LINE
  5
D94
330
17
100
AcDbEntity
  8
ARR_WATER
100
AcDbLine
 10
154794.7368421052
 20
154400.0
 30
0.0
 11
155903.1578947369
 21
154400.0
 31
0.0
  0
TEXT
  5
D95
330
17
100
AcDbEntity
  8
ARR_NOTE
100
AcDbText
 10
153000.0
 20
154900.0
 30
0.0
 40
450.0
  1
КВЛ
  7
unicode
100
AcDbText
  0
LINE
  5
D96
330
17
100
AcDbEntity
  8
ARR_BOUNDARY
100
AcDbLine
 10
9000.0
 20
145000.0
 30
0.0
 11
9000.0
 21
160500.0
 31
0.0
  0
LINE
  5
D97
330
17
100
AcDbEntity
  8
ARR_BOUNDARY
100
AcDbLine
 10
27000.0
 20
145000.0
 30
0.0
 11
27000.0
 21
160500.0
 31
0.0
  0
LINE
  5
D98
330
17
100
AcDbEntity
  8
ARR_BOUNDARY
100
AcDbLine
 10
30000.0
 20
145000.0
 30
0.0
 11
30000.0
 21
160500.0
 31
0.0
  0
LINE
  5
D99
330
17
100
AcDbEntity
  8
ARR_BOUNDARY
100
AcDbLine
 10
48000.0
 20
145000.0
 30
0.0
 11
48000.0
 21
160500.0
 31
0.0
  0
LINE
  5
D9A
330
17
100
AcDbEntity
  8
ARR_BOUNDARY
100
AcDbLine
 10
66000.0
 20
145000.0
 30
0.0
 11
66000.0
 21
160500.0
 31
0.0
  0
LINE
  5
D9B
330
17
100
AcDbEntity
  8
ARR_BOUNDARY
100
AcDbLine
 10
84000.0
 20
145000.0
 30
0.0
 11
84000.0
 21
160500.0
 31
0.0
  0
LINE
  5
D9C
330
17
100
AcDbEntity
  8
ARR_BOUNDARY
100
AcDbLine
 10
102000.0
 20
145000.0
 30
0.0
 11
102000.0
 21
160500.0
 31
0.0
  0
LINE
  5
D9D
330
17
100
AcDbEntity
  8
ARR_BOUNDARY
100
AcDbLine
 10
120000.0
 20
145000.0
 30
0.0
 11
120000.0
 21
160500.0
 31
0.0
  0
LINE
  5
D9E
330
17
100
AcDbEntity
  8
ARR_BOUNDARY
100
AcDbLine
 10
138000.0
 20
145000.0
 30
0.0
 11
138000.0
 21
160500.0
 31
0.0
  0
LINE
  5
D9F
330
17
100
AcDbEntity
  8
ARR_BOUNDARY
100
AcDbLine
 10
141000.0
 20
145000.0
 30
0.0
 11
141000.0
 21
160500.0
 31
0.0
  0
LINE
  5
DA0
330
17
100
AcDbEntity
  8
ARR_BOUNDARY
100
AcDbLine
 10
9000.0
 20
146800.0
 30
0.0
 11
141000.0
 21
146800.0
 31
0.0
  0
LWPOLYLINE
  5
DA1
330
17
100
AcDbEntity
  8
ARR_HULL
100
AcDbPolyline
 90
        4
 70
     1
 43
0.0
 10
8500.0
 20
160500.0
 10
25000.0
 20
160500.0
 10
25000.0
 20
165300.0
 10
8500.0
 20
165300.0
  0
LWPOLYLINE
  5
DA2
330
17
100
AcDbEntity
  8
ARR_HULL
100
AcDbPolyline
 90
        4
 70
     1
 43
0.0
 10
12000.0
 20
165300.0
 10
23000.0
 20
165300.0
 10
23000.0
 20
168800.0
 10
12000.0
 20
168800.0
  0
LINE
  5
DA3
330
17
100
AcDbEntity
  8
ARR_CENTER
100
AcDbLine
 10
0.0
 20
143300.0
 30
0.0
 11
0.0
 21
144335.0
 31
0.0
  0
LINE
  5
DA4
330
17
100
AcDbEntity
  8
ARR_CENTER
100
AcDbLine
 10
0.0
 20
144892.3076923077
 30
0.0
 11
0.0
 21
145927.3076923077
 31
0.0
  0
LINE
  5
DA5
330
17
100
AcDbEntity
  8
ARR_CENTER
100
AcDbLine
 10
0.0
 20
146484.6153846154
 30
0.0
 11
0.0
 21
147519.6153846154
 31
0.0
  0
LINE
  5
DA6
330
17
100
AcDbEntity
  8
ARR_CENTER
100
AcDbLine
 10
0.0
 20
148076.923076923
 30
0.0
 11
0.0
 21
149111.923076923
 31
0.0
  0
LINE
  5
DA7
330
17
100
AcDbEntity
  8
ARR_CENTER
100
AcDbLine
 10
0.0
 20
149669.2307692308
 30
0.0
 11
0.0
 21
150704.2307692308
 31
0.0
  0
LINE
  5
DA8
330
17
100
AcDbEntity
  8
ARR_CENTER
100
AcDbLine
 10
0.0
 20
151261.5384615385
 30
0.0
 11
0.0
 21
152296.5384615385
 31
0.0
  0
LINE
  5
DA9
330
17
100
AcDbEntity
  8
ARR_CENTER
100
AcDbLine
 10
0.0
 20
152853.8461538462
 30
0.0
 11
0.0
 21
153888.8461538461
 31
0.0
  0
LINE
  5
DAA
330
17
100
AcDbEntity
  8
ARR_CENTER
100
AcDbLine
 10
0.0
 20
154446.1538461538
 30
0.0
 11
0.0
 21
155481.1538461538
 31
0.0
  0
LINE
  5
DAB
330
17
100
AcDbEntity
  8
ARR_CENTER
100
AcDbLine
 10
0.0
 20
156038.4615384615
 30
0.0
 11
0.0
 21
157073.4615384615
 31
0.0
  0
LINE
  5
DAC
330
17
100
AcDbEntity
  8
ARR_CENTER
100
AcDbLine
 10
0.0
 20
157630.7692307692
 30
0.0
 11
0.0
 21
158665.7692307692
 31
0.0
  0
LINE
  5
DAD
330
17
100
AcDbEntity
  8
ARR_CENTER
100
AcDbLine
 10
0.0
 20
159223.076923077
 30
0.0
 11
0.0
 21
160258.076923077
 31
0.0
  0
LINE
  5
DAE
330
17
100
AcDbEntity
  8
ARR_CENTER
100
AcDbLine
 10
0.0
 20
160815.3846153846
 30
0.0
 11
0.0
 21
161850.3846153846
 31
0.0
  0
LINE
  5
DAF
330
17
100
AcDbEntity
  8
ARR_CENTER
100
AcDbLine
 10
0.0
 20
162407.6923076923
 30
0.0
 11
0.0
 21
163442.6923076923
 31
0.0
  0
TEXT
  5
DB0
330
17
100
AcDbEntity
  8
ARR_NOTE
100
AcDbText
 10
-1017.62619372442
 20
164790.0
 30
0.0
 40
420.0
  1
КП / AP
  7
unicode
 72
     1
 11
0.0
 21
165000.0
 31
0.0
100
AcDbText
 73
     2
  0
LINE
  5
DB1
330
17
100
AcDbEntity
  8
ARR_CENTER
100
AcDbLine
 10
75000.0
 20
143300.0
 30
0.0
 11
75000.0
 21
144335.0
 31
0.0
  0
LINE
  5
DB2
330
17
100
AcDbEntity
  8
ARR_CENTER
100
AcDbLine
 10
75000.0
 20
144892.3076923077
 30
0.0
 11
75000.0
 21
145927.3076923077
 31
0.0
  0
LINE
  5
DB3
330
17
100
AcDbEntity
  8
ARR_CENTER
100
AcDbLine
 10
75000.0
 20
146484.6153846154
 30
0.0
 11
75000.0
 21
147519.6153846154
 31
0.0
  0
LINE
  5
DB4
330
17
100
AcDbEntity
  8
ARR_CENTER
100
AcDbLine
 10
75000.0
 20
148076.923076923
 30
0.0
 11
75000.0
 21
149111.923076923
 31
0.0
  0
LINE
  5
DB5
330
17
100
AcDbEntity
  8
ARR_CENTER
100
AcDbLine
 10
75000.0
 20
149669.2307692308
 30
0.0
 11
75000.0
 21
150704.2307692308
 31
0.0
  0
LINE
  5
DB6
330
17
100
AcDbEntity
  8
ARR_CENTER
100
AcDbLine
 10
75000.0
 20
151261.5384615385
 30
0.0
 11
75000.0
 21
152296.5384615385
 31
0.0
  0
LINE
  5
DB7
330
17
100
AcDbEntity
  8
ARR_CENTER
100
AcDbLine
 10
75000.0
 20
152853.8461538462
 30
0.0
 11
75000.0
 21
153888.8461538461
 31
0.0
  0
LINE
  5
DB8
330
17
100
AcDbEntity
  8
ARR_CENTER
100
AcDbLine
 10
75000.0
 20
154446.1538461538
 30
0.0
 11
75000.0
 21
155481.1538461538
 31
0.0
  0
LINE
  5
DB9
330
17
100
AcDbEntity
  8
ARR_CENTER
100
AcDbLine
 10
75000.0
 20
156038.4615384615
 30
0.0
 11
75000.0
 21
157073.4615384615
 31
0.0
  0
LINE
  5
DBA
330
17
100
AcDbEntity
  8
ARR_CENTER
100
AcDbLine
 10
75000.0
 20
157630.7692307692
 30
0.0
 11
75000.0
 21
158665.7692307692
 31
0.0
  0
LINE
  5
DBB
330
17
100
AcDbEntity
  8
ARR_CENTER
100
AcDbLine
 10
75000.0
 20
159223.076923077
 30
0.0
 11
75000.0
 21
160258.076923077
 31
0.0
  0
LINE
  5
DBC
330
17
100
AcDbEntity
  8
ARR_CENTER
100
AcDbLine
 10
75000.0
 20
160815.3846153846
 30
0.0
 11
75000.0
 21
161850.3846153846
 31
0.0
  0
LINE
  5
DBD
330
17
100
AcDbEntity
  8
ARR_CENTER
100
AcDbLine
 10
75000.0
 20
162407.6923076923
 30
0.0
 11
75000.0
 21
163442.6923076923
 31
0.0
  0
TEXT
  5
DBE
330
17
100
AcDbEntity
  8
ARR_NOTE
100
AcDbText
 10
73933.38335607094
 20
164790.0
 30
0.0
 40
420.0
  1
Мидель
  7
unicode
 72
     1
 11
75000.0
 21
165000.0
 31
0.0
100
AcDbText
 73
     2
  0
LINE
  5
DBF
330
17
100
AcDbEntity
  8
ARR_CENTER
100
AcDbLine
 10
150000.0
 20
143300.0
 30
0.0
 11
150000.0
 21
144335.0
 31
0.0
  0
LINE
  5
DC0
330
17
100
AcDbEntity
  8
ARR_CENTER
100
AcDbLine
 10
150000.0
 20
144892.3076923077
 30
0.0
 11
150000.0
 21
145927.3076923077
 31
0.0
  0
LINE
  5
DC1
330
17
100
AcDbEntity
  8
ARR_CENTER
100
AcDbLine
 10
150000.0
 20
146484.6153846154
 30
0.0
 11
150000.0
 21
147519.6153846154
 31
0.0
  0
LINE
  5
DC2
330
17
100
AcDbEntity
  8
ARR_CENTER
100
AcDbLine
 10
150000.0
 20
148076.923076923
 30
0.0
 11
150000.0
 21
149111.923076923
 31
0.0
  0
LINE
  5
DC3
330
17
100
AcDbEntity
  8
ARR_CENTER
100
AcDbLine
 10
150000.0
 20
149669.2307692308
 30
0.0
 11
150000.0
 21
150704.2307692308
 31
0.0
  0
LINE
  5
DC4
330
17
100
AcDbEntity
  8
ARR_CENTER
100
AcDbLine
 10
150000.0
 20
151261.5384615385
 30
0.0
 11
150000.0
 21
152296.5384615385
 31
0.0
  0
LINE
  5
DC5
330
17
100
AcDbEntity
  8
ARR_CENTER
100
AcDbLine
 10
150000.0
 20
152853.8461538462
 30
0.0
 11
150000.0
 21
153888.8461538461
 31
0.0
  0
LINE
  5
DC6
330
17
100
AcDbEntity
  8
ARR_CENTER
100
AcDbLine
 10
150000.0
 20
154446.1538461538
 30
0.0
 11
150000.0
 21
155481.1538461538
 31
0.0
  0
LINE
  5
DC7
330
17
100
AcDbEntity
  8
ARR_CENTER
100
AcDbLine
 10
150000.0
 20
156038.4615384615
 30
0.0
 11
150000.0
 21
157073.4615384615
 31
0.0
  0
LINE
  5
DC8
330
17
100
AcDbEntity
  8
ARR_CENTER
100
AcDbLine
 10
150000.0
 20
157630.7692307692
 30
0.0
 11
150000.0
 21
158665.7692307692
 31
0.0
  0
LINE
  5
DC9
330
17
100
AcDbEntity
  8
ARR_CENTER
100
AcDbLine
 10
150000.0
 20
159223.076923077
 30
0.0
 11
150000.0
 21
160258.076923077
 31
0.0
  0
LINE
  5
DCA
330
17
100
AcDbEntity
  8
ARR_CENTER
100
AcDbLine
 10
150000.0
 20
160815.3846153846
 30
0.0
 11
150000.0
 21
161850.3846153846
 31
0.0
  0
LINE
  5
DCB
330
17
100
AcDbEntity
  8
ARR_CENTER
100
AcDbLine
 10
150000.0
 20
162407.6923076923
 30
0.0
 11
150000.0
 21
163442.6923076923
 31
0.0
  0
TEXT
  5
DCC
330
17
100
AcDbEntity
  8
ARR_NOTE
100
AcDbText
 10
148957.8785811732
 20
164790.0
 30
0.0
 40
420.0
  1
НП / FP
  7
unicode
 72
     1
 11
150000.0
 21
165000.0
 31
0.0
100
AcDbText
 73
     2
  0
LINE
  5
DCD
330
17
100
AcDbEntity
  8
ARR_SECONDARY
100
AcDbLine
 10
0.0
 20
144200.0
 30
0.0
 11
0.0
 21
145000.0
 31
0.0
  0
TEXT
  5
DCE
330
17
100
AcDbEntity
  8
ARR_NOTE
100
AcDbText
 10
-132.0804911323329
 20
143230.0
 30
0.0
 40
340.0
  1
0
  7
unicode
 72
     1
 11
0.0
 21
143400.0
 31
0.0
100
AcDbText
 73
     2
  0
LINE
  5
DCF
330
17
100
AcDbEntity
  8
ARR_SECONDARY
100
AcDbLine
 10
600.0
 20
144450.0
 30
0.0
 11
600.0
 21
145000.0
 31
0.0
  0
LINE
  5
DD0
330
17
100
AcDbEntity
  8
ARR_SECONDARY
100
AcDbLine
 10
1200.0
 20
144450.0
 30
0.0
 11
1200.0
 21
145000.0
 31
0.0
  0
LINE
  5
DD1
330
17
100
AcDbEntity
  8
ARR_SECONDARY
100
AcDbLine
 10
1800.0
 20
144450.0
 30
0.0
 11
1800.0
 21
145000.0
 31
0.0
  0
LINE
  5
DD2
330
17
100
AcDbEntity
  8
ARR_SECONDARY
100
AcDbLine
 10
2400.0
 20
144450.0
 30
0.0
 11
2400.0
 21
145000.0
 31
0.0
  0
LINE
  5
DD3
330
17
100
AcDbEntity
  8
ARR_SECONDARY
100
AcDbLine
 10
3000.0
 20
144450.0
 30
0.0
 11
3000.0
 21
145000.0
 31
0.0
  0
LINE
  5
DD4
330
17
100
AcDbEntity
  8
ARR_SECONDARY
100
AcDbLine
 10
3600.0
 20
144450.0
 30
0.0
 11
3600.0
 21
145000.0
 31
0.0
  0
LINE
  5
DD5
330
17
100
AcDbEntity
  8
ARR_SECONDARY
100
AcDbLine
 10
4200.0
 20
144450.0
 30
0.0
 11
4200.0
 21
145000.0
 31
0.0
  0
LINE
  5
DD6
330
17
100
AcDbEntity
  8
ARR_SECONDARY
100
AcDbLine
 10
4800.0
 20
144450.0
 30
0.0
 11
4800.0
 21
145000.0
 31
0.0
  0
LINE
  5
DD7
330
17
100
AcDbEntity
  8
ARR_SECONDARY
100
AcDbLine
 10
5400.0
 20
144450.0
 30
0.0
 11
5400.0
 21
145000.0
 31
0.0
  0
LINE
  5
DD8
330
17
100
AcDbEntity
  8
ARR_SECONDARY
100
AcDbLine
 10
6000.0
 20
144200.0
 30
0.0
 11
6000.0
 21
145000.0
 31
0.0
  0
LINE
  5
DD9
330
17
100
AcDbEntity
  8
ARR_SECONDARY
100
AcDbLine
 10
6600.0
 20
144450.0
 30
0.0
 11
6600.0
 21
145000.0
 31
0.0
  0
LINE
  5
DDA
330
17
100
AcDbEntity
  8
ARR_SECONDARY
100
AcDbLine
 10
7200.0
 20
144450.0
 30
0.0
 11
7200.0
 21
145000.0
 31
0.0
  0
LINE
  5
DDB
330
17
100
AcDbEntity
  8
ARR_SECONDARY
100
AcDbLine
 10
7800.0
 20
144450.0
 30
0.0
 11
7800.0
 21
145000.0
 31
0.0
  0
LINE
  5
DDC
330
17
100
AcDbEntity
  8
ARR_SECONDARY
100
AcDbLine
 10
8400.0
 20
144450.0
 30
0.0
 11
8400.0
 21
145000.0
 31
0.0
  0
LINE
  5
DDD
330
17
100
AcDbEntity
  8
ARR_SECONDARY
100
AcDbLine
 10
9000.0
 20
144450.0
 30
0.0
 11
9000.0
 21
145000.0
 31
0.0
  0
LINE
  5
DDE
330
17
100
AcDbEntity
  8
ARR_SECONDARY
100
AcDbLine
 10
9750.0
 20
144450.0
 30
0.0
 11
9750.0
 21
145000.0
 31
0.0
  0
LINE
  5
DDF
330
17
100
AcDbEntity
  8
ARR_SECONDARY
100
AcDbLine
 10
10500.0
 20
144450.0
 30
0.0
 11
10500.0
 21
145000.0
 31
0.0
  0
LINE
  5
DE0
330
17
100
AcDbEntity
  8
ARR_SECONDARY
100
AcDbLine
 10
11250.0
 20
144450.0
 30
0.0
 11
11250.0
 21
145000.0
 31
0.0
  0
LINE
  5
DE1
330
17
100
AcDbEntity
  8
ARR_SECONDARY
100
AcDbLine
 10
12000.0
 20
144450.0
 30
0.0
 11
12000.0
 21
145000.0
 31
0.0
  0
LINE
  5
DE2
330
17
100
AcDbEntity
  8
ARR_SECONDARY
100
AcDbLine
 10
12750.0
 20
144200.0
 30
0.0
 11
12750.0
 21
145000.0
 31
0.0
  0
TEXT
  5
DE3
330
17
100
AcDbEntity
  8
ARR_NOTE
100
AcDbText
 10
12485.83901773533
 20
143230.0
 30
0.0
 40
340.0
  1
20
  7
unicode
 72
     1
 11
12750.0
 21
143400.0
 31
0.0
100
AcDbText
 73
     2
  0
LINE
  5
DE4
330
17
100
AcDbEntity
  8
ARR_SECONDARY
100
AcDbLine
 10
13500.0
 20
144450.0
 30
0.0
 11
13500.0
 21
145000.0
 31
0.0
  0
LINE
  5
DE5
330
17
100
AcDbEntity
  8
ARR_SECONDARY
100
AcDbLine
 10
14250.0
 20
144450.0
 30
0.0
 11
14250.0
 21
145000.0
 31
0.0
  0
LINE
  5
DE6
330
17
100
AcDbEntity
  8
ARR_SECONDARY
100
AcDbLine
 10
15000.0
 20
144450.0
 30
0.0
 11
15000.0
 21
145000.0
 31
0.0
  0
LINE
  5
DE7
330
17
100
AcDbEntity
  8
ARR_SECONDARY
100
AcDbLine
 10
15750.0
 20
144450.0
 30
0.0
 11
15750.0
 21
145000.0
 31
0.0
  0
LINE
  5
DE8
330
17
100
AcDbEntity
  8
ARR_SECONDARY
100
AcDbLine
 10
16500.0
 20
144450.0
 30
0.0
 11
16500.0
 21
145000.0
 31
0.0
  0
LINE
  5
DE9
330
17
100
AcDbEntity
  8
ARR_SECONDARY
100
AcDbLine
 10
17250.0
 20
144450.0
 30
0.0
 11
17250.0
 21
145000.0
 31
0.0
  0
LINE
  5
DEA
330
17
100
AcDbEntity
  8
ARR_SECONDARY
100
AcDbLine
 10
18000.0
 20
144450.0
 30
0.0
 11
18000.0
 21
145000.0
 31
0.0
  0
LINE
  5
DEB
330
17
100
AcDbEntity
  8
ARR_SECONDARY
100
AcDbLine
 10
18750.0
 20
144450.0
 30
0.0
 11
18750.0
 21
145000.0
 31
0.0
  0
LINE
  5
DEC
330
17
100
AcDbEntity
  8
ARR_SECONDARY
100
AcDbLine
 10
19500.0
 20
144450.0
 30
0.0
 11
19500.0
 21
145000.0
 31
0.0
  0
LINE
  5
DED
330
17
100
AcDbEntity
  8
ARR_SECONDARY
100
AcDbLine
 10
20250.0
 20
144200.0
 30
0.0
 11
20250.0
 21
145000.0
 31
0.0
  0
LINE
  5
DEE
330
17
100
AcDbEntity
  8
ARR_SECONDARY
100
AcDbLine
 10
21000.0
 20
144450.0
 30
0.0
 11
21000.0
 21
145000.0
 31
0.0
  0
LINE
  5
DEF
330
17
100
AcDbEntity
  8
ARR_SECONDARY
100
AcDbLine
 10
21750.0
 20
144450.0
 30
0.0
 11
21750.0
 21
145000.0
 31
0.0
  0
LINE
  5
DF0
330
17
100
AcDbEntity
  8
ARR_SECONDARY
100
AcDbLine
 10
22500.0
 20
144450.0
 30
0.0
 11
22500.0
 21
145000.0
 31
0.0
  0
LINE
  5
DF1
330
17
100
AcDbEntity
  8
ARR_SECONDARY
100
AcDbLine
 10
23250.0
 20
144450.0
 30
0.0
 11
23250.0
 21
145000.0
 31
0.0
  0
LINE
  5
DF2
330
17
100
AcDbEntity
  8
ARR_SECONDARY
100
AcDbLine
 10
24000.0
 20
144450.0
 30
0.0
 11
24000.0
 21
145000.0
 31
0.0
  0
LINE
  5
DF3
330
17
100
AcDbEntity
  8
ARR_SECONDARY
100
AcDbLine
 10
24750.0
 20
144450.0
 30
0.0
 11
24750.0
 21
145000.0
 31
0.0
  0
LINE
  5
DF4
330
17
100
AcDbEntity
  8
ARR_SECONDARY
100
AcDbLine
 10
25500.0
 20
144450.0
 30
0.0
 11
25500.0
 21
145000.0
 31
0.0
  0
LINE
  5
DF5
330
17
100
AcDbEntity
  8
ARR_SECONDARY
100
AcDbLine
 10
26250.0
 20
144450.0
 30
0.0
 11
26250.0
 21
145000.0
 31
0.0
  0
LINE
  5
DF6
330
17
100
AcDbEntity
  8
ARR_SECONDARY
100
AcDbLine
 10
27000.0
 20
144450.0
 30
0.0
 11
27000.0
 21
145000.0
 31
0.0
  0
LINE
  5
DF7
330
17
100
AcDbEntity
  8
ARR_SECONDARY
100
AcDbLine
 10
27750.0
 20
144200.0
 30
0.0
 11
27750.0
 21
145000.0
 31
0.0
  0
TEXT
  5
DF8
330
17
100
AcDbEntity
  8
ARR_NOTE
100
AcDbText
 10
27485.83901773534
 20
143230.0
 30
0.0
 40
340.0
  1
40
  7
unicode
 72
     1
 11
27750.0
 21
143400.0
 31
0.0
100
AcDbText
 73
     2
  0
LINE
  5
DF9
330
17
100
AcDbEntity
  8
ARR_SECONDARY
100
AcDbLine
 10
28500.0
 20
144450.0
 30
0.0
 11
28500.0
 21
145000.0
 31
0.0
  0
LINE
  5
DFA
330
17
100
AcDbEntity
  8
ARR_SECONDARY
100
AcDbLine
 10
29250.0
 20
144450.0
 30
0.0
 11
29250.0
 21
145000.0
 31
0.0
  0
LINE
  5
DFB
330
17
100
AcDbEntity
  8
ARR_SECONDARY
100
AcDbLine
 10
30000.0
 20
144450.0
 30
0.0
 11
30000.0
 21
145000.0
 31
0.0
  0
LINE
  5
DFC
330
17
100
AcDbEntity
  8
ARR_SECONDARY
100
AcDbLine
 10
30750.0
 20
144450.0
 30
0.0
 11
30750.0
 21
145000.0
 31
0.0
  0
LINE
  5
DFD
330
17
100
AcDbEntity
  8
ARR_SECONDARY
100
AcDbLine
 10
31500.0
 20
144450.0
 30
0.0
 11
31500.0
 21
145000.0
 31
0.0
  0
LINE
  5
DFE
330
17
100
AcDbEntity
  8
ARR_SECONDARY
100
AcDbLine
 10
32250.0
 20
144450.0
 30
0.0
 11
32250.0
 21
145000.0
 31
0.0
  0
LINE
  5
DFF
330
17
100
AcDbEntity
  8
ARR_SECONDARY
100
AcDbLine
 10
33000.0
 20
144450.0
 30
0.0
 11
33000.0
 21
145000.0
 31
0.0
  0
LINE
  5
E00
330
17
100
AcDbEntity
  8
ARR_SECONDARY
100
AcDbLine
 10
33750.0
 20
144450.0
 30
0.0
 11
33750.0
 21
145000.0
 31
0.0
  0
LINE
  5
E01
330
17
100
AcDbEntity
  8
ARR_SECONDARY
100
AcDbLine
 10
34500.0
 20
144450.0
 30
0.0
 11
34500.0
 21
145000.0
 31
0.0
  0
LINE
  5
E02
330
17
100
AcDbEntity
  8
ARR_SECONDARY
100
AcDbLine
 10
35250.0
 20
144200.0
 30
0.0
 11
35250.0
 21
145000.0
 31
0.0
  0
LINE
  5
E03
330
17
100
AcDbEntity
  8
ARR_SECONDARY
100
AcDbLine
 10
36000.0
 20
144450.0
 30
0.0
 11
36000.0
 21
145000.0
 31
0.0
  0
LINE
  5
E04
330
17
100
AcDbEntity
  8
ARR_SECONDARY
100
AcDbLine
 10
36750.0
 20
144450.0
 30
0.0
 11
36750.0
 21
145000.0
 31
0.0
  0
LINE
  5
E05
330
17
100
AcDbEntity
  8
ARR_SECONDARY
100
AcDbLine
 10
37500.0
 20
144450.0
 30
0.0
 11
37500.0
 21
145000.0
 31
0.0
  0
LINE
  5
E06
330
17
100
AcDbEntity
  8
ARR_SECONDARY
100
AcDbLine
 10
38250.0
 20
144450.0
 30
0.0
 11
38250.0
 21
145000.0
 31
0.0
  0
LINE
  5
E07
330
17
100
AcDbEntity
  8
ARR_SECONDARY
100
AcDbLine
 10
39000.0
 20
144450.0
 30
0.0
 11
39000.0
 21
145000.0
 31
0.0
  0
LINE
  5
E08
330
17
100
AcDbEntity
  8
ARR_SECONDARY
100
AcDbLine
 10
39750.0
 20
144450.0
 30
0.0
 11
39750.0
 21
145000.0
 31
0.0
  0
LINE
  5
E09
330
17
100
AcDbEntity
  8
ARR_SECONDARY
100
AcDbLine
 10
40500.0
 20
144450.0
 30
0.0
 11
40500.0
 21
145000.0
 31
0.0
  0
LINE
  5
E0A
330
17
100
AcDbEntity
  8
ARR_SECONDARY
100
AcDbLine
 10
41250.0
 20
144450.0
 30
0.0
 11
41250.0
 21
145000.0
 31
0.0
  0
LINE
  5
E0B
330
17
100
AcDbEntity
  8
ARR_SECONDARY
100
AcDbLine
 10
42000.0
 20
144450.0
 30
0.0
 11
42000.0
 21
145000.0
 31
0.0
  0
LINE
  5
E0C
330
17
100
AcDbEntity
  8
ARR_SECONDARY
100
AcDbLine
 10
42750.0
 20
144200.0
 30
0.0
 11
42750.0
 21
145000.0
 31
0.0
  0
TEXT
  5
E0D
330
17
100
AcDbEntity
  8
ARR_NOTE
100
AcDbText
 10
42485.83901773534
 20
143230.0
 30
0.0
 40
340.0
  1
60
  7
unicode
 72
     1
 11
42750.0
 21
143400.0
 31
0.0
100
AcDbText
 73
     2
  0
LINE
  5
E0E
330
17
100
AcDbEntity
  8
ARR_SECONDARY
100
AcDbLine
 10
43500.0
 20
144450.0
 30
0.0
 11
43500.0
 21
145000.0
 31
0.0
  0
LINE
  5
E0F
330
17
100
AcDbEntity
  8
ARR_SECONDARY
100
AcDbLine
 10
44250.0
 20
144450.0
 30
0.0
 11
44250.0
 21
145000.0
 31
0.0
  0
LINE
  5
E10
330
17
100
AcDbEntity
  8
ARR_SECONDARY
100
AcDbLine
 10
45000.0
 20
144450.0
 30
0.0
 11
45000.0
 21
145000.0
 31
0.0
  0
LINE
  5
E11
330
17
100
AcDbEntity
  8
ARR_SECONDARY
100
AcDbLine
 10
45750.0
 20
144450.0
 30
0.0
 11
45750.0
 21
145000.0
 31
0.0
  0
LINE
  5
E12
330
17
100
AcDbEntity
  8
ARR_SECONDARY
100
AcDbLine
 10
46500.0
 20
144450.0
 30
0.0
 11
46500.0
 21
145000.0
 31
0.0
  0
LINE
  5
E13
330
17
100
AcDbEntity
  8
ARR_SECONDARY
100
AcDbLine
 10
47250.0
 20
144450.0
 30
0.0
 11
47250.0
 21
145000.0
 31
0.0
  0
LINE
  5
E14
330
17
100
AcDbEntity
  8
ARR_SECONDARY
100
AcDbLine
 10
48000.0
 20
144450.0
 30
0.0
 11
48000.0
 21
145000.0
 31
0.0
  0
LINE
  5
E15
330
17
100
AcDbEntity
  8
ARR_SECONDARY
100
AcDbLine
 10
48750.0
 20
144450.0
 30
0.0
 11
48750.0
 21
145000.0
 31
0.0
  0
LINE
  5
E16
330
17
100
AcDbEntity
  8
ARR_SECONDARY
100
AcDbLine
 10
49500.0
 20
144450.0
 30
0.0
 11
49500.0
 21
145000.0
 31
0.0
  0
LINE
  5
E17
330
17
100
AcDbEntity
  8
ARR_SECONDARY
100
AcDbLine
 10
50250.0
 20
144200.0
 30
0.0
 11
50250.0
 21
145000.0
 31
0.0
  0
LINE
  5
E18
330
17
100
AcDbEntity
  8
ARR_SECONDARY
100
AcDbLine
 10
51000.0
 20
144450.0
 30
0.0
 11
51000.0
 21
145000.0
 31
0.0
  0
LINE
  5
E19
330
17
100
AcDbEntity
  8
ARR_SECONDARY
100
AcDbLine
 10
51750.0
 20
144450.0
 30
0.0
 11
51750.0
 21
145000.0
 31
0.0
  0
LINE
  5
E1A
330
17
100
AcDbEntity
  8
ARR_SECONDARY
100
AcDbLine
 10
52500.0
 20
144450.0
 30
0.0
 11
52500.0
 21
145000.0
 31
0.0
  0
LINE
  5
E1B
330
17
100
AcDbEntity
  8
ARR_SECONDARY
100
AcDbLine
 10
53250.0
 20
144450.0
 30
0.0
 11
53250.0
 21
145000.0
 31
0.0
  0
LINE
  5
E1C
330
17
100
AcDbEntity
  8
ARR_SECONDARY
100
AcDbLine
 10
54000.0
 20
144450.0
 30
0.0
 11
54000.0
 21
145000.0
 31
0.0
  0
LINE
  5
E1D
330
17
100
AcDbEntity
  8
ARR_SECONDARY
100
AcDbLine
 10
54750.0
 20
144450.0
 30
0.0
 11
54750.0
 21
145000.0
 31
0.0
  0
LINE
  5
E1E
330
17
100
AcDbEntity
  8
ARR_SECONDARY
100
AcDbLine
 10
55500.0
 20
144450.0
 30
0.0
 11
55500.0
 21
145000.0
 31
0.0
  0
LINE
  5
E1F
330
17
100
AcDbEntity
  8
ARR_SECONDARY
100
AcDbLine
 10
56250.0
 20
144450.0
 30
0.0
 11
56250.0
 21
145000.0
 31
0.0
  0
LINE
  5
E20
330
17
100
AcDbEntity
  8
ARR_SECONDARY
100
AcDbLine
 10
57000.0
 20
144450.0
 30
0.0
 11
57000.0
 21
145000.0
 31
0.0
  0
LINE
  5
E21
330
17
100
AcDbEntity
  8
ARR_SECONDARY
100
AcDbLine
 10
57750.0
 20
144200.0
 30
0.0
 11
57750.0
 21
145000.0
 31
0.0
  0
TEXT
  5
E22
330
17
100
AcDbEntity
  8
ARR_NOTE
100
AcDbText
 10
57485.83901773534
 20
143230.0
 30
0.0
 40
340.0
  1
80
  7
unicode
 72
     1
 11
57750.0
 21
143400.0
 31
0.0
100
AcDbText
 73
     2
  0
LINE
  5
E23
330
17
100
AcDbEntity
  8
ARR_SECONDARY
100
AcDbLine
 10
58500.0
 20
144450.0
 30
0.0
 11
58500.0
 21
145000.0
 31
0.0
  0
LINE
  5
E24
330
17
100
AcDbEntity
  8
ARR_SECONDARY
100
AcDbLine
 10
59250.0
 20
144450.0
 30
0.0
 11
59250.0
 21
145000.0
 31
0.0
  0
LINE
  5
E25
330
17
100
AcDbEntity
  8
ARR_SECONDARY
100
AcDbLine
 10
60000.0
 20
144450.0
 30
0.0
 11
60000.0
 21
145000.0
 31
0.0
  0
LINE
  5
E26
330
17
100
AcDbEntity
  8
ARR_SECONDARY
100
AcDbLine
 10
60750.0
 20
144450.0
 30
0.0
 11
60750.0
 21
145000.0
 31
0.0
  0
LINE
  5
E27
330
17
100
AcDbEntity
  8
ARR_SECONDARY
100
AcDbLine
 10
61500.0
 20
144450.0
 30
0.0
 11
61500.0
 21
145000.0
 31
0.0
  0
LINE
  5
E28
330
17
100
AcDbEntity
  8
ARR_SECONDARY
100
AcDbLine
 10
62250.0
 20
144450.0
 30
0.0
 11
62250.0
 21
145000.0
 31
0.0
  0
LINE
  5
E29
330
17
100
AcDbEntity
  8
ARR_SECONDARY
100
AcDbLine
 10
63000.0
 20
144450.0
 30
0.0
 11
63000.0
 21
145000.0
 31
0.0
  0
LINE
  5
E2A
330
17
100
AcDbEntity
  8
ARR_SECONDARY
100
AcDbLine
 10
63750.0
 20
144450.0
 30
0.0
 11
63750.0
 21
145000.0
 31
0.0
  0
LINE
  5
E2B
330
17
100
AcDbEntity
  8
ARR_SECONDARY
100
AcDbLine
 10
64500.0
 20
144450.0
 30
0.0
 11
64500.0
 21
145000.0
 31
0.0
  0
LINE
  5
E2C
330
17
100
AcDbEntity
  8
ARR_SECONDARY
100
AcDbLine
 10
65250.0
 20
144200.0
 30
0.0
 11
65250.0
 21
145000.0
 31
0.0
  0
LINE
  5
E2D
330
17
100
AcDbEntity
  8
ARR_SECONDARY
100
AcDbLine
 10
66000.0
 20
144450.0
 30
0.0
 11
66000.0
 21
145000.0
 31
0.0
  0
LINE
  5
E2E
330
17
100
AcDbEntity
  8
ARR_SECONDARY
100
AcDbLine
 10
66750.0
 20
144450.0
 30
0.0
 11
66750.0
 21
145000.0
 31
0.0
  0
LINE
  5
E2F
330
17
100
AcDbEntity
  8
ARR_SECONDARY
100
AcDbLine
 10
67500.0
 20
144450.0
 30
0.0
 11
67500.0
 21
145000.0
 31
0.0
  0
LINE
  5
E30
330
17
100
AcDbEntity
  8
ARR_SECONDARY
100
AcDbLine
 10
68250.0
 20
144450.0
 30
0.0
 11
68250.0
 21
145000.0
 31
0.0
  0
LINE
  5
E31
330
17
100
AcDbEntity
  8
ARR_SECONDARY
100
AcDbLine
 10
69000.0
 20
144450.0
 30
0.0
 11
69000.0
 21
145000.0
 31
0.0
  0
LINE
  5
E32
330
17
100
AcDbEntity
  8
ARR_SECONDARY
100
AcDbLine
 10
69750.0
 20
144450.0
 30
0.0
 11
69750.0
 21
145000.0
 31
0.0
  0
LINE
  5
E33
330
17
100
AcDbEntity
  8
ARR_SECONDARY
100
AcDbLine
 10
70500.0
 20
144450.0
 30
0.0
 11
70500.0
 21
145000.0
 31
0.0
  0
LINE
  5
E34
330
17
100
AcDbEntity
  8
ARR_SECONDARY
100
AcDbLine
 10
71250.0
 20
144450.0
 30
0.0
 11
71250.0
 21
145000.0
 31
0.0
  0
LINE
  5
E35
330
17
100
AcDbEntity
  8
ARR_SECONDARY
100
AcDbLine
 10
72000.0
 20
144450.0
 30
0.0
 11
72000.0
 21
145000.0
 31
0.0
  0
LINE
  5
E36
330
17
100
AcDbEntity
  8
ARR_SECONDARY
100
AcDbLine
 10
72750.0
 20
144200.0
 30
0.0
 11
72750.0
 21
145000.0
 31
0.0
  0
TEXT
  5
E37
330
17
100
AcDbEntity
  8
ARR_NOTE
100
AcDbText
 10
72353.758526603
 20
143230.0
 30
0.0
 40
340.0
  1
100
  7
unicode
 72
     1
 11
72750.0
 21
143400.0
 31
0.0
100
AcDbText
 73
     2
  0
LINE
  5
E38
330
17
100
AcDbEntity
  8
ARR_SECONDARY
100
AcDbLine
 10
73500.0
 20
144450.0
 30
0.0
 11
73500.0
 21
145000.0
 31
0.0
  0
LINE
  5
E39
330
17
100
AcDbEntity
  8
ARR_SECONDARY
100
AcDbLine
 10
74250.0
 20
144450.0
 30
0.0
 11
74250.0
 21
145000.0
 31
0.0
  0
LINE
  5
E3A
330
17
100
AcDbEntity
  8
ARR_SECONDARY
100
AcDbLine
 10
75000.0
 20
144450.0
 30
0.0
 11
75000.0
 21
145000.0
 31
0.0
  0
LINE
  5
E3B
330
17
100
AcDbEntity
  8
ARR_SECONDARY
100
AcDbLine
 10
75750.0
 20
144450.0
 30
0.0
 11
75750.0
 21
145000.0
 31
0.0
  0
LINE
  5
E3C
330
17
100
AcDbEntity
  8
ARR_SECONDARY
100
AcDbLine
 10
76500.0
 20
144450.0
 30
0.0
 11
76500.0
 21
145000.0
 31
0.0
  0
LINE
  5
E3D
330
17
100
AcDbEntity
  8
ARR_SECONDARY
100
AcDbLine
 10
77250.0
 20
144450.0
 30
0.0
 11
77250.0
 21
145000.0
 31
0.0
  0
LINE
  5
E3E
330
17
100
AcDbEntity
  8
ARR_SECONDARY
100
AcDbLine
 10
78000.0
 20
144450.0
 30
0.0
 11
78000.0
 21
145000.0
 31
0.0
  0
LINE
  5
E3F
330
17
100
AcDbEntity
  8
ARR_SECONDARY
100
AcDbLine
 10
78750.0
 20
144450.0
 30
0.0
 11
78750.0
 21
145000.0
 31
0.0
  0
LINE
  5
E40
330
17
100
AcDbEntity
  8
ARR_SECONDARY
100
AcDbLine
 10
79500.0
 20
144450.0
 30
0.0
 11
79500.0
 21
145000.0
 31
0.0
  0
LINE
  5
E41
330
17
100
AcDbEntity
  8
ARR_SECONDARY
100
AcDbLine
 10
80250.0
 20
144200.0
 30
0.0
 11
80250.0
 21
145000.0
 31
0.0
  0
LINE
  5
E42
330
17
100
AcDbEntity
  8
ARR_SECONDARY
100
AcDbLine
 10
81000.0
 20
144450.0
 30
0.0
 11
81000.0
 21
145000.0
 31
0.0
  0
LINE
  5
E43
330
17
100
AcDbEntity
  8
ARR_SECONDARY
100
AcDbLine
 10
81750.0
 20
144450.0
 30
0.0
 11
81750.0
 21
145000.0
 31
0.0
  0
LINE
  5
E44
330
17
100
AcDbEntity
  8
ARR_SECONDARY
100
AcDbLine
 10
82500.0
 20
144450.0
 30
0.0
 11
82500.0
 21
145000.0
 31
0.0
  0
LINE
  5
E45
330
17
100
AcDbEntity
  8
ARR_SECONDARY
100
AcDbLine
 10
83250.0
 20
144450.0
 30
0.0
 11
83250.0
 21
145000.0
 31
0.0
  0
LINE
  5
E46
330
17
100
AcDbEntity
  8
ARR_SECONDARY
100
AcDbLine
 10
84000.0
 20
144450.0
 30
0.0
 11
84000.0
 21
145000.0
 31
0.0
  0
LINE
  5
E47
330
17
100
AcDbEntity
  8
ARR_SECONDARY
100
AcDbLine
 10
84750.0
 20
144450.0
 30
0.0
 11
84750.0
 21
145000.0
 31
0.0
  0
LINE
  5
E48
330
17
100
AcDbEntity
  8
ARR_SECONDARY
100
AcDbLine
 10
85500.0
 20
144450.0
 30
0.0
 11
85500.0
 21
145000.0
 31
0.0
  0
LINE
  5
E49
330
17
100
AcDbEntity
  8
ARR_SECONDARY
100
AcDbLine
 10
86250.0
 20
144450.0
 30
0.0
 11
86250.0
 21
145000.0
 31
0.0
  0
LINE
  5
E4A
330
17
100
AcDbEntity
  8
ARR_SECONDARY
100
AcDbLine
 10
87000.0
 20
144450.0
 30
0.0
 11
87000.0
 21
145000.0
 31
0.0
  0
LINE
  5
E4B
330
17
100
AcDbEntity
  8
ARR_SECONDARY
100
AcDbLine
 10
87750.0
 20
144200.0
 30
0.0
 11
87750.0
 21
145000.0
 31
0.0
  0
TEXT
  5
E4C
330
17
100
AcDbEntity
  8
ARR_NOTE
100
AcDbText
 10
87353.758526603
 20
143230.0
 30
0.0
 40
340.0
  1
120
  7
unicode
 72
     1
 11
87750.0
 21
143400.0
 31
0.0
100
AcDbText
 73
     2
  0
LINE
  5
E4D
330
17
100
AcDbEntity
  8
ARR_SECONDARY
100
AcDbLine
 10
88500.0
 20
144450.0
 30
0.0
 11
88500.0
 21
145000.0
 31
0.0
  0
LINE
  5
E4E
330
17
100
AcDbEntity
  8
ARR_SECONDARY
100
AcDbLine
 10
89250.0
 20
144450.0
 30
0.0
 11
89250.0
 21
145000.0
 31
0.0
  0
LINE
  5
E4F
330
17
100
AcDbEntity
  8
ARR_SECONDARY
100
AcDbLine
 10
90000.0
 20
144450.0
 30
0.0
 11
90000.0
 21
145000.0
 31
0.0
  0
LINE
  5
E50
330
17
100
AcDbEntity
  8
ARR_SECONDARY
100
AcDbLine
 10
90750.0
 20
144450.0
 30
0.0
 11
90750.0
 21
145000.0
 31
0.0
  0
LINE
  5
E51
330
17
100
AcDbEntity
  8
ARR_SECONDARY
100
AcDbLine
 10
91500.0
 20
144450.0
 30
0.0
 11
91500.0
 21
145000.0
 31
0.0
  0
LINE
  5
E52
330
17
100
AcDbEntity
  8
ARR_SECONDARY
100
AcDbLine
 10
92250.0
 20
144450.0
 30
0.0
 11
92250.0
 21
145000.0
 31
0.0
  0
LINE
  5
E53
330
17
100
AcDbEntity
  8
ARR_SECONDARY
100
AcDbLine
 10
93000.0
 20
144450.0
 30
0.0
 11
93000.0
 21
145000.0
 31
0.0
  0
LINE
  5
E54
330
17
100
AcDbEntity
  8
ARR_SECONDARY
100
AcDbLine
 10
93750.0
 20
144450.0
 30
0.0
 11
93750.0
 21
145000.0
 31
0.0
  0
LINE
  5
E55
330
17
100
AcDbEntity
  8
ARR_SECONDARY
100
AcDbLine
 10
94500.0
 20
144450.0
 30
0.0
 11
94500.0
 21
145000.0
 31
0.0
  0
LINE
  5
E56
330
17
100
AcDbEntity
  8
ARR_SECONDARY
100
AcDbLine
 10
95250.0
 20
144200.0
 30
0.0
 11
95250.0
 21
145000.0
 31
0.0
  0
LINE
  5
E57
330
17
100
AcDbEntity
  8
ARR_SECONDARY
100
AcDbLine
 10
96000.0
 20
144450.0
 30
0.0
 11
96000.0
 21
145000.0
 31
0.0
  0
LINE
  5
E58
330
17
100
AcDbEntity
  8
ARR_SECONDARY
100
AcDbLine
 10
96750.0
 20
144450.0
 30
0.0
 11
96750.0
 21
145000.0
 31
0.0
  0
LINE
  5
E59
330
17
100
AcDbEntity
  8
ARR_SECONDARY
100
AcDbLine
 10
97500.0
 20
144450.0
 30
0.0
 11
97500.0
 21
145000.0
 31
0.0
  0
LINE
  5
E5A
330
17
100
AcDbEntity
  8
ARR_SECONDARY
100
AcDbLine
 10
98250.0
 20
144450.0
 30
0.0
 11
98250.0
 21
145000.0
 31
0.0
  0
LINE
  5
E5B
330
17
100
AcDbEntity
  8
ARR_SECONDARY
100
AcDbLine
 10
99000.0
 20
144450.0
 30
0.0
 11
99000.0
 21
145000.0
 31
0.0
  0
LINE
  5
E5C
330
17
100
AcDbEntity
  8
ARR_SECONDARY
100
AcDbLine
 10
99750.0
 20
144450.0
 30
0.0
 11
99750.0
 21
145000.0
 31
0.0
  0
LINE
  5
E5D
330
17
100
AcDbEntity
  8
ARR_SECONDARY
100
AcDbLine
 10
100500.0
 20
144450.0
 30
0.0
 11
100500.0
 21
145000.0
 31
0.0
  0
LINE
  5
E5E
330
17
100
AcDbEntity
  8
ARR_SECONDARY
100
AcDbLine
 10
101250.0
 20
144450.0
 30
0.0
 11
101250.0
 21
145000.0
 31
0.0
  0
LINE
  5
E5F
330
17
100
AcDbEntity
  8
ARR_SECONDARY
100
AcDbLine
 10
102000.0
 20
144450.0
 30
0.0
 11
102000.0
 21
145000.0
 31
0.0
  0
LINE
  5
E60
330
17
100
AcDbEntity
  8
ARR_SECONDARY
100
AcDbLine
 10
102750.0
 20
144200.0
 30
0.0
 11
102750.0
 21
145000.0
 31
0.0
  0
TEXT
  5
E61
330
17
100
AcDbEntity
  8
ARR_NOTE
100
AcDbText
 10
102353.758526603
 20
143230.0
 30
0.0
 40
340.0
  1
140
  7
unicode
 72
     1
 11
102750.0
 21
143400.0
 31
0.0
100
AcDbText
 73
     2
  0
LINE
  5
E62
330
17
100
AcDbEntity
  8
ARR_SECONDARY
100
AcDbLine
 10
103500.0
 20
144450.0
 30
0.0
 11
103500.0
 21
145000.0
 31
0.0
  0
LINE
  5
E63
330
17
100
AcDbEntity
  8
ARR_SECONDARY
100
AcDbLine
 10
104250.0
 20
144450.0
 30
0.0
 11
104250.0
 21
145000.0
 31
0.0
  0
LINE
  5
E64
330
17
100
AcDbEntity
  8
ARR_SECONDARY
100
AcDbLine
 10
105000.0
 20
144450.0
 30
0.0
 11
105000.0
 21
145000.0
 31
0.0
  0
LINE
  5
E65
330
17
100
AcDbEntity
  8
ARR_SECONDARY
100
AcDbLine
 10
105750.0
 20
144450.0
 30
0.0
 11
105750.0
 21
145000.0
 31
0.0
  0
LINE
  5
E66
330
17
100
AcDbEntity
  8
ARR_SECONDARY
100
AcDbLine
 10
106500.0
 20
144450.0
 30
0.0
 11
106500.0
 21
145000.0
 31
0.0
  0
LINE
  5
E67
330
17
100
AcDbEntity
  8
ARR_SECONDARY
100
AcDbLine
 10
107250.0
 20
144450.0
 30
0.0
 11
107250.0
 21
145000.0
 31
0.0
  0
LINE
  5
E68
330
17
100
AcDbEntity
  8
ARR_SECONDARY
100
AcDbLine
 10
108000.0
 20
144450.0
 30
0.0
 11
108000.0
 21
145000.0
 31
0.0
  0
LINE
  5
E69
330
17
100
AcDbEntity
  8
ARR_SECONDARY
100
AcDbLine
 10
108750.0
 20
144450.0
 30
0.0
 11
108750.0
 21
145000.0
 31
0.0
  0
LINE
  5
E6A
330
17
100
AcDbEntity
  8
ARR_SECONDARY
100
AcDbLine
 10
109500.0
 20
144450.0
 30
0.0
 11
109500.0
 21
145000.0
 31
0.0
  0
LINE
  5
E6B
330
17
100
AcDbEntity
  8
ARR_SECONDARY
100
AcDbLine
 10
110250.0
 20
144200.0
 30
0.0
 11
110250.0
 21
145000.0
 31
0.0
  0
LINE
  5
E6C
330
17
100
AcDbEntity
  8
ARR_SECONDARY
100
AcDbLine
 10
111000.0
 20
144450.0
 30
0.0
 11
111000.0
 21
145000.0
 31
0.0
  0
LINE
  5
E6D
330
17
100
AcDbEntity
  8
ARR_SECONDARY
100
AcDbLine
 10
111750.0
 20
144450.0
 30
0.0
 11
111750.0
 21
145000.0
 31
0.0
  0
LINE
  5
E6E
330
17
100
AcDbEntity
  8
ARR_SECONDARY
100
AcDbLine
 10
112500.0
 20
144450.0
 30
0.0
 11
112500.0
 21
145000.0
 31
0.0
  0
LINE
  5
E6F
330
17
100
AcDbEntity
  8
ARR_SECONDARY
100
AcDbLine
 10
113250.0
 20
144450.0
 30
0.0
 11
113250.0
 21
145000.0
 31
0.0
  0
LINE
  5
E70
330
17
100
AcDbEntity
  8
ARR_SECONDARY
100
AcDbLine
 10
114000.0
 20
144450.0
 30
0.0
 11
114000.0
 21
145000.0
 31
0.0
  0
LINE
  5
E71
330
17
100
AcDbEntity
  8
ARR_SECONDARY
100
AcDbLine
 10
114750.0
 20
144450.0
 30
0.0
 11
114750.0
 21
145000.0
 31
0.0
  0
LINE
  5
E72
330
17
100
AcDbEntity
  8
ARR_SECONDARY
100
AcDbLine
 10
115500.0
 20
144450.0
 30
0.0
 11
115500.0
 21
145000.0
 31
0.0
  0
LINE
  5
E73
330
17
100
AcDbEntity
  8
ARR_SECONDARY
100
AcDbLine
 10
116250.0
 20
144450.0
 30
0.0
 11
116250.0
 21
145000.0
 31
0.0
  0
LINE
  5
E74
330
17
100
AcDbEntity
  8
ARR_SECONDARY
100
AcDbLine
 10
117000.0
 20
144450.0
 30
0.0
 11
117000.0
 21
145000.0
 31
0.0
  0
LINE
  5
E75
330
17
100
AcDbEntity
  8
ARR_SECONDARY
100
AcDbLine
 10
117750.0
 20
144200.0
 30
0.0
 11
117750.0
 21
145000.0
 31
0.0
  0
TEXT
  5
E76
330
17
100
AcDbEntity
  8
ARR_NOTE
100
AcDbText
 10
117353.758526603
 20
143230.0
 30
0.0
 40
340.0
  1
160
  7
unicode
 72
     1
 11
117750.0
 21
143400.0
 31
0.0
100
AcDbText
 73
     2
  0
LINE
  5
E77
330
17
100
AcDbEntity
  8
ARR_SECONDARY
100
AcDbLine
 10
118500.0
 20
144450.0
 30
0.0
 11
118500.0
 21
145000.0
 31
0.0
  0
LINE
  5
E78
330
17
100
AcDbEntity
  8
ARR_SECONDARY
100
AcDbLine
 10
119250.0
 20
144450.0
 30
0.0
 11
119250.0
 21
145000.0
 31
0.0
  0
LINE
  5
E79
330
17
100
AcDbEntity
  8
ARR_SECONDARY
100
AcDbLine
 10
120000.0
 20
144450.0
 30
0.0
 11
120000.0
 21
145000.0
 31
0.0
  0
LINE
  5
E7A
330
17
100
AcDbEntity
  8
ARR_SECONDARY
100
AcDbLine
 10
120750.0
 20
144450.0
 30
0.0
 11
120750.0
 21
145000.0
 31
0.0
  0
LINE
  5
E7B
330
17
100
AcDbEntity
  8
ARR_SECONDARY
100
AcDbLine
 10
121500.0
 20
144450.0
 30
0.0
 11
121500.0
 21
145000.0
 31
0.0
  0
LINE
  5
E7C
330
17
100
AcDbEntity
  8
ARR_SECONDARY
100
AcDbLine
 10
122250.0
 20
144450.0
 30
0.0
 11
122250.0
 21
145000.0
 31
0.0
  0
LINE
  5
E7D
330
17
100
AcDbEntity
  8
ARR_SECONDARY
100
AcDbLine
 10
123000.0
 20
144450.0
 30
0.0
 11
123000.0
 21
145000.0
 31
0.0
  0
LINE
  5
E7E
330
17
100
AcDbEntity
  8
ARR_SECONDARY
100
AcDbLine
 10
123750.0
 20
144450.0
 30
0.0
 11
123750.0
 21
145000.0
 31
0.0
  0
LINE
  5
E7F
330
17
100
AcDbEntity
  8
ARR_SECONDARY
100
AcDbLine
 10
124500.0
 20
144450.0
 30
0.0
 11
124500.0
 21
145000.0
 31
0.0
  0
LINE
  5
E80
330
17
100
AcDbEntity
  8
ARR_SECONDARY
100
AcDbLine
 10
125250.0
 20
144200.0
 30
0.0
 11
125250.0
 21
145000.0
 31
0.0
  0
LINE
  5
E81
330
17
100
AcDbEntity
  8
ARR_SECONDARY
100
AcDbLine
 10
126000.0
 20
144450.0
 30
0.0
 11
126000.0
 21
145000.0
 31
0.0
  0
LINE
  5
E82
330
17
100
AcDbEntity
  8
ARR_SECONDARY
100
AcDbLine
 10
126750.0
 20
144450.0
 30
0.0
 11
126750.0
 21
145000.0
 31
0.0
  0
LINE
  5
E83
330
17
100
AcDbEntity
  8
ARR_SECONDARY
100
AcDbLine
 10
127500.0
 20
144450.0
 30
0.0
 11
127500.0
 21
145000.0
 31
0.0
  0
LINE
  5
E84
330
17
100
AcDbEntity
  8
ARR_SECONDARY
100
AcDbLine
 10
128250.0
 20
144450.0
 30
0.0
 11
128250.0
 21
145000.0
 31
0.0
  0
LINE
  5
E85
330
17
100
AcDbEntity
  8
ARR_SECONDARY
100
AcDbLine
 10
129000.0
 20
144450.0
 30
0.0
 11
129000.0
 21
145000.0
 31
0.0
  0
LINE
  5
E86
330
17
100
AcDbEntity
  8
ARR_SECONDARY
100
AcDbLine
 10
129750.0
 20
144450.0
 30
0.0
 11
129750.0
 21
145000.0
 31
0.0
  0
LINE
  5
E87
330
17
100
AcDbEntity
  8
ARR_SECONDARY
100
AcDbLine
 10
130500.0
 20
144450.0
 30
0.0
 11
130500.0
 21
145000.0
 31
0.0
  0
LINE
  5
E88
330
17
100
AcDbEntity
  8
ARR_SECONDARY
100
AcDbLine
 10
131250.0
 20
144450.0
 30
0.0
 11
131250.0
 21
145000.0
 31
0.0
  0
LINE
  5
E89
330
17
100
AcDbEntity
  8
ARR_SECONDARY
100
AcDbLine
 10
132000.0
 20
144450.0
 30
0.0
 11
132000.0
 21
145000.0
 31
0.0
  0
LINE
  5
E8A
330
17
100
AcDbEntity
  8
ARR_SECONDARY
100
AcDbLine
 10
132750.0
 20
144200.0
 30
0.0
 11
132750.0
 21
145000.0
 31
0.0
  0
TEXT
  5
E8B
330
17
100
AcDbEntity
  8
ARR_NOTE
100
AcDbText
 10
132353.758526603
 20
143230.0
 30
0.0
 40
340.0
  1
180
  7
unicode
 72
     1
 11
132750.0
 21
143400.0
 31
0.0
100
AcDbText
 73
     2
  0
LINE
  5
E8C
330
17
100
AcDbEntity
  8
ARR_SECONDARY
100
AcDbLine
 10
133500.0
 20
144450.0
 30
0.0
 11
133500.0
 21
145000.0
 31
0.0
  0
LINE
  5
E8D
330
17
100
AcDbEntity
  8
ARR_SECONDARY
100
AcDbLine
 10
134250.0
 20
144450.0
 30
0.0
 11
134250.0
 21
145000.0
 31
0.0
  0
LINE
  5
E8E
330
17
100
AcDbEntity
  8
ARR_SECONDARY
100
AcDbLine
 10
135000.0
 20
144450.0
 30
0.0
 11
135000.0
 21
145000.0
 31
0.0
  0
LINE
  5
E8F
330
17
100
AcDbEntity
  8
ARR_SECONDARY
100
AcDbLine
 10
135750.0
 20
144450.0
 30
0.0
 11
135750.0
 21
145000.0
 31
0.0
  0
LINE
  5
E90
330
17
100
AcDbEntity
  8
ARR_SECONDARY
100
AcDbLine
 10
136500.0
 20
144450.0
 30
0.0
 11
136500.0
 21
145000.0
 31
0.0
  0
LINE
  5
E91
330
17
100
AcDbEntity
  8
ARR_SECONDARY
100
AcDbLine
 10
137250.0
 20
144450.0
 30
0.0
 11
137250.0
 21
145000.0
 31
0.0
  0
LINE
  5
E92
330
17
100
AcDbEntity
  8
ARR_SECONDARY
100
AcDbLine
 10
138000.0
 20
144450.0
 30
0.0
 11
138000.0
 21
145000.0
 31
0.0
  0
LINE
  5
E93
330
17
100
AcDbEntity
  8
ARR_SECONDARY
100
AcDbLine
 10
138750.0
 20
144450.0
 30
0.0
 11
138750.0
 21
145000.0
 31
0.0
  0
LINE
  5
E94
330
17
100
AcDbEntity
  8
ARR_SECONDARY
100
AcDbLine
 10
139500.0
 20
144450.0
 30
0.0
 11
139500.0
 21
145000.0
 31
0.0
  0
LINE
  5
E95
330
17
100
AcDbEntity
  8
ARR_SECONDARY
100
AcDbLine
 10
140250.0
 20
144200.0
 30
0.0
 11
140250.0
 21
145000.0
 31
0.0
  0
LINE
  5
E96
330
17
100
AcDbEntity
  8
ARR_SECONDARY
100
AcDbLine
 10
141000.0
 20
144450.0
 30
0.0
 11
141000.0
 21
145000.0
 31
0.0
  0
LINE
  5
E97
330
17
100
AcDbEntity
  8
ARR_SECONDARY
100
AcDbLine
 10
141600.0
 20
144450.0
 30
0.0
 11
141600.0
 21
145000.0
 31
0.0
  0
LINE
  5
E98
330
17
100
AcDbEntity
  8
ARR_SECONDARY
100
AcDbLine
 10
142200.0
 20
144450.0
 30
0.0
 11
142200.0
 21
145000.0
 31
0.0
  0
LINE
  5
E99
330
17
100
AcDbEntity
  8
ARR_SECONDARY
100
AcDbLine
 10
142800.0
 20
144450.0
 30
0.0
 11
142800.0
 21
145000.0
 31
0.0
  0
LINE
  5
E9A
330
17
100
AcDbEntity
  8
ARR_SECONDARY
100
AcDbLine
 10
143400.0
 20
144450.0
 30
0.0
 11
143400.0
 21
145000.0
 31
0.0
  0
LINE
  5
E9B
330
17
100
AcDbEntity
  8
ARR_SECONDARY
100
AcDbLine
 10
144000.0
 20
144450.0
 30
0.0
 11
144000.0
 21
145000.0
 31
0.0
  0
LINE
  5
E9C
330
17
100
AcDbEntity
  8
ARR_SECONDARY
100
AcDbLine
 10
144600.0
 20
144450.0
 30
0.0
 11
144600.0
 21
145000.0
 31
0.0
  0
LINE
  5
E9D
330
17
100
AcDbEntity
  8
ARR_SECONDARY
100
AcDbLine
 10
145200.0
 20
144450.0
 30
0.0
 11
145200.0
 21
145000.0
 31
0.0
  0
LINE
  5
E9E
330
17
100
AcDbEntity
  8
ARR_SECONDARY
100
AcDbLine
 10
145800.0
 20
144450.0
 30
0.0
 11
145800.0
 21
145000.0
 31
0.0
  0
LINE
  5
E9F
330
17
100
AcDbEntity
  8
ARR_SECONDARY
100
AcDbLine
 10
146400.0
 20
144200.0
 30
0.0
 11
146400.0
 21
145000.0
 31
0.0
  0
TEXT
  5
EA0
330
17
100
AcDbEntity
  8
ARR_NOTE
100
AcDbText
 10
146003.758526603
 20
143230.0
 30
0.0
 40
340.0
  1
200
  7
unicode
 72
     1
 11
146400.0
 21
143400.0
 31
0.0
100
AcDbText
 73
     2
  0
LINE
  5
EA1
330
17
100
AcDbEntity
  8
ARR_SECONDARY
100
AcDbLine
 10
147000.0
 20
144450.0
 30
0.0
 11
147000.0
 21
145000.0
 31
0.0
  0
LINE
  5
EA2
330
17
100
AcDbEntity
  8
ARR_SECONDARY
100
AcDbLine
 10
147600.0
 20
144450.0
 30
0.0
 11
147600.0
 21
145000.0
 31
0.0
  0
LINE
  5
EA3
330
17
100
AcDbEntity
  8
ARR_SECONDARY
100
AcDbLine
 10
148200.0
 20
144450.0
 30
0.0
 11
148200.0
 21
145000.0
 31
0.0
  0
LINE
  5
EA4
330
17
100
AcDbEntity
  8
ARR_SECONDARY
100
AcDbLine
 10
148800.0
 20
144450.0
 30
0.0
 11
148800.0
 21
145000.0
 31
0.0
  0
LINE
  5
EA5
330
17
100
AcDbEntity
  8
ARR_SECONDARY
100
AcDbLine
 10
149400.0
 20
144450.0
 30
0.0
 11
149400.0
 21
145000.0
 31
0.0
  0
LINE
  5
EA6
330
17
100
AcDbEntity
  8
ARR_SECONDARY
100
AcDbLine
 10
150000.0
 20
144450.0
 30
0.0
 11
150000.0
 21
145000.0
 31
0.0
  0
TEXT
  5
EA7
330
17
100
AcDbEntity
  8
ARR_NOTE
100
AcDbText
 10
3240.306957708049
 20
140030.0
 30
0.0
 40
340.0
  1
АП: a = 600
  7
unicode
 72
     1
 11
4500.0
 21
140200.0
 31
0.0
100
AcDbText
 73
     2
  0
TEXT
  5
EA8
330
17
100
AcDbEntity
  8
ARR_NOTE
100
AcDbText
 10
144217.8103683492
 20
140030.0
 30
0.0
 40
340.0
  1
ФП: a = 600
  7
unicode
 72
     1
 11
145500.0
 21
140200.0
 31
0.0
100
AcDbText
 73
     2
  0
TEXT
  5
EA9
330
17
100
AcDbEntity
  8
ARR_NOTE
100
AcDbText
 10
4093.894952251023
 20
148790.0
 30
0.0
 40
420.0
  1
АП
  7
unicode
 72
     1
 11
4500.0
 21
149000.0
 31
0.0
100
AcDbText
 73
     2
  0
TEXT
  5
EAA
330
17
100
AcDbEntity
  8
ARR_NOTE
100
AcDbText
 10
17527.42837653479
 20
148790.0
 30
0.0
 40
420.0
  1
МО
  7
unicode
 72
     1
 11
18000.0
 21
149000.0
 31
0.0
100
AcDbText
 73
     2
  0
TEXT
  5
EAB
330
17
100
AcDbEntity
  8
ARR_NOTE
100
AcDbText
 10
27843.06957708049
 20
148790.0
 30
0.0
 40
420.0
  1
Коф.
  7
unicode
 72
     1
 11
28500.0
 21
149000.0
 31
0.0
100
AcDbText
 73
     2
  0
TEXT
  5
EAC
330
17
100
AcDbEntity
  8
ARR_NOTE
100
AcDbText
 10
38122.61255115962
 20
148790.0
 30
0.0
 40
420.0
  1
Танк 1
  7
unicode
 72
     1
 11
39000.0
 21
149000.0
 31
0.0
100
AcDbText
 73
     2
  0
TEXT
  5
EAD
330
17
100
AcDbEntity
  8
ARR_NOTE
100
AcDbText
 10
56122.61255115962
 20
148790.0
 30
0.0
 40
420.0
  1
Танк 2
  7
unicode
 72
     1
 11
57000.0
 21
149000.0
 31
0.0
100
AcDbText
 73
     2
  0
TEXT
  5
EAE
330
17
100
AcDbEntity
  8
ARR_NOTE
100
AcDbText
 10
74122.61255115962
 20
148790.0
 30
0.0
 40
420.0
  1
Танк 3
  7
unicode
 72
     1
 11
75000.0
 21
149000.0
 31
0.0
100
AcDbText
 73
     2
  0
TEXT
  5
EAF
330
17
100
AcDbEntity
  8
ARR_NOTE
100
AcDbText
 10
92122.61255115961
 20
148790.0
 30
0.0
 40
420.0
  1
Танк 4
  7
unicode
 72
     1
 11
93000.0
 21
149000.0
 31
0.0
100
AcDbText
 73
     2
  0
TEXT
  5
EB0
330
17
100
AcDbEntity
  8
ARR_NOTE
100
AcDbText
 10
110122.6125511596
 20
148790.0
 30
0.0
 40
420.0
  1
Танк 5
  7
unicode
 72
     1
 11
111000.0
 21
149000.0
 31
0.0
100
AcDbText
 73
     2
  0
TEXT
  5
EB1
330
17
100
AcDbEntity
  8
ARR_NOTE
100
AcDbText
 10
128122.6125511596
 20
148790.0
 30
0.0
 40
420.0
  1
Танк 6
  7
unicode
 72
     1
 11
129000.0
 21
149000.0
 31
0.0
100
AcDbText
 73
     2
  0
TEXT
  5
EB2
330
17
100
AcDbEntity
  8
ARR_NOTE
100
AcDbText
 10
138843.0695770805
 20
148790.0
 30
0.0
 40
420.0
  1
Коф.
  7
unicode
 72
     1
 11
139500.0
 21
149000.0
 31
0.0
100
AcDbText
 73
     2
  0
TEXT
  5
EB3
330
17
100
AcDbEntity
  8
ARR_NOTE
100
AcDbText
 10
145066.105047749
 20
148790.0
 30
0.0
 40
420.0
  1
ФП
  7
unicode
 72
     1
 11
145500.0
 21
149000.0
 31
0.0
100
AcDbText
 73
     2
  0
LWPOLYLINE
  5
EB4
330
17
100
AcDbEntity
  8
ARR_NOTE
100
AcDbPolyline
 90
        4
 70
     0
 43
0.0
 10
52500.0
 20
161500.0
 10
52500.0
 20
162500.0
 10
70500.0
 20
162500.0
 10
70500.0
 20
161500.0
  0
TEXT
  5
EB5
330
17
100
AcDbEntity
  8
ARR_NOTE
100
AcDbText
 10
58679.03137789904
 20
163410.0
 30
0.0
 40
380.0
  1
Участок набора 18 000
  7
unicode
 72
     1
 11
61500.0
 21
163600.0
 31
0.0
100
AcDbText
 73
     2
  0
TEXT
  5
EB6
330
17
100
AcDbEntity
  8
ARR_NOTE
100
AcDbText
 10
67733.81991814461
 20
138070.0
 30
0.0
 40
460.0
  1
L = 150 000; B = 27 000; D = 15 500; d = 9 400 мм
  7
unicode
 72
     1
 11
75000.0
 21
138300.0
 31
0.0
100
AcDbText
 73
     2
  0
LWPOLYLINE
  5
EB7
330
17
100
AcDbEntity
  8
ARR_HULL
100
AcDbPolyline
 90
       45
 70
     1
 43
0.0
 10
0.0
 20
116500.0
 10
13500.0
 20
117040.0
 10
27000.0
 20
116500.0
 10
27000.0
 20
102550.0
 10
26995.22186728635
 20
102428.3884016218
 10
26980.91692792247
 20
102307.5265791876
 10
26957.1733766164
 20
102188.1596860233
 10
26924.13760025749
 20
102071.0236587188
 10
26882.01327539249
 20
101956.8406798341
 10
26831.06011249197
 20
101846.3147254037
 10
26771.59225474885
 20
101740.1272246903
 10
26703.97634128117
 20
101638.9328589466
 10
26628.62924668005
 20
101543.3555250882
 10
26546.01551083915
 20
101453.9844891608
 10
26456.64447491178
 20
101371.37075332
 10
26361.06714105333
 20
101296.0236587188
 10
26259.87277530972
 20
101228.4077452512
 10
26153.68527459629
 20
101168.939887508
 10
26043.15932016589
 20
101117.9867246075
 10
25928.97634128117
 20
101075.8623997425
 10
25811.84031397665
 20
101042.8266233836
 10
25692.47342081236
 20
101019.0830720775
 10
25571.61159837816
 20
101004.7781327137
 10
25450.0
 20
101000.0
 10
1550.0
 20
101000.0
 10
1428.38840162184
 20
101004.7781327137
 10
1307.526579187642
 20
101019.0830720775
 10
1188.159686023346
 20
101042.8266233836
 10
1071.023658718831
 20
101075.8623997425
 10
956.8406798341106
 20
101117.9867246075
 10
846.3147254037027
 20
101168.939887508
 10
740.1272246902793
 20
101228.4077452512
 10
638.9328589466666
 20
101296.0236587188
 10
543.3555250882155
 20
101371.37075332
 10
453.9844891608513
 20
101453.9844891608
 10
371.370753319952
 20
101543.3555250882
 10
296.0236587188317
 20
101638.9328589466
 10
228.4077452511572
 20
101740.1272246903
 10
168.9398875080298
 20
101846.3147254037
 10
117.9867246075055
 20
101956.8406798341
 10
75.86239974251204
 20
102071.0236587188
 10
42.82662338360136
 20
102188.1596860233
 10
19.0830720775366
 20
102307.5265791876
 10
4.778132713651757
 20
102428.3884016218
 10
0.0
 20
102550.0
  0
LINE
  5
EB8
330
17
100
AcDbEntity
  8
ARR_BOUNDARY
100
AcDbLine
 10
0.0
 20
102800.0
 30
0.0
 11
27000.0
 21
102800.0
 31
0.0
  0
LINE
  5
EB9
330
17
100
AcDbEntity
  8
ARR_BOUNDARY
100
AcDbLine
 10
2000.0
 20
101000.0
 30
0.0
 11
2000.0
 21
116580.0
 31
0.0
  0
LINE
  5
EBA
330
17
100
AcDbEntity
  8
ARR_BOUNDARY
100
AcDbLine
 10
25000.0
 20
101000.0
 30
0.0
 11
25000.0
 21
116580.0
 31
0.0
  0
LINE
  5
EBB
330
17
100
AcDbEntity
  8
ARR_BOUNDARY
100
AcDbLine
 10
13500.0
 20
101000.0
 30
0.0
 11
13500.0
 21
117040.0
 31
0.0
  0
LINE
  5
EBC
330
17
100
AcDbEntity
  8
ARR_PRIMARY
100
AcDbLine
 10
0.0
 20
106200.0
 30
0.0
 11
2000.0
 21
106200.0
 31
0.0
  0
LINE
  5
EBD
330
17
100
AcDbEntity
  8
ARR_PRIMARY
100
AcDbLine
 10
25000.0
 20
106200.0
 30
0.0
 11
27000.0
 21
106200.0
 31
0.0
  0
LINE
  5
EBE
330
17
100
AcDbEntity
  8
ARR_PRIMARY
100
AcDbLine
 10
12700.0
 20
106200.0
 30
0.0
 11
13500.0
 21
106200.0
 31
0.0
  0
LINE
  5
EBF
330
17
100
AcDbEntity
  8
ARR_SECONDARY
100
AcDbLine
 10
12700.0
 20
106200.0
 30
0.0
 11
12700.0
 21
105980.0
 31
0.0
  0
LINE
  5
EC0
330
17
100
AcDbEntity
  8
ARR_PRIMARY
100
AcDbLine
 10
0.0
 20
109600.0
 30
0.0
 11
2000.0
 21
109600.0
 31
0.0
  0
LINE
  5
EC1
330
17
100
AcDbEntity
  8
ARR_PRIMARY
100
AcDbLine
 10
25000.0
 20
109600.0
 30
0.0
 11
27000.0
 21
109600.0
 31
0.0
  0
LINE
  5
EC2
330
17
100
AcDbEntity
  8
ARR_PRIMARY
100
AcDbLine
 10
12700.0
 20
109600.0
 30
0.0
 11
13500.0
 21
109600.0
 31
0.0
  0
LINE
  5
EC3
330
17
100
AcDbEntity
  8
ARR_SECONDARY
100
AcDbLine
 10
12700.0
 20
109600.0
 30
0.0
 11
12700.0
 21
109380.0
 31
0.0
  0
LINE
  5
EC4
330
17
100
AcDbEntity
  8
ARR_PRIMARY
100
AcDbLine
 10
0.0
 20
113000.0
 30
0.0
 11
2000.0
 21
113000.0
 31
0.0
  0
LINE
  5
EC5
330
17
100
AcDbEntity
  8
ARR_PRIMARY
100
AcDbLine
 10
25000.0
 20
113000.0
 30
0.0
 11
27000.0
 21
113000.0
 31
0.0
  0
LINE
  5
EC6
330
17
100
AcDbEntity
  8
ARR_PRIMARY
100
AcDbLine
 10
12700.0
 20
113000.0
 30
0.0
 11
13500.0
 21
113000.0
 31
0.0
  0
LINE
  5
EC7
330
17
100
AcDbEntity
  8
ARR_SECONDARY
100
AcDbLine
 10
12700.0
 20
113000.0
 30
0.0
 11
12700.0
 21
112780.0
 31
0.0
  0
LINE
  5
EC8
330
17
100
AcDbEntity
  8
ARR_SECONDARY
100
AcDbLine
 10
666.6666666666666
 20
116526.6666666666
 30
0.0
 11
666.6666666666666
 21
116276.6666666666
 31
0.0
  0
LINE
  5
EC9
330
17
100
AcDbEntity
  8
ARR_SECONDARY
100
AcDbLine
 10
1333.333333333333
 20
116553.3333333333
 30
0.0
 11
1333.333333333333
 21
116303.3333333333
 31
0.0
  0
LINE
  5
ECA
330
17
100
AcDbEntity
  8
ARR_SECONDARY
100
AcDbLine
 10
2766.666666666666
 20
116610.6666666666
 30
0.0
 11
2766.666666666666
 21
116360.6666666666
 31
0.0
  0
LINE
  5
ECB
330
17
100
AcDbEntity
  8
ARR_SECONDARY
100
AcDbLine
 10
2766.666666666666
 20
102800.0
 30
0.0
 11
2766.666666666666
 21
102550.0
 31
0.0
  0
LINE
  5
ECC
330
17
100
AcDbEntity
  8
ARR_SECONDARY
100
AcDbLine
 10
2766.666666666666
 20
101000.0
 30
0.0
 11
2766.666666666666
 21
101250.0
 31
0.0
  0
LINE
  5
ECD
330
17
100
AcDbEntity
  8
ARR_SECONDARY
100
AcDbLine
 10
3533.333333333333
 20
116641.3333333333
 30
0.0
 11
3533.333333333333
 21
116391.3333333334
 31
0.0
  0
LINE
  5
ECE
330
17
100
AcDbEntity
  8
ARR_SECONDARY
100
AcDbLine
 10
3533.333333333333
 20
102800.0
 30
0.0
 11
3533.333333333333
 21
102550.0
 31
0.0
  0
LINE
  5
ECF
330
17
100
AcDbEntity
  8
ARR_SECONDARY
100
AcDbLine
 10
3533.333333333333
 20
101000.0
 30
0.0
 11
3533.333333333333
 21
101250.0
 31
0.0
  0
LINE
  5
ED0
330
17
100
AcDbEntity
  8
ARR_SECONDARY
100
AcDbLine
 10
4300.0
 20
116672.0
 30
0.0
 11
4300.0
 21
116422.0
 31
0.0
  0
LINE
  5
ED1
330
17
100
AcDbEntity
  8
ARR_SECONDARY
100
AcDbLine
 10
4300.0
 20
102800.0
 30
0.0
 11
4300.0
 21
102550.0
 31
0.0
  0
LINE
  5
ED2
330
17
100
AcDbEntity
  8
ARR_SECONDARY
100
AcDbLine
 10
4300.0
 20
101000.0
 30
0.0
 11
4300.0
 21
101250.0
 31
0.0
  0
LINE
  5
ED3
330
17
100
AcDbEntity
  8
ARR_SECONDARY
100
AcDbLine
 10
5066.666666666666
 20
116702.6666666666
 30
0.0
 11
5066.666666666666
 21
116452.6666666666
 31
0.0
  0
LINE
  5
ED4
330
17
100
AcDbEntity
  8
ARR_SECONDARY
100
AcDbLine
 10
5066.666666666666
 20
102800.0
 30
0.0
 11
5066.666666666666
 21
102550.0
 31
0.0
  0
LINE
  5
ED5
330
17
100
AcDbEntity
  8
ARR_SECONDARY
100
AcDbLine
 10
5066.666666666666
 20
101000.0
 30
0.0
 11
5066.666666666666
 21
101250.0
 31
0.0
  0
LINE
  5
ED6
330
17
100
AcDbEntity
  8
ARR_SECONDARY
100
AcDbLine
 10
5833.333333333332
 20
116733.3333333333
 30
0.0
 11
5833.333333333332
 21
116483.3333333334
 31
0.0
  0
LINE
  5
ED7
330
17
100
AcDbEntity
  8
ARR_SECONDARY
100
AcDbLine
 10
5833.333333333332
 20
102800.0
 30
0.0
 11
5833.333333333332
 21
102550.0
 31
0.0
  0
LINE
  5
ED8
330
17
100
AcDbEntity
  8
ARR_SECONDARY
100
AcDbLine
 10
5833.333333333332
 20
101000.0
 30
0.0
 11
5833.333333333332
 21
101250.0
 31
0.0
  0
LINE
  5
ED9
330
17
100
AcDbEntity
  8
ARR_SECONDARY
100
AcDbLine
 10
6600.0
 20
116764.0
 30
0.0
 11
6600.0
 21
116514.0
 31
0.0
  0
LINE
  5
EDA
330
17
100
AcDbEntity
  8
ARR_SECONDARY
100
AcDbLine
 10
6600.0
 20
102800.0
 30
0.0
 11
6600.0
 21
102550.0
 31
0.0
  0
LINE
  5
EDB
330
17
100
AcDbEntity
  8
ARR_SECONDARY
100
AcDbLine
 10
6600.0
 20
101000.0
 30
0.0
 11
6600.0
 21
101250.0
 31
0.0
  0
LINE
  5
EDC
330
17
100
AcDbEntity
  8
ARR_SECONDARY
100
AcDbLine
 10
7366.666666666666
 20
116794.6666666666
 30
0.0
 11
7366.666666666666
 21
116544.6666666666
 31
0.0
  0
LINE
  5
EDD
330
17
100
AcDbEntity
  8
ARR_SECONDARY
100
AcDbLine
 10
7366.666666666666
 20
102800.0
 30
0.0
 11
7366.666666666666
 21
102550.0
 31
0.0
  0
LINE
  5
EDE
330
17
100
AcDbEntity
  8
ARR_SECONDARY
100
AcDbLine
 10
7366.666666666666
 20
101000.0
 30
0.0
 11
7366.666666666666
 21
101250.0
 31
0.0
  0
LINE
  5
EDF
330
17
100
AcDbEntity
  8
ARR_SECONDARY
100
AcDbLine
 10
8133.333333333332
 20
116825.3333333333
 30
0.0
 11
8133.333333333332
 21
116575.3333333333
 31
0.0
  0
LINE
  5
EE0
330
17
100
AcDbEntity
  8
ARR_SECONDARY
100
AcDbLine
 10
8133.333333333332
 20
102800.0
 30
0.0
 11
8133.333333333332
 21
102550.0
 31
0.0
  0
LINE
  5
EE1
330
17
100
AcDbEntity
  8
ARR_SECONDARY
100
AcDbLine
 10
8133.333333333332
 20
101000.0
 30
0.0
 11
8133.333333333332
 21
101250.0
 31
0.0
  0
LINE
  5
EE2
330
17
100
AcDbEntity
  8
ARR_SECONDARY
100
AcDbLine
 10
8900.0
 20
116856.0
 30
0.0
 11
8900.0
 21
116606.0
 31
0.0
  0
LINE
  5
EE3
330
17
100
AcDbEntity
  8
ARR_SECONDARY
100
AcDbLine
 10
8900.0
 20
102800.0
 30
0.0
 11
8900.0
 21
102550.0
 31
0.0
  0
LINE
  5
EE4
330
17
100
AcDbEntity
  8
ARR_SECONDARY
100
AcDbLine
 10
8900.0
 20
101000.0
 30
0.0
 11
8900.0
 21
101250.0
 31
0.0
  0
LINE
  5
EE5
330
17
100
AcDbEntity
  8
ARR_SECONDARY
100
AcDbLine
 10
9666.666666666666
 20
116886.6666666666
 30
0.0
 11
9666.666666666666
 21
116636.6666666666
 31
0.0
  0
LINE
  5
EE6
330
17
100
AcDbEntity
  8
ARR_SECONDARY
100
AcDbLine
 10
9666.666666666666
 20
102800.0
 30
0.0
 11
9666.666666666666
 21
102550.0
 31
0.0
  0
LINE
  5
EE7
330
17
100
AcDbEntity
  8
ARR_SECONDARY
100
AcDbLine
 10
9666.666666666666
 20
101000.0
 30
0.0
 11
9666.666666666666
 21
101250.0
 31
0.0
  0
LINE
  5
EE8
330
17
100
AcDbEntity
  8
ARR_SECONDARY
100
AcDbLine
 10
10433.33333333333
 20
116917.3333333334
 30
0.0
 11
10433.33333333333
 21
116667.3333333333
 31
0.0
  0
LINE
  5
EE9
330
17
100
AcDbEntity
  8
ARR_SECONDARY
100
AcDbLine
 10
10433.33333333333
 20
102800.0
 30
0.0
 11
10433.33333333333
 21
102550.0
 31
0.0
  0
LINE
  5
EEA
330
17
100
AcDbEntity
  8
ARR_SECONDARY
100
AcDbLine
 10
10433.33333333333
 20
101000.0
 30
0.0
 11
10433.33333333333
 21
101250.0
 31
0.0
  0
LINE
  5
EEB
330
17
100
AcDbEntity
  8
ARR_SECONDARY
100
AcDbLine
 10
11200.0
 20
116948.0
 30
0.0
 11
11200.0
 21
116698.0
 31
0.0
  0
LINE
  5
EEC
330
17
100
AcDbEntity
  8
ARR_SECONDARY
100
AcDbLine
 10
11200.0
 20
102800.0
 30
0.0
 11
11200.0
 21
102550.0
 31
0.0
  0
LINE
  5
EED
330
17
100
AcDbEntity
  8
ARR_SECONDARY
100
AcDbLine
 10
11200.0
 20
101000.0
 30
0.0
 11
11200.0
 21
101250.0
 31
0.0
  0
LINE
  5
EEE
330
17
100
AcDbEntity
  8
ARR_SECONDARY
100
AcDbLine
 10
11966.66666666666
 20
116978.6666666666
 30
0.0
 11
11966.66666666666
 21
116728.6666666666
 31
0.0
  0
LINE
  5
EEF
330
17
100
AcDbEntity
  8
ARR_SECONDARY
100
AcDbLine
 10
11966.66666666666
 20
102800.0
 30
0.0
 11
11966.66666666666
 21
102550.0
 31
0.0
  0
LINE
  5
EF0
330
17
100
AcDbEntity
  8
ARR_SECONDARY
100
AcDbLine
 10
11966.66666666666
 20
101000.0
 30
0.0
 11
11966.66666666666
 21
101250.0
 31
0.0
  0
LINE
  5
EF1
330
17
100
AcDbEntity
  8
ARR_SECONDARY
100
AcDbLine
 10
12733.33333333333
 20
117009.3333333333
 30
0.0
 11
12733.33333333333
 21
116759.3333333333
 31
0.0
  0
LINE
  5
EF2
330
17
100
AcDbEntity
  8
ARR_SECONDARY
100
AcDbLine
 10
12733.33333333333
 20
102800.0
 30
0.0
 11
12733.33333333333
 21
102550.0
 31
0.0
  0
LINE
  5
EF3
330
17
100
AcDbEntity
  8
ARR_SECONDARY
100
AcDbLine
 10
12733.33333333333
 20
101000.0
 30
0.0
 11
12733.33333333333
 21
101250.0
 31
0.0
  0
LINE
  5
EF4
330
17
100
AcDbEntity
  8
ARR_SECONDARY
100
AcDbLine
 10
14266.66666666666
 20
117009.3333333333
 30
0.0
 11
14266.66666666666
 21
116759.3333333333
 31
0.0
  0
LINE
  5
EF5
330
17
100
AcDbEntity
  8
ARR_SECONDARY
100
AcDbLine
 10
14266.66666666666
 20
102800.0
 30
0.0
 11
14266.66666666666
 21
102550.0
 31
0.0
  0
LINE
  5
EF6
330
17
100
AcDbEntity
  8
ARR_SECONDARY
100
AcDbLine
 10
14266.66666666666
 20
101000.0
 30
0.0
 11
14266.66666666666
 21
101250.0
 31
0.0
  0
LINE
  5
EF7
330
17
100
AcDbEntity
  8
ARR_SECONDARY
100
AcDbLine
 10
15033.33333333333
 20
116978.6666666666
 30
0.0
 11
15033.33333333333
 21
116728.6666666666
 31
0.0
  0
LINE
  5
EF8
330
17
100
AcDbEntity
  8
ARR_SECONDARY
100
AcDbLine
 10
15033.33333333333
 20
102800.0
 30
0.0
 11
15033.33333333333
 21
102550.0
 31
0.0
  0
LINE
  5
EF9
330
17
100
AcDbEntity
  8
ARR_SECONDARY
100
AcDbLine
 10
15033.33333333333
 20
101000.0
 30
0.0
 11
15033.33333333333
 21
101250.0
 31
0.0
  0
LINE
  5
EFA
330
17
100
AcDbEntity
  8
ARR_SECONDARY
100
AcDbLine
 10
15800.0
 20
116948.0
 30
0.0
 11
15800.0
 21
116698.0
 31
0.0
  0
LINE
  5
EFB
330
17
100
AcDbEntity
  8
ARR_SECONDARY
100
AcDbLine
 10
15800.0
 20
102800.0
 30
0.0
 11
15800.0
 21
102550.0
 31
0.0
  0
LINE
  5
EFC
330
17
100
AcDbEntity
  8
ARR_SECONDARY
100
AcDbLine
 10
15800.0
 20
101000.0
 30
0.0
 11
15800.0
 21
101250.0
 31
0.0
  0
LINE
  5
EFD
330
17
100
AcDbEntity
  8
ARR_SECONDARY
100
AcDbLine
 10
16566.66666666667
 20
116917.3333333334
 30
0.0
 11
16566.66666666667
 21
116667.3333333333
 31
0.0
  0
LINE
  5
EFE
330
17
100
AcDbEntity
  8
ARR_SECONDARY
100
AcDbLine
 10
16566.66666666667
 20
102800.0
 30
0.0
 11
16566.66666666667
 21
102550.0
 31
0.0
  0
LINE
  5
EFF
330
17
100
AcDbEntity
  8
ARR_SECONDARY
100
AcDbLine
 10
16566.66666666667
 20
101000.0
 30
0.0
 11
16566.66666666667
 21
101250.0
 31
0.0
  0
LINE
  5
F00
330
17
100
AcDbEntity
  8
ARR_SECONDARY
100
AcDbLine
 10
17333.33333333333
 20
116886.6666666666
 30
0.0
 11
17333.33333333333
 21
116636.6666666666
 31
0.0
  0
LINE
  5
F01
330
17
100
AcDbEntity
  8
ARR_SECONDARY
100
AcDbLine
 10
17333.33333333333
 20
102800.0
 30
0.0
 11
17333.33333333333
 21
102550.0
 31
0.0
  0
LINE
  5
F02
330
17
100
AcDbEntity
  8
ARR_SECONDARY
100
AcDbLine
 10
17333.33333333333
 20
101000.0
 30
0.0
 11
17333.33333333333
 21
101250.0
 31
0.0
  0
LINE
  5
F03
330
17
100
AcDbEntity
  8
ARR_SECONDARY
100
AcDbLine
 10
18100.0
 20
116856.0
 30
0.0
 11
18100.0
 21
116606.0
 31
0.0
  0
LINE
  5
F04
330
17
100
AcDbEntity
  8
ARR_SECONDARY
100
AcDbLine
 10
18100.0
 20
102800.0
 30
0.0
 11
18100.0
 21
102550.0
 31
0.0
  0
LINE
  5
F05
330
17
100
AcDbEntity
  8
ARR_SECONDARY
100
AcDbLine
 10
18100.0
 20
101000.0
 30
0.0
 11
18100.0
 21
101250.0
 31
0.0
  0
LINE
  5
F06
330
17
100
AcDbEntity
  8
ARR_SECONDARY
100
AcDbLine
 10
18866.66666666667
 20
116825.3333333333
 30
0.0
 11
18866.66666666667
 21
116575.3333333333
 31
0.0
  0
LINE
  5
F07
330
17
100
AcDbEntity
  8
ARR_SECONDARY
100
AcDbLine
 10
18866.66666666667
 20
102800.0
 30
0.0
 11
18866.66666666667
 21
102550.0
 31
0.0
  0
LINE
  5
F08
330
17
100
AcDbEntity
  8
ARR_SECONDARY
100
AcDbLine
 10
18866.66666666667
 20
101000.0
 30
0.0
 11
18866.66666666667
 21
101250.0
 31
0.0
  0
LINE
  5
F09
330
17
100
AcDbEntity
  8
ARR_SECONDARY
100
AcDbLine
 10
19633.33333333333
 20
116794.6666666666
 30
0.0
 11
19633.33333333333
 21
116544.6666666666
 31
0.0
  0
LINE
  5
F0A
330
17
100
AcDbEntity
  8
ARR_SECONDARY
100
AcDbLine
 10
19633.33333333333
 20
102800.0
 30
0.0
 11
19633.33333333333
 21
102550.0
 31
0.0
  0
LINE
  5
F0B
330
17
100
AcDbEntity
  8
ARR_SECONDARY
100
AcDbLine
 10
19633.33333333333
 20
101000.0
 30
0.0
 11
19633.33333333333
 21
101250.0
 31
0.0
  0
LINE
  5
F0C
330
17
100
AcDbEntity
  8
ARR_SECONDARY
100
AcDbLine
 10
20400.0
 20
116764.0
 30
0.0
 11
20400.0
 21
116514.0
 31
0.0
  0
LINE
  5
F0D
330
17
100
AcDbEntity
  8
ARR_SECONDARY
100
AcDbLine
 10
20400.0
 20
102800.0
 30
0.0
 11
20400.0
 21
102550.0
 31
0.0
  0
LINE
  5
F0E
330
17
100
AcDbEntity
  8
ARR_SECONDARY
100
AcDbLine
 10
20400.0
 20
101000.0
 30
0.0
 11
20400.0
 21
101250.0
 31
0.0
  0
LINE
  5
F0F
330
17
100
AcDbEntity
  8
ARR_SECONDARY
100
AcDbLine
 10
21166.66666666667
 20
116733.3333333333
 30
0.0
 11
21166.66666666667
 21
116483.3333333334
 31
0.0
  0
LINE
  5
F10
330
17
100
AcDbEntity
  8
ARR_SECONDARY
100
AcDbLine
 10
21166.66666666667
 20
102800.0
 30
0.0
 11
21166.66666666667
 21
102550.0
 31
0.0
  0
LINE
  5
F11
330
17
100
AcDbEntity
  8
ARR_SECONDARY
100
AcDbLine
 10
21166.66666666667
 20
101000.0
 30
0.0
 11
21166.66666666667
 21
101250.0
 31
0.0
  0
LINE
  5
F12
330
17
100
AcDbEntity
  8
ARR_SECONDARY
100
AcDbLine
 10
21933.33333333334
 20
116702.6666666666
 30
0.0
 11
21933.33333333334
 21
116452.6666666666
 31
0.0
  0
LINE
  5
F13
330
17
100
AcDbEntity
  8
ARR_SECONDARY
100
AcDbLine
 10
21933.33333333334
 20
102800.0
 30
0.0
 11
21933.33333333334
 21
102550.0
 31
0.0
  0
LINE
  5
F14
330
17
100
AcDbEntity
  8
ARR_SECONDARY
100
AcDbLine
 10
21933.33333333334
 20
101000.0
 30
0.0
 11
21933.33333333334
 21
101250.0
 31
0.0
  0
LINE
  5
F15
330
17
100
AcDbEntity
  8
ARR_SECONDARY
100
AcDbLine
 10
22700.0
 20
116672.0
 30
0.0
 11
22700.0
 21
116422.0
 31
0.0
  0
LINE
  5
F16
330
17
100
AcDbEntity
  8
ARR_SECONDARY
100
AcDbLine
 10
22700.0
 20
102800.0
 30
0.0
 11
22700.0
 21
102550.0
 31
0.0
  0
LINE
  5
F17
330
17
100
AcDbEntity
  8
ARR_SECONDARY
100
AcDbLine
 10
22700.0
 20
101000.0
 30
0.0
 11
22700.0
 21
101250.0
 31
0.0
  0
LINE
  5
F18
330
17
100
AcDbEntity
  8
ARR_SECONDARY
100
AcDbLine
 10
23466.66666666667
 20
116641.3333333333
 30
0.0
 11
23466.66666666667
 21
116391.3333333334
 31
0.0
  0
LINE
  5
F19
330
17
100
AcDbEntity
  8
ARR_SECONDARY
100
AcDbLine
 10
23466.66666666667
 20
102800.0
 30
0.0
 11
23466.66666666667
 21
102550.0
 31
0.0
  0
LINE
  5
F1A
330
17
100
AcDbEntity
  8
ARR_SECONDARY
100
AcDbLine
 10
23466.66666666667
 20
101000.0
 30
0.0
 11
23466.66666666667
 21
101250.0
 31
0.0
  0
LINE
  5
F1B
330
17
100
AcDbEntity
  8
ARR_SECONDARY
100
AcDbLine
 10
24233.33333333333
 20
116610.6666666666
 30
0.0
 11
24233.33333333333
 21
116360.6666666666
 31
0.0
  0
LINE
  5
F1C
330
17
100
AcDbEntity
  8
ARR_SECONDARY
100
AcDbLine
 10
24233.33333333333
 20
102800.0
 30
0.0
 11
24233.33333333333
 21
102550.0
 31
0.0
  0
LINE
  5
F1D
330
17
100
AcDbEntity
  8
ARR_SECONDARY
100
AcDbLine
 10
24233.33333333333
 20
101000.0
 30
0.0
 11
24233.33333333333
 21
101250.0
 31
0.0
  0
LINE
  5
F1E
330
17
100
AcDbEntity
  8
ARR_SECONDARY
100
AcDbLine
 10
25666.66666666667
 20
116553.3333333333
 30
0.0
 11
25666.66666666667
 21
116303.3333333333
 31
0.0
  0
LINE
  5
F1F
330
17
100
AcDbEntity
  8
ARR_SECONDARY
100
AcDbLine
 10
26333.33333333333
 20
116526.6666666666
 30
0.0
 11
26333.33333333333
 21
116276.6666666666
 31
0.0
  0
LINE
  5
F20
330
17
100
AcDbEntity
  8
ARR_CENTER
100
AcDbLine
 10
13500.0
 20
99100.0
 30
0.0
 11
13500.0
 21
99557.32142857142
 31
0.0
  0
LINE
  5
F21
330
17
100
AcDbEntity
  8
ARR_CENTER
100
AcDbLine
 10
13500.0
 20
99803.57142857142
 30
0.0
 11
13500.0
 21
100260.8928571429
 31
0.0
  0
LINE
  5
F22
330
17
100
AcDbEntity
  8
ARR_CENTER
100
AcDbLine
 10
13500.0
 20
100507.1428571429
 30
0.0
 11
13500.0
 21
100964.4642857143
 31
0.0
  0
LINE
  5
F23
330
17
100
AcDbEntity
  8
ARR_CENTER
100
AcDbLine
 10
13500.0
 20
101210.7142857143
 30
0.0
 11
13500.0
 21
101668.0357142857
 31
0.0
  0
LINE
  5
F24
330
17
100
AcDbEntity
  8
ARR_CENTER
100
AcDbLine
 10
13500.0
 20
101914.2857142857
 30
0.0
 11
13500.0
 21
102371.6071428571
 31
0.0
  0
LINE
  5
F25
330
17
100
AcDbEntity
  8
ARR_CENTER
100
AcDbLine
 10
13500.0
 20
102617.8571428571
 30
0.0
 11
13500.0
 21
103075.1785714286
 31
0.0
  0
LINE
  5
F26
330
17
100
AcDbEntity
  8
ARR_CENTER
100
AcDbLine
 10
13500.0
 20
103321.4285714286
 30
0.0
 11
13500.0
 21
103778.75
 31
0.0
  0
LINE
  5
F27
330
17
100
AcDbEntity
  8
ARR_CENTER
100
AcDbLine
 10
13500.0
 20
104025.0
 30
0.0
 11
13500.0
 21
104482.3214285714
 31
0.0
  0
LINE
  5
F28
330
17
100
AcDbEntity
  8
ARR_CENTER
100
AcDbLine
 10
13500.0
 20
104728.5714285714
 30
0.0
 11
13500.0
 21
105185.8928571429
 31
0.0
  0
LINE
  5
F29
330
17
100
AcDbEntity
  8
ARR_CENTER
100
AcDbLine
 10
13500.0
 20
105432.1428571428
 30
0.0
 11
13500.0
 21
105889.4642857143
 31
0.0
  0
LINE
  5
F2A
330
17
100
AcDbEntity
  8
ARR_CENTER
100
AcDbLine
 10
13500.0
 20
106135.7142857143
 30
0.0
 11
13500.0
 21
106593.0357142857
 31
0.0
  0
LINE
  5
F2B
330
17
100
AcDbEntity
  8
ARR_CENTER
100
AcDbLine
 10
13500.0
 20
106839.2857142857
 30
0.0
 11
13500.0
 21
107296.6071428571
 31
0.0
  0
LINE
  5
F2C
330
17
100
AcDbEntity
  8
ARR_CENTER
100
AcDbLine
 10
13500.0
 20
107542.8571428571
 30
0.0
 11
13500.0
 21
108000.1785714286
 31
0.0
  0
LINE
  5
F2D
330
17
100
AcDbEntity
  8
ARR_CENTER
100
AcDbLine
 10
13500.0
 20
108246.4285714286
 30
0.0
 11
13500.0
 21
108703.75
 31
0.0
  0
LINE
  5
F2E
330
17
100
AcDbEntity
  8
ARR_CENTER
100
AcDbLine
 10
13500.0
 20
108950.0
 30
0.0
 11
13500.0
 21
109407.3214285714
 31
0.0
  0
LINE
  5
F2F
330
17
100
AcDbEntity
  8
ARR_CENTER
100
AcDbLine
 10
13500.0
 20
109653.5714285714
 30
0.0
 11
13500.0
 21
110110.8928571429
 31
0.0
  0
LINE
  5
F30
330
17
100
AcDbEntity
  8
ARR_CENTER
100
AcDbLine
 10
13500.0
 20
110357.1428571429
 30
0.0
 11
13500.0
 21
110814.4642857143
 31
0.0
  0
LINE
  5
F31
330
17
100
AcDbEntity
  8
ARR_CENTER
100
AcDbLine
 10
13500.0
 20
111060.7142857142
 30
0.0
 11
13500.0
 21
111518.0357142857
 31
0.0
  0
LINE
  5
F32
330
17
100
AcDbEntity
  8
ARR_CENTER
100
AcDbLine
 10
13500.0
 20
111764.2857142857
 30
0.0
 11
13500.0
 21
112221.6071428571
 31
0.0
  0
LINE
  5
F33
330
17
100
AcDbEntity
  8
ARR_CENTER
100
AcDbLine
 10
13500.0
 20
112467.8571428571
 30
0.0
 11
13500.0
 21
112925.1785714286
 31
0.0
  0
LINE
  5
F34
330
17
100
AcDbEntity
  8
ARR_CENTER
100
AcDbLine
 10
13500.0
 20
113171.4285714286
 30
0.0
 11
13500.0
 21
113628.75
 31
0.0
  0
LINE
  5
F35
330
17
100
AcDbEntity
  8
ARR_CENTER
100
AcDbLine
 10
13500.0
 20
113875.0
 30
0.0
 11
13500.0
 21
114332.3214285714
 31
0.0
  0
LINE
  5
F36
330
17
100
AcDbEntity
  8
ARR_CENTER
100
AcDbLine
 10
13500.0
 20
114578.5714285714
 30
0.0
 11
13500.0
 21
115035.8928571428
 31
0.0
  0
LINE
  5
F37
330
17
100
AcDbEntity
  8
ARR_CENTER
100
AcDbLine
 10
13500.0
 20
115282.1428571428
 30
0.0
 11
13500.0
 21
115739.4642857143
 31
0.0
  0
LINE
  5
F38
330
17
100
AcDbEntity
  8
ARR_CENTER
100
AcDbLine
 10
13500.0
 20
115985.7142857143
 30
0.0
 11
13500.0
 21
116443.0357142857
 31
0.0
  0
LINE
  5
F39
330
17
100
AcDbEntity
  8
ARR_CENTER
100
AcDbLine
 10
13500.0
 20
116689.2857142857
 30
0.0
 11
13500.0
 21
117146.6071428571
 31
0.0
  0
LINE
  5
F3A
330
17
100
AcDbEntity
  8
ARR_CENTER
100
AcDbLine
 10
13500.0
 20
117392.8571428571
 30
0.0
 11
13500.0
 21
117850.1785714285
 31
0.0
  0
LINE
  5
F3B
330
17
100
AcDbEntity
  8
ARR_CENTER
100
AcDbLine
 10
13500.0
 20
118096.4285714286
 30
0.0
 11
13500.0
 21
118553.75
 31
0.0
  0
TEXT
  5
F3C
330
17
100
AcDbEntity
  8
ARR_NOTE
100
AcDbText
 10
13800.0
 20
118900.0
 30
0.0
 40
260.0
  1
ДП
  7
unicode
100
AcDbText
  0
LINE
  5
F3D
330
17
100
AcDbEntity
  8
ARR_WATER
100
AcDbLine
 10
-1000.0
 20
110400.0
 30
0.0
 11
-548.0952380952381
 21
110400.0
 31
0.0
  0
LINE
  5
F3E
330
17
100
AcDbEntity
  8
ARR_WATER
100
AcDbLine
 10
-304.7619047619048
 20
110400.0
 30
0.0
 11
147.1428571428571
 21
110400.0
 31
0.0
  0
LINE
  5
F3F
330
17
100
AcDbEntity
  8
ARR_WATER
100
AcDbLine
 10
390.4761904761903
 20
110400.0
 30
0.0
 11
842.3809523809522
 21
110400.0
 31
0.0
  0
LINE
  5
F40
330
17
100
AcDbEntity
  8
ARR_WATER
100
AcDbLine
 10
1085.714285714286
 20
110400.0
 30
0.0
 11
1537.619047619047
 21
110400.0
 31
0.0
  0
LINE
  5
F41
330
17
100
AcDbEntity
  8
ARR_WATER
100
AcDbLine
 10
1780.952380952381
 20
110400.0
 30
0.0
 11
2232.857142857143
 21
110400.0
 31
0.0
  0
LINE
  5
F42
330
17
100
AcDbEntity
  8
ARR_WATER
100
AcDbLine
 10
2476.190476190476
 20
110400.0
 30
0.0
 11
2928.095238095238
 21
110400.0
 31
0.0
  0
LINE
  5
F43
330
17
100
AcDbEntity
  8
ARR_WATER
100
AcDbLine
 10
3171.428571428572
 20
110400.0
 30
0.0
 11
3623.333333333334
 21
110400.0
 31
0.0
  0
LINE
  5
F44
330
17
100
AcDbEntity
  8
ARR_WATER
100
AcDbLine
 10
3866.666666666667
 20
110400.0
 30
0.0
 11
4318.571428571428
 21
110400.0
 31
0.0
  0
LINE
  5
F45
330
17
100
AcDbEntity
  8
ARR_WATER
100
AcDbLine
 10
4561.904761904762
 20
110400.0
 30
0.0
 11
5013.809523809524
 21
110400.0
 31
0.0
  0
LINE
  5
F46
330
17
100
AcDbEntity
  8
ARR_WATER
100
AcDbLine
 10
5257.142857142857
 20
110400.0
 30
0.0
 11
5709.047619047618
 21
110400.0
 31
0.0
  0
LINE
  5
F47
330
17
100
AcDbEntity
  8
ARR_WATER
100
AcDbLine
 10
5952.380952380952
 20
110400.0
 30
0.0
 11
6404.285714285714
 21
110400.0
 31
0.0
  0
LINE
  5
F48
330
17
100
AcDbEntity
  8
ARR_WATER
100
AcDbLine
 10
6647.619047619048
 20
110400.0
 30
0.0
 11
7099.523809523811
 21
110400.0
 31
0.0
  0
LINE
  5
F49
330
17
100
AcDbEntity
  8
ARR_WATER
100
AcDbLine
 10
7342.857142857143
 20
110400.0
 30
0.0
 11
7794.761904761905
 21
110400.0
 31
0.0
  0
LINE
  5
F4A
330
17
100
AcDbEntity
  8
ARR_WATER
100
AcDbLine
 10
8038.095238095237
 20
110400.0
 30
0.0
 11
8490.0
 21
110400.0
 31
0.0
  0
LINE
  5
F4B
330
17
100
AcDbEntity
  8
ARR_WATER
100
AcDbLine
 10
8733.333333333332
 20
110400.0
 30
0.0
 11
9185.238095238096
 21
110400.0
 31
0.0
  0
LINE
  5
F4C
330
17
100
AcDbEntity
  8
ARR_WATER
100
AcDbLine
 10
9428.571428571428
 20
110400.0
 30
0.0
 11
9880.476190476191
 21
110400.0
 31
0.0
  0
LINE
  5
F4D
330
17
100
AcDbEntity
  8
ARR_WATER
100
AcDbLine
 10
10123.80952380952
 20
110400.0
 30
0.0
 11
10575.71428571428
 21
110400.0
 31
0.0
  0
LINE
  5
F4E
330
17
100
AcDbEntity
  8
ARR_WATER
100
AcDbLine
 10
10819.04761904762
 20
110400.0
 30
0.0
 11
11270.95238095238
 21
110400.0
 31
0.0
  0
LINE
  5
F4F
330
17
100
AcDbEntity
  8
ARR_WATER
100
AcDbLine
 10
11514.28571428571
 20
110400.0
 30
0.0
 11
11966.19047619047
 21
110400.0
 31
0.0
  0
LINE
  5
F50
330
17
100
AcDbEntity
  8
ARR_WATER
100
AcDbLine
 10
12209.52380952381
 20
110400.0
 30
0.0
 11
12661.42857142857
 21
110400.0
 31
0.0
  0
LINE
  5
F51
330
17
100
AcDbEntity
  8
ARR_WATER
100
AcDbLine
 10
12904.7619047619
 20
110400.0
 30
0.0
 11
13356.66666666666
 21
110400.0
 31
0.0
  0
LINE
  5
F52
330
17
100
AcDbEntity
  8
ARR_WATER
100
AcDbLine
 10
13600.0
 20
110400.0
 30
0.0
 11
14051.90476190476
 21
110400.0
 31
0.0
  0
LINE
  5
F53
330
17
100
AcDbEntity
  8
ARR_WATER
100
AcDbLine
 10
14295.23809523809
 20
110400.0
 30
0.0
 11
14747.14285714286
 21
110400.0
 31
0.0
  0
LINE
  5
F54
330
17
100
AcDbEntity
  8
ARR_WATER
100
AcDbLine
 10
14990.47619047619
 20
110400.0
 30
0.0
 11
15442.38095238095
 21
110400.0
 31
0.0
  0
LINE
  5
F55
330
17
100
AcDbEntity
  8
ARR_WATER
100
AcDbLine
 10
15685.71428571428
 20
110400.0
 30
0.0
 11
16137.61904761904
 21
110400.0
 31
0.0
  0
LINE
  5
F56
330
17
100
AcDbEntity
  8
ARR_WATER
100
AcDbLine
 10
16380.95238095238
 20
110400.0
 30
0.0
 11
16832.85714285714
 21
110400.0
 31
0.0
  0
LINE
  5
F57
330
17
100
AcDbEntity
  8
ARR_WATER
100
AcDbLine
 10
17076.19047619048
 20
110400.0
 30
0.0
 11
17528.09523809523
 21
110400.0
 31
0.0
  0
LINE
  5
F58
330
17
100
AcDbEntity
  8
ARR_WATER
100
AcDbLine
 10
17771.42857142857
 20
110400.0
 30
0.0
 11
18223.33333333333
 21
110400.0
 31
0.0
  0
LINE
  5
F59
330
17
100
AcDbEntity
  8
ARR_WATER
100
AcDbLine
 10
18466.66666666666
 20
110400.0
 30
0.0
 11
18918.57142857143
 21
110400.0
 31
0.0
  0
LINE
  5
F5A
330
17
100
AcDbEntity
  8
ARR_WATER
100
AcDbLine
 10
19161.90476190476
 20
110400.0
 30
0.0
 11
19613.80952380952
 21
110400.0
 31
0.0
  0
LINE
  5
F5B
330
17
100
AcDbEntity
  8
ARR_WATER
100
AcDbLine
 10
19857.14285714286
 20
110400.0
 30
0.0
 11
20309.04761904762
 21
110400.0
 31
0.0
  0
LINE
  5
F5C
330
17
100
AcDbEntity
  8
ARR_WATER
100
AcDbLine
 10
20552.38095238096
 20
110400.0
 30
0.0
 11
21004.28571428571
 21
110400.0
 31
0.0
  0
LINE
  5
F5D
330
17
100
AcDbEntity
  8
ARR_WATER
100
AcDbLine
 10
21247.61904761905
 20
110400.0
 30
0.0
 11
21699.52380952381
 21
110400.0
 31
0.0
  0
LINE
  5
F5E
330
17
100
AcDbEntity
  8
ARR_WATER
100
AcDbLine
 10
21942.85714285714
 20
110400.0
 30
0.0
 11
22394.7619047619
 21
110400.0
 31
0.0
  0
LINE
  5
F5F
330
17
100
AcDbEntity
  8
ARR_WATER
100
AcDbLine
 10
22638.09523809524
 20
110400.0
 30
0.0
 11
23090.0
 21
110400.0
 31
0.0
  0
LINE
  5
F60
330
17
100
AcDbEntity
  8
ARR_WATER
100
AcDbLine
 10
23333.33333333333
 20
110400.0
 30
0.0
 11
23785.23809523809
 21
110400.0
 31
0.0
  0
LINE
  5
F61
330
17
100
AcDbEntity
  8
ARR_WATER
100
AcDbLine
 10
24028.57142857143
 20
110400.0
 30
0.0
 11
24480.47619047619
 21
110400.0
 31
0.0
  0
LINE
  5
F62
330
17
100
AcDbEntity
  8
ARR_WATER
100
AcDbLine
 10
24723.80952380953
 20
110400.0
 30
0.0
 11
25175.71428571428
 21
110400.0
 31
0.0
  0
LINE
  5
F63
330
17
100
AcDbEntity
  8
ARR_WATER
100
AcDbLine
 10
25419.04761904762
 20
110400.0
 30
0.0
 11
25870.95238095238
 21
110400.0
 31
0.0
  0
LINE
  5
F64
330
17
100
AcDbEntity
  8
ARR_WATER
100
AcDbLine
 10
26114.28571428572
 20
110400.0
 30
0.0
 11
26566.19047619048
 21
110400.0
 31
0.0
  0
LINE
  5
F65
330
17
100
AcDbEntity
  8
ARR_WATER
100
AcDbLine
 10
26809.52380952381
 20
110400.0
 30
0.0
 11
27261.42857142857
 21
110400.0
 31
0.0
  0
LINE
  5
F66
330
17
100
AcDbEntity
  8
ARR_WATER
100
AcDbLine
 10
27504.76190476191
 20
110400.0
 30
0.0
 11
27956.66666666666
 21
110400.0
 31
0.0
  0
TEXT
  5
F67
330
17
100
AcDbEntity
  8
ARR_NOTE
100
AcDbText
 10
27250.0
 20
110750.0
 30
0.0
 40
230.0
  1
КВЛ
  7
unicode
100
AcDbText
  0
LWPOLYLINE
  5
F68
330
17
100
AcDbEntity
  8
ARR_NOTE
100
AcDbPolyline
 90
        2
 70
     0
 43
0.0
 10
450.0
 20
101450.0
 10
-1400.0
 20
100000.0
  0
TEXT
  5
F69
330
17
100
AcDbEntity
  8
ARR_NOTE
100
AcDbText
 10
-2400.0
 20
99900.0
 30
0.0
 40
230.0
  1
R1550
  7
unicode
100
AcDbText
  0
TEXT
  5
F6A
330
17
100
AcDbEntity
  8
ARR_NOTE
100
AcDbText
 10
4619.331514324692
 20
104945.0
 30
0.0
 40
310.0
  1
ГРУЗОВОЙ ТАНК ЛБ
  7
unicode
 72
     1
 11
6750.0
 21
105100.0
 31
0.0
100
AcDbText
 73
     2
  0
TEXT
  5
F6B
330
17
100
AcDbEntity
  8
ARR_NOTE
100
AcDbText
 10
18105.79809004092
 20
104945.0
 30
0.0
 40
310.0
  1
ГРУЗОВОЙ ТАНК ПБ
  7
unicode
 72
     1
 11
20250.0
 21
105100.0
 31
0.0
100
AcDbText
 73
     2
  0
LWPOLYLINE
  5
F6C
330
17
100
AcDbEntity
  8
ARR_NOTE
100
AcDbPolyline
 90
        2
 70
     0
 43
0.0
 10
2000.0
 20
112000.0
 10
4200.0
 20
113800.0
  0
TEXT
  5
F6D
330
17
100
AcDbEntity
  8
ARR_NOTE
100
AcDbText
 10
4200.0
 20
114100.0
 30
0.0
 40
240.0
  1
Внутренний борт
  7
unicode
100
AcDbText
  0
LWPOLYLINE
  5
F6E
330
17
100
AcDbEntity
  8
ARR_NOTE
100
AcDbPolyline
 90
        2
 70
     0
 43
0.0
 10
13500.0
 20
112200.0
 10
15800.0
 20
114000.0
  0
TEXT
  5
F6F
330
17
100
AcDbEntity
  8
ARR_NOTE
100
AcDbText
 10
15800.0
 20
114300.0
 30
0.0
 40
230.0
  1
Продольная переборка
  7
unicode
100
AcDbText
  0
LWPOLYLINE
  5
F70
330
17
100
AcDbEntity
  8
ARR_PLATE_SEAMS
100
AcDbPolyline
 90
        4
 70
     0
 43
0.0
 10
12725.0
 20
101000.0
 10
12773.0
 20
100865.0
 10
12677.0
 20
100865.0
 10
12725.0
 20
101000.0
  0
LWPOLYLINE
  5
F71
330
17
100
AcDbEntity
  8
ARR_PLATE_SEAMS
100
AcDbPolyline
 90
        2
 70
     0
 43
0.0
 10
12725.0
 20
100865.0
 10
12725.0
 20
100550.0
  0
LWPOLYLINE
  5
F72
330
17
100
AcDbEntity
  8
ARR_PLATE_SEAMS
100
AcDbPolyline
 90
        3
 70
     0
 43
0.0
 10
12677.0
 20
100440.0
 10
12725.0
 20
100550.0
 10
12773.0
 20
100440.0
  0
LWPOLYLINE
  5
F73
330
17
100
AcDbEntity
  8
ARR_PLATE_SEAMS
100
AcDbPolyline
 90
        4
 70
     0
 43
0.0
 10
14275.0
 20
101000.0
 10
14323.0
 20
100865.0
 10
14227.0
 20
100865.0
 10
14275.0
 20
101000.0
  0
LWPOLYLINE
  5
F74
330
17
100
AcDbEntity
  8
ARR_PLATE_SEAMS
100
AcDbPolyline
 90
        2
 70
     0
 43
0.0
 10
14275.0
 20
100865.0
 10
14275.0
 20
100550.0
  0
LWPOLYLINE
  5
F75
330
17
100
AcDbEntity
  8
ARR_PLATE_SEAMS
100
AcDbPolyline
 90
        3
 70
     0
 43
0.0
 10
14227.0
 20
100440.0
 10
14275.0
 20
100550.0
 10
14323.0
 20
100440.0
  0
LWPOLYLINE
  5
F76
330
17
100
AcDbEntity
  8
ARR_PLATE_SEAMS
100
AcDbPolyline
 90
        4
 70
     0
 43
0.0
 10
10725.0
 20
101000.0
 10
10773.0
 20
100865.0
 10
10677.0
 20
100865.0
 10
10725.0
 20
101000.0
  0
LWPOLYLINE
  5
F77
330
17
100
AcDbEntity
  8
ARR_PLATE_SEAMS
100
AcDbPolyline
 90
        2
 70
     0
 43
0.0
 10
10725.0
 20
100865.0
 10
10725.0
 20
100550.0
  0
LWPOLYLINE
  5
F78
330
17
100
AcDbEntity
  8
ARR_PLATE_SEAMS
100
AcDbPolyline
 90
        3
 70
     0
 43
0.0
 10
10677.0
 20
100440.0
 10
10725.0
 20
100550.0
 10
10773.0
 20
100440.0
  0
LWPOLYLINE
  5
F79
330
17
100
AcDbEntity
  8
ARR_PLATE_SEAMS
100
AcDbPolyline
 90
        4
 70
     0
 43
0.0
 10
16275.0
 20
101000.0
 10
16323.0
 20
100865.0
 10
16227.0
 20
100865.0
 10
16275.0
 20
101000.0
  0
LWPOLYLINE
  5
F7A
330
17
100
AcDbEntity
  8
ARR_PLATE_SEAMS
100
AcDbPolyline
 90
        2
 70
     0
 43
0.0
 10
16275.0
 20
100865.0
 10
16275.0
 20
100550.0
  0
LWPOLYLINE
  5
F7B
330
17
100
AcDbEntity
  8
ARR_PLATE_SEAMS
100
AcDbPolyline
 90
        3
 70
     0
 43
0.0
 10
16227.0
 20
100440.0
 10
16275.0
 20
100550.0
 10
16323.0
 20
100440.0
  0
LWPOLYLINE
  5
F7C
330
17
100
AcDbEntity
  8
ARR_PLATE_SEAMS
100
AcDbPolyline
 90
        4
 70
     0
 43
0.0
 10
8725.0
 20
101000.0
 10
8773.0
 20
100865.0
 10
8677.0
 20
100865.0
 10
8725.0
 20
101000.0
  0
LWPOLYLINE
  5
F7D
330
17
100
AcDbEntity
  8
ARR_PLATE_SEAMS
100
AcDbPolyline
 90
        2
 70
     0
 43
0.0
 10
8725.0
 20
100865.0
 10
8725.0
 20
100550.0
  0
LWPOLYLINE
  5
F7E
330
17
100
AcDbEntity
  8
ARR_PLATE_SEAMS
100
AcDbPolyline
 90
        3
 70
     0
 43
0.0
 10
8677.0
 20
100440.0
 10
8725.0
 20
100550.0
 10
8773.0
 20
100440.0
  0
LWPOLYLINE
  5
F7F
330
17
100
AcDbEntity
  8
ARR_PLATE_SEAMS
100
AcDbPolyline
 90
        4
 70
     0
 43
0.0
 10
18275.0
 20
101000.0
 10
18323.0
 20
100865.0
 10
18227.0
 20
100865.0
 10
18275.0
 20
101000.0
  0
LWPOLYLINE
  5
F80
330
17
100
AcDbEntity
  8
ARR_PLATE_SEAMS
100
AcDbPolyline
 90
        2
 70
     0
 43
0.0
 10
18275.0
 20
100865.0
 10
18275.0
 20
100550.0
  0
LWPOLYLINE
  5
F81
330
17
100
AcDbEntity
  8
ARR_PLATE_SEAMS
100
AcDbPolyline
 90
        3
 70
     0
 43
0.0
 10
18227.0
 20
100440.0
 10
18275.0
 20
100550.0
 10
18323.0
 20
100440.0
  0
LWPOLYLINE
  5
F82
330
17
100
AcDbEntity
  8
ARR_PLATE_SEAMS
100
AcDbPolyline
 90
        4
 70
     0
 43
0.0
 10
6725.0
 20
101000.0
 10
6773.0
 20
100865.0
 10
6677.0
 20
100865.0
 10
6725.0
 20
101000.0
  0
LWPOLYLINE
  5
F83
330
17
100
AcDbEntity
  8
ARR_PLATE_SEAMS
100
AcDbPolyline
 90
        2
 70
     0
 43
0.0
 10
6725.0
 20
100865.0
 10
6725.0
 20
100550.0
  0
LWPOLYLINE
  5
F84
330
17
100
AcDbEntity
  8
ARR_PLATE_SEAMS
100
AcDbPolyline
 90
        3
 70
     0
 43
0.0
 10
6677.0
 20
100440.0
 10
6725.0
 20
100550.0
 10
6773.0
 20
100440.0
  0
LWPOLYLINE
  5
F85
330
17
100
AcDbEntity
  8
ARR_PLATE_SEAMS
100
AcDbPolyline
 90
        4
 70
     0
 43
0.0
 10
20275.0
 20
101000.0
 10
20323.0
 20
100865.0
 10
20227.0
 20
100865.0
 10
20275.0
 20
101000.0
  0
LWPOLYLINE
  5
F86
330
17
100
AcDbEntity
  8
ARR_PLATE_SEAMS
100
AcDbPolyline
 90
        2
 70
     0
 43
0.0
 10
20275.0
 20
100865.0
 10
20275.0
 20
100550.0
  0
LWPOLYLINE
  5
F87
330
17
100
AcDbEntity
  8
ARR_PLATE_SEAMS
100
AcDbPolyline
 90
        3
 70
     0
 43
0.0
 10
20227.0
 20
100440.0
 10
20275.0
 20
100550.0
 10
20323.0
 20
100440.0
  0
LWPOLYLINE
  5
F88
330
17
100
AcDbEntity
  8
ARR_PLATE_SEAMS
100
AcDbPolyline
 90
        4
 70
     0
 43
0.0
 10
4725.0
 20
101000.0
 10
4773.0
 20
100865.0
 10
4677.0
 20
100865.0
 10
4725.0
 20
101000.0
  0
LWPOLYLINE
  5
F89
330
17
100
AcDbEntity
  8
ARR_PLATE_SEAMS
100
AcDbPolyline
 90
        2
 70
     0
 43
0.0
 10
4725.0
 20
100865.0
 10
4725.0
 20
100550.0
  0
LWPOLYLINE
  5
F8A
330
17
100
AcDbEntity
  8
ARR_PLATE_SEAMS
100
AcDbPolyline
 90
        3
 70
     0
 43
0.0
 10
4677.0
 20
100440.0
 10
4725.0
 20
100550.0
 10
4773.0
 20
100440.0
  0
LWPOLYLINE
  5
F8B
330
17
100
AcDbEntity
  8
ARR_PLATE_SEAMS
100
AcDbPolyline
 90
        4
 70
     0
 43
0.0
 10
22275.0
 20
101000.0
 10
22323.0
 20
100865.0
 10
22227.0
 20
100865.0
 10
22275.0
 20
101000.0
  0
LWPOLYLINE
  5
F8C
330
17
100
AcDbEntity
  8
ARR_PLATE_SEAMS
100
AcDbPolyline
 90
        2
 70
     0
 43
0.0
 10
22275.0
 20
100865.0
 10
22275.0
 20
100550.0
  0
LWPOLYLINE
  5
F8D
330
17
100
AcDbEntity
  8
ARR_PLATE_SEAMS
100
AcDbPolyline
 90
        3
 70
     0
 43
0.0
 10
22227.0
 20
100440.0
 10
22275.0
 20
100550.0
 10
22323.0
 20
100440.0
  0
LWPOLYLINE
  5
F8E
330
17
100
AcDbEntity
  8
ARR_PLATE_SEAMS
100
AcDbPolyline
 90
        4
 70
     0
 43
0.0
 10
2725.0
 20
101000.0
 10
2773.0
 20
100865.0
 10
2677.0
 20
100865.0
 10
2725.0
 20
101000.0
  0
LWPOLYLINE
  5
F8F
330
17
100
AcDbEntity
  8
ARR_PLATE_SEAMS
100
AcDbPolyline
 90
        2
 70
     0
 43
0.0
 10
2725.0
 20
100865.0
 10
2725.0
 20
100550.0
  0
LWPOLYLINE
  5
F90
330
17
100
AcDbEntity
  8
ARR_PLATE_SEAMS
100
AcDbPolyline
 90
        3
 70
     0
 43
0.0
 10
2677.0
 20
100440.0
 10
2725.0
 20
100550.0
 10
2773.0
 20
100440.0
  0
LWPOLYLINE
  5
F91
330
17
100
AcDbEntity
  8
ARR_PLATE_SEAMS
100
AcDbPolyline
 90
        4
 70
     0
 43
0.0
 10
24275.0
 20
101000.0
 10
24323.0
 20
100865.0
 10
24227.0
 20
100865.0
 10
24275.0
 20
101000.0
  0
LWPOLYLINE
  5
F92
330
17
100
AcDbEntity
  8
ARR_PLATE_SEAMS
100
AcDbPolyline
 90
        2
 70
     0
 43
0.0
 10
24275.0
 20
100865.0
 10
24275.0
 20
100550.0
  0
LWPOLYLINE
  5
F93
330
17
100
AcDbEntity
  8
ARR_PLATE_SEAMS
100
AcDbPolyline
 90
        3
 70
     0
 43
0.0
 10
24227.0
 20
100440.0
 10
24275.0
 20
100550.0
 10
24323.0
 20
100440.0
  0
LWPOLYLINE
  5
F94
330
17
100
AcDbEntity
  8
ARR_PLATE_SEAMS
100
AcDbPolyline
 90
        4
 70
     0
 43
0.0
 10
763.4054966231852
 20
101214.4218153708
 10
736.2554933369472
 20
101073.7382082179
 10
653.5358122244302
 20
101122.4563193948
 10
763.4054966231852
 20
101214.4218153708
  0
LWPOLYLINE
  5
F95
330
17
100
AcDbEntity
  8
ARR_PLATE_SEAMS
100
AcDbPolyline
 90
        2
 70
     0
 43
0.0
 10
694.8956527806886
 20
101098.0972638063
 10
535.0393504815293
 20
100826.6733101559
  0
LWPOLYLINE
  5
F96
330
17
100
AcDbEntity
  8
ARR_PLATE_SEAMS
100
AcDbPolyline
 90
        3
 70
     0
 43
0.0
 10
437.8566742017548
 20
100756.2493978029
 10
535.0393504815293
 20
100826.6733101559
 10
520.5763553142721
 20
100707.531286626
  0
LWPOLYLINE
  5
F97
330
17
100
AcDbEntity
  8
ARR_PLATE_SEAMS
100
AcDbPolyline
 90
        4
 70
     0
 43
0.0
 10
26236.59450337681
 20
101214.4218153708
 10
26346.46418777557
 20
101122.4563193948
 10
26263.74450666305
 20
101073.7382082179
 10
26236.59450337681
 20
101214.4218153708
  0
LWPOLYLINE
  5
F98
330
17
100
AcDbEntity
  8
ARR_PLATE_SEAMS
100
AcDbPolyline
 90
        2
 70
     0
 43
0.0
 10
26305.10434721931
 20
101098.0972638063
 10
26464.96064951847
 20
100826.6733101559
  0
LWPOLYLINE
  5
F99
330
17
100
AcDbEntity
  8
ARR_PLATE_SEAMS
100
AcDbPolyline
 90
        3
 70
     0
 43
0.0
 10
26479.42364468574
 20
100707.531286626
 10
26464.96064951847
 20
100826.6733101559
 10
26562.14332579825
 20
100756.2493978029
  0
LWPOLYLINE
  5
F9A
330
17
100
AcDbEntity
  8
ARR_PLATE_SEAMS
100
AcDbPolyline
 90
        4
 70
     0
 43
0.0
 10
0.0
 20
102940.2656934679
 10
-135.0
 20
102892.2656934679
 10
-135.0
 20
102988.2656934679
 10
0.0
 20
102940.2656934679
  0
LWPOLYLINE
  5
F9B
330
17
100
AcDbEntity
  8
ARR_PLATE_SEAMS
100
AcDbPolyline
 90
        2
 70
     0
 43
0.0
 10
-135.0
 20
102940.2656934679
 10
-450.0
 20
102940.2656934679
  0
LWPOLYLINE
  5
F9C
330
17
100
AcDbEntity
  8
ARR_PLATE_SEAMS
100
AcDbPolyline
 90
        3
 70
     0
 43
0.0
 10
-560.0
 20
102988.2656934679
 10
-450.0
 20
102940.2656934679
 10
-560.0
 20
102892.2656934679
  0
LWPOLYLINE
  5
F9D
330
17
100
AcDbEntity
  8
ARR_PLATE_SEAMS
100
AcDbPolyline
 90
        4
 70
     0
 43
0.0
 10
27000.0
 20
102940.2656934679
 10
27135.0
 20
102988.2656934679
 10
27135.0
 20
102892.2656934679
 10
27000.0
 20
102940.2656934679
  0
LWPOLYLINE
  5
F9E
330
17
100
AcDbEntity
  8
ARR_PLATE_SEAMS
100
AcDbPolyline
 90
        2
 70
     0
 43
0.0
 10
27135.0
 20
102940.2656934679
 10
27450.0
 20
102940.2656934679
  0
LWPOLYLINE
  5
F9F
330
17
100
AcDbEntity
  8
ARR_PLATE_SEAMS
100
AcDbPolyline
 90
        3
 70
     0
 43
0.0
 10
27560.0
 20
102892.2656934679
 10
27450.0
 20
102940.2656934679
 10
27560.0
 20
102988.2656934679
  0
LWPOLYLINE
  5
FA0
330
17
100
AcDbEntity
  8
ARR_PLATE_SEAMS
100
AcDbPolyline
 90
        4
 70
     0
 43
0.0
 10
0.0
 20
104940.2656934679
 10
-135.0
 20
104892.2656934679
 10
-135.0
 20
104988.2656934679
 10
0.0
 20
104940.2656934679
  0
LWPOLYLINE
  5
FA1
330
17
100
AcDbEntity
  8
ARR_PLATE_SEAMS
100
AcDbPolyline
 90
        2
 70
     0
 43
0.0
 10
-135.0
 20
104940.2656934679
 10
-450.0
 20
104940.2656934679
  0
LWPOLYLINE
  5
FA2
330
17
100
AcDbEntity
  8
ARR_PLATE_SEAMS
100
AcDbPolyline
 90
        3
 70
     0
 43
0.0
 10
-560.0
 20
104988.2656934679
 10
-450.0
 20
104940.2656934679
 10
-560.0
 20
104892.2656934679
  0
LWPOLYLINE
  5
FA3
330
17
100
AcDbEntity
  8
ARR_PLATE_SEAMS
100
AcDbPolyline
 90
        4
 70
     0
 43
0.0
 10
27000.0
 20
104940.2656934679
 10
27135.0
 20
104988.2656934679
 10
27135.0
 20
104892.2656934679
 10
27000.0
 20
104940.2656934679
  0
LWPOLYLINE
  5
FA4
330
17
100
AcDbEntity
  8
ARR_PLATE_SEAMS
100
AcDbPolyline
 90
        2
 70
     0
 43
0.0
 10
27135.0
 20
104940.2656934679
 10
27450.0
 20
104940.2656934679
  0
LWPOLYLINE
  5
FA5
330
17
100
AcDbEntity
  8
ARR_PLATE_SEAMS
100
AcDbPolyline
 90
        3
 70
     0
 43
0.0
 10
27560.0
 20
104892.2656934679
 10
27450.0
 20
104940.2656934679
 10
27560.0
 20
104988.2656934679
  0
LWPOLYLINE
  5
FA6
330
17
100
AcDbEntity
  8
ARR_PLATE_SEAMS
100
AcDbPolyline
 90
        4
 70
     0
 43
0.0
 10
0.0
 20
106940.2656934679
 10
-135.0
 20
106892.2656934679
 10
-135.0
 20
106988.2656934679
 10
0.0
 20
106940.2656934679
  0
LWPOLYLINE
  5
FA7
330
17
100
AcDbEntity
  8
ARR_PLATE_SEAMS
100
AcDbPolyline
 90
        2
 70
     0
 43
0.0
 10
-135.0
 20
106940.2656934679
 10
-450.0
 20
106940.2656934679
  0
LWPOLYLINE
  5
FA8
330
17
100
AcDbEntity
  8
ARR_PLATE_SEAMS
100
AcDbPolyline
 90
        3
 70
     0
 43
0.0
 10
-560.0
 20
106988.2656934679
 10
-450.0
 20
106940.2656934679
 10
-560.0
 20
106892.2656934679
  0
LWPOLYLINE
  5
FA9
330
17
100
AcDbEntity
  8
ARR_PLATE_SEAMS
100
AcDbPolyline
 90
        4
 70
     0
 43
0.0
 10
27000.0
 20
106940.2656934679
 10
27135.0
 20
106988.2656934679
 10
27135.0
 20
106892.2656934679
 10
27000.0
 20
106940.2656934679
  0
LWPOLYLINE
  5
FAA
330
17
100
AcDbEntity
  8
ARR_PLATE_SEAMS
100
AcDbPolyline
 90
        2
 70
     0
 43
0.0
 10
27135.0
 20
106940.2656934679
 10
27450.0
 20
106940.2656934679
  0
LWPOLYLINE
  5
FAB
330
17
100
AcDbEntity
  8
ARR_PLATE_SEAMS
100
AcDbPolyline
 90
        3
 70
     0
 43
0.0
 10
27560.0
 20
106892.2656934679
 10
27450.0
 20
106940.2656934679
 10
27560.0
 20
106988.2656934679
  0
LWPOLYLINE
  5
FAC
330
17
100
AcDbEntity
  8
ARR_PLATE_SEAMS
100
AcDbPolyline
 90
        4
 70
     0
 43
0.0
 10
0.0
 20
108940.2656934679
 10
-135.0
 20
108892.2656934679
 10
-135.0
 20
108988.2656934679
 10
0.0
 20
108940.2656934679
  0
LWPOLYLINE
  5
FAD
330
17
100
AcDbEntity
  8
ARR_PLATE_SEAMS
100
AcDbPolyline
 90
        2
 70
     0
 43
0.0
 10
-135.0
 20
108940.2656934679
 10
-450.0
 20
108940.2656934679
  0
LWPOLYLINE
  5
FAE
330
17
100
AcDbEntity
  8
ARR_PLATE_SEAMS
100
AcDbPolyline
 90
        3
 70
     0
 43
0.0
 10
-560.0
 20
108988.2656934679
 10
-450.0
 20
108940.2656934679
 10
-560.0
 20
108892.2656934679
  0
LWPOLYLINE
  5
FAF
330
17
100
AcDbEntity
  8
ARR_PLATE_SEAMS
100
AcDbPolyline
 90
        4
 70
     0
 43
0.0
 10
27000.0
 20
108940.2656934679
 10
27135.0
 20
108988.2656934679
 10
27135.0
 20
108892.2656934679
 10
27000.0
 20
108940.2656934679
  0
LWPOLYLINE
  5
FB0
330
17
100
AcDbEntity
  8
ARR_PLATE_SEAMS
100
AcDbPolyline
 90
        2
 70
     0
 43
0.0
 10
27135.0
 20
108940.2656934679
 10
27450.0
 20
108940.2656934679
  0
LWPOLYLINE
  5
FB1
330
17
100
AcDbEntity
  8
ARR_PLATE_SEAMS
100
AcDbPolyline
 90
        3
 70
     0
 43
0.0
 10
27560.0
 20
108892.2656934679
 10
27450.0
 20
108940.2656934679
 10
27560.0
 20
108988.2656934679
  0
LWPOLYLINE
  5
FB2
330
17
100
AcDbEntity
  8
ARR_PLATE_SEAMS
100
AcDbPolyline
 90
        4
 70
     0
 43
0.0
 10
0.0
 20
110940.2656934679
 10
-135.0
 20
110892.2656934679
 10
-135.0
 20
110988.2656934679
 10
0.0
 20
110940.2656934679
  0
LWPOLYLINE
  5
FB3
330
17
100
AcDbEntity
  8
ARR_PLATE_SEAMS
100
AcDbPolyline
 90
        2
 70
     0
 43
0.0
 10
-135.0
 20
110940.2656934679
 10
-450.0
 20
110940.2656934679
  0
LWPOLYLINE
  5
FB4
330
17
100
AcDbEntity
  8
ARR_PLATE_SEAMS
100
AcDbPolyline
 90
        3
 70
     0
 43
0.0
 10
-560.0
 20
110988.2656934679
 10
-450.0
 20
110940.2656934679
 10
-560.0
 20
110892.2656934679
  0
LWPOLYLINE
  5
FB5
330
17
100
AcDbEntity
  8
ARR_PLATE_SEAMS
100
AcDbPolyline
 90
        4
 70
     0
 43
0.0
 10
27000.0
 20
110940.2656934679
 10
27135.0
 20
110988.2656934679
 10
27135.0
 20
110892.2656934679
 10
27000.0
 20
110940.2656934679
  0
LWPOLYLINE
  5
FB6
330
17
100
AcDbEntity
  8
ARR_PLATE_SEAMS
100
AcDbPolyline
 90
        2
 70
     0
 43
0.0
 10
27135.0
 20
110940.2656934679
 10
27450.0
 20
110940.2656934679
  0
LWPOLYLINE
  5
FB7
330
17
100
AcDbEntity
  8
ARR_PLATE_SEAMS
100
AcDbPolyline
 90
        3
 70
     0
 43
0.0
 10
27560.0
 20
110892.2656934679
 10
27450.0
 20
110940.2656934679
 10
27560.0
 20
110988.2656934679
  0
LWPOLYLINE
  5
FB8
330
17
100
AcDbEntity
  8
ARR_PLATE_SEAMS
100
AcDbPolyline
 90
        4
 70
     0
 43
0.0
 10
0.0
 20
112940.2656934679
 10
-135.0
 20
112892.2656934679
 10
-135.0
 20
112988.2656934679
 10
0.0
 20
112940.2656934679
  0
LWPOLYLINE
  5
FB9
330
17
100
AcDbEntity
  8
ARR_PLATE_SEAMS
100
AcDbPolyline
 90
        2
 70
     0
 43
0.0
 10
-135.0
 20
112940.2656934679
 10
-450.0
 20
112940.2656934679
  0
LWPOLYLINE
  5
FBA
330
17
100
AcDbEntity
  8
ARR_PLATE_SEAMS
100
AcDbPolyline
 90
        3
 70
     0
 43
0.0
 10
-560.0
 20
112988.2656934679
 10
-450.0
 20
112940.2656934679
 10
-560.0
 20
112892.2656934679
  0
LWPOLYLINE
  5
FBB
330
17
100
AcDbEntity
  8
ARR_PLATE_SEAMS
100
AcDbPolyline
 90
        4
 70
     0
 43
0.0
 10
27000.0
 20
112940.2656934679
 10
27135.0
 20
112988.2656934679
 10
27135.0
 20
112892.2656934679
 10
27000.0
 20
112940.2656934679
  0
LWPOLYLINE
  5
FBC
330
17
100
AcDbEntity
  8
ARR_PLATE_SEAMS
100
AcDbPolyline
 90
        2
 70
     0
 43
0.0
 10
27135.0
 20
112940.2656934679
 10
27450.0
 20
112940.2656934679
  0
LWPOLYLINE
  5
FBD
330
17
100
AcDbEntity
  8
ARR_PLATE_SEAMS
100
AcDbPolyline
 90
        3
 70
     0
 43
0.0
 10
27560.0
 20
112892.2656934679
 10
27450.0
 20
112940.2656934679
 10
27560.0
 20
112988.2656934679
  0
LWPOLYLINE
  5
FBE
330
17
100
AcDbEntity
  8
ARR_PLATE_SEAMS
100
AcDbPolyline
 90
        4
 70
     0
 43
0.0
 10
0.0
 20
113945.1328467339
 10
-135.0
 20
113897.1328467339
 10
-135.0
 20
113993.1328467339
 10
0.0
 20
113945.1328467339
  0
LWPOLYLINE
  5
FBF
330
17
100
AcDbEntity
  8
ARR_PLATE_SEAMS
100
AcDbPolyline
 90
        2
 70
     0
 43
0.0
 10
-135.0
 20
113945.1328467339
 10
-450.0
 20
113945.1328467339
  0
LWPOLYLINE
  5
FC0
330
17
100
AcDbEntity
  8
ARR_PLATE_SEAMS
100
AcDbPolyline
 90
        3
 70
     0
 43
0.0
 10
-560.0
 20
113993.1328467339
 10
-450.0
 20
113945.1328467339
 10
-560.0
 20
113897.1328467339
  0
LWPOLYLINE
  5
FC1
330
17
100
AcDbEntity
  8
ARR_PLATE_SEAMS
100
AcDbPolyline
 90
        4
 70
     0
 43
0.0
 10
27000.0
 20
113945.1328467339
 10
27135.0
 20
113993.1328467339
 10
27135.0
 20
113897.1328467339
 10
27000.0
 20
113945.1328467339
  0
LWPOLYLINE
  5
FC2
330
17
100
AcDbEntity
  8
ARR_PLATE_SEAMS
100
AcDbPolyline
 90
        2
 70
     0
 43
0.0
 10
27135.0
 20
113945.1328467339
 10
27450.0
 20
113945.1328467339
  0
LWPOLYLINE
  5
FC3
330
17
100
AcDbEntity
  8
ARR_PLATE_SEAMS
100
AcDbPolyline
 90
        3
 70
     0
 43
0.0
 10
27560.0
 20
113897.1328467339
 10
27450.0
 20
113945.1328467339
 10
27560.0
 20
113993.1328467339
  0
LWPOLYLINE
  5
FC4
330
17
100
AcDbEntity
  8
ARR_PLATE_SEAMS
100
AcDbPolyline
 90
        4
 70
     0
 43
0.0
 10
0.0
 20
114950.0
 10
-135.0
 20
114902.0
 10
-135.0
 20
114998.0
 10
0.0
 20
114950.0
  0
LWPOLYLINE
  5
FC5
330
17
100
AcDbEntity
  8
ARR_PLATE_SEAMS
100
AcDbPolyline
 90
        2
 70
     0
 43
0.0
 10
-135.0
 20
114950.0
 10
-450.0
 20
114950.0
  0
LWPOLYLINE
  5
FC6
330
17
100
AcDbEntity
  8
ARR_PLATE_SEAMS
100
AcDbPolyline
 90
        3
 70
     0
 43
0.0
 10
-560.0
 20
114998.0
 10
-450.0
 20
114950.0
 10
-560.0
 20
114902.0
  0
LWPOLYLINE
  5
FC7
330
17
100
AcDbEntity
  8
ARR_PLATE_SEAMS
100
AcDbPolyline
 90
        4
 70
     0
 43
0.0
 10
27000.0
 20
114950.0
 10
27135.0
 20
114998.0
 10
27135.0
 20
114902.0
 10
27000.0
 20
114950.0
  0
LWPOLYLINE
  5
FC8
330
17
100
AcDbEntity
  8
ARR_PLATE_SEAMS
100
AcDbPolyline
 90
        2
 70
     0
 43
0.0
 10
27135.0
 20
114950.0
 10
27450.0
 20
114950.0
  0
LWPOLYLINE
  5
FC9
330
17
100
AcDbEntity
  8
ARR_PLATE_SEAMS
100
AcDbPolyline
 90
        3
 70
     0
 43
0.0
 10
27560.0
 20
114902.0
 10
27450.0
 20
114950.0
 10
27560.0
 20
114998.0
  0
LWPOLYLINE
  5
FCA
330
17
100
AcDbEntity
  8
ARR_PLATE_SEAMS
100
AcDbPolyline
 90
        4
 70
     0
 43
0.0
 10
500.0
 20
116520.0
 10
452.0
 20
116655.0
 10
548.0
 20
116655.0
 10
500.0
 20
116520.0
  0
LWPOLYLINE
  5
FCB
330
17
100
AcDbEntity
  8
ARR_PLATE_SEAMS
100
AcDbPolyline
 90
        2
 70
     0
 43
0.0
 10
500.0
 20
116655.0
 10
500.0
 20
116970.0
  0
LWPOLYLINE
  5
FCC
330
17
100
AcDbEntity
  8
ARR_PLATE_SEAMS
100
AcDbPolyline
 90
        3
 70
     0
 43
0.0
 10
548.0
 20
117080.0
 10
500.0
 20
116970.0
 10
452.0
 20
117080.0
  0
LWPOLYLINE
  5
FCD
330
17
100
AcDbEntity
  8
ARR_PLATE_SEAMS
100
AcDbPolyline
 90
        4
 70
     0
 43
0.0
 10
2500.0
 20
116600.0
 10
2452.0
 20
116735.0
 10
2548.0
 20
116735.0
 10
2500.0
 20
116600.0
  0
LWPOLYLINE
  5
FCE
330
17
100
AcDbEntity
  8
ARR_PLATE_SEAMS
100
AcDbPolyline
 90
        2
 70
     0
 43
0.0
 10
2500.0
 20
116735.0
 10
2500.0
 20
117050.0
  0
LWPOLYLINE
  5
FCF
330
17
100
AcDbEntity
  8
ARR_PLATE_SEAMS
100
AcDbPolyline
 90
        3
 70
     0
 43
0.0
 10
2548.0
 20
117160.0
 10
2500.0
 20
117050.0
 10
2452.0
 20
117160.0
  0
LWPOLYLINE
  5
FD0
330
17
100
AcDbEntity
  8
ARR_PLATE_SEAMS
100
AcDbPolyline
 90
        4
 70
     0
 43
0.0
 10
4500.0
 20
116680.0
 10
4452.0
 20
116815.0
 10
4548.0
 20
116815.0
 10
4500.0
 20
116680.0
  0
LWPOLYLINE
  5
FD1
330
17
100
AcDbEntity
  8
ARR_PLATE_SEAMS
100
AcDbPolyline
 90
        2
 70
     0
 43
0.0
 10
4500.0
 20
116815.0
 10
4500.0
 20
117130.0
  0
LWPOLYLINE
  5
FD2
330
17
100
AcDbEntity
  8
ARR_PLATE_SEAMS
100
AcDbPolyline
 90
        3
 70
     0
 43
0.0
 10
4548.0
 20
117240.0
 10
4500.0
 20
117130.0
 10
4452.0
 20
117240.0
  0
LWPOLYLINE
  5
FD3
330
17
100
AcDbEntity
  8
ARR_PLATE_SEAMS
100
AcDbPolyline
 90
        4
 70
     0
 43
0.0
 10
6500.0
 20
116760.0
 10
6452.0
 20
116895.0
 10
6548.0
 20
116895.0
 10
6500.0
 20
116760.0
  0
LWPOLYLINE
  5
FD4
330
17
100
AcDbEntity
  8
ARR_PLATE_SEAMS
100
AcDbPolyline
 90
        2
 70
     0
 43
0.0
 10
6500.0
 20
116895.0
 10
6500.0
 20
117210.0
  0
LWPOLYLINE
  5
FD5
330
17
100
AcDbEntity
  8
ARR_PLATE_SEAMS
100
AcDbPolyline
 90
        3
 70
     0
 43
0.0
 10
6548.0
 20
117320.0
 10
6500.0
 20
117210.0
 10
6452.0
 20
117320.0
  0
LWPOLYLINE
  5
FD6
330
17
100
AcDbEntity
  8
ARR_PLATE_SEAMS
100
AcDbPolyline
 90
        4
 70
     0
 43
0.0
 10
8500.0
 20
116840.0
 10
8452.0
 20
116975.0
 10
8548.0
 20
116975.0
 10
8500.0
 20
116840.0
  0
LWPOLYLINE
  5
FD7
330
17
100
AcDbEntity
  8
ARR_PLATE_SEAMS
100
AcDbPolyline
 90
        2
 70
     0
 43
0.0
 10
8500.0
 20
116975.0
 10
8500.0
 20
117290.0
  0
LWPOLYLINE
  5
FD8
330
17
100
AcDbEntity
  8
ARR_PLATE_SEAMS
100
AcDbPolyline
 90
        3
 70
     0
 43
0.0
 10
8548.0
 20
117400.0
 10
8500.0
 20
117290.0
 10
8452.0
 20
117400.0
  0
LWPOLYLINE
  5
FD9
330
17
100
AcDbEntity
  8
ARR_PLATE_SEAMS
100
AcDbPolyline
 90
        4
 70
     0
 43
0.0
 10
10500.0
 20
116920.0
 10
10452.0
 20
117055.0
 10
10548.0
 20
117055.0
 10
10500.0
 20
116920.0
  0
LWPOLYLINE
  5
FDA
330
17
100
AcDbEntity
  8
ARR_PLATE_SEAMS
100
AcDbPolyline
 90
        2
 70
     0
 43
0.0
 10
10500.0
 20
117055.0
 10
10500.0
 20
117370.0
  0
LWPOLYLINE
  5
FDB
330
17
100
AcDbEntity
  8
ARR_PLATE_SEAMS
100
AcDbPolyline
 90
        3
 70
     0
 43
0.0
 10
10548.0
 20
117480.0
 10
10500.0
 20
117370.0
 10
10452.0
 20
117480.0
  0
LWPOLYLINE
  5
FDC
330
17
100
AcDbEntity
  8
ARR_PLATE_SEAMS
100
AcDbPolyline
 90
        4
 70
     0
 43
0.0
 10
12500.0
 20
117000.0
 10
12452.0
 20
117135.0
 10
12548.0
 20
117135.0
 10
12500.0
 20
117000.0
  0
LWPOLYLINE
  5
FDD
330
17
100
AcDbEntity
  8
ARR_PLATE_SEAMS
100
AcDbPolyline
 90
        2
 70
     0
 43
0.0
 10
12500.0
 20
117135.0
 10
12500.0
 20
117450.0
  0
LWPOLYLINE
  5
FDE
330
17
100
AcDbEntity
  8
ARR_PLATE_SEAMS
100
AcDbPolyline
 90
        3
 70
     0
 43
0.0
 10
12548.0
 20
117560.0
 10
12500.0
 20
117450.0
 10
12452.0
 20
117560.0
  0
LWPOLYLINE
  5
FDF
330
17
100
AcDbEntity
  8
ARR_PLATE_SEAMS
100
AcDbPolyline
 90
        4
 70
     0
 43
0.0
 10
14500.0
 20
117000.0
 10
14452.0
 20
117135.0
 10
14548.0
 20
117135.0
 10
14500.0
 20
117000.0
  0
LWPOLYLINE
  5
FE0
330
17
100
AcDbEntity
  8
ARR_PLATE_SEAMS
100
AcDbPolyline
 90
        2
 70
     0
 43
0.0
 10
14500.0
 20
117135.0
 10
14500.0
 20
117450.0
  0
LWPOLYLINE
  5
FE1
330
17
100
AcDbEntity
  8
ARR_PLATE_SEAMS
100
AcDbPolyline
 90
        3
 70
     0
 43
0.0
 10
14548.0
 20
117560.0
 10
14500.0
 20
117450.0
 10
14452.0
 20
117560.0
  0
LWPOLYLINE
  5
FE2
330
17
100
AcDbEntity
  8
ARR_PLATE_SEAMS
100
AcDbPolyline
 90
        4
 70
     0
 43
0.0
 10
16500.0
 20
116920.0
 10
16452.0
 20
117055.0
 10
16548.0
 20
117055.0
 10
16500.0
 20
116920.0
  0
LWPOLYLINE
  5
FE3
330
17
100
AcDbEntity
  8
ARR_PLATE_SEAMS
100
AcDbPolyline
 90
        2
 70
     0
 43
0.0
 10
16500.0
 20
117055.0
 10
16500.0
 20
117370.0
  0
LWPOLYLINE
  5
FE4
330
17
100
AcDbEntity
  8
ARR_PLATE_SEAMS
100
AcDbPolyline
 90
        3
 70
     0
 43
0.0
 10
16548.0
 20
117480.0
 10
16500.0
 20
117370.0
 10
16452.0
 20
117480.0
  0
LWPOLYLINE
  5
FE5
330
17
100
AcDbEntity
  8
ARR_PLATE_SEAMS
100
AcDbPolyline
 90
        4
 70
     0
 43
0.0
 10
18500.0
 20
116840.0
 10
18452.0
 20
116975.0
 10
18548.0
 20
116975.0
 10
18500.0
 20
116840.0
  0
LWPOLYLINE
  5
FE6
330
17
100
AcDbEntity
  8
ARR_PLATE_SEAMS
100
AcDbPolyline
 90
        2
 70
     0
 43
0.0
 10
18500.0
 20
116975.0
 10
18500.0
 20
117290.0
  0
LWPOLYLINE
  5
FE7
330
17
100
AcDbEntity
  8
ARR_PLATE_SEAMS
100
AcDbPolyline
 90
        3
 70
     0
 43
0.0
 10
18548.0
 20
117400.0
 10
18500.0
 20
117290.0
 10
18452.0
 20
117400.0
  0
LWPOLYLINE
  5
FE8
330
17
100
AcDbEntity
  8
ARR_PLATE_SEAMS
100
AcDbPolyline
 90
        4
 70
     0
 43
0.0
 10
20500.0
 20
116760.0
 10
20452.0
 20
116895.0
 10
20548.0
 20
116895.0
 10
20500.0
 20
116760.0
  0
LWPOLYLINE
  5
FE9
330
17
100
AcDbEntity
  8
ARR_PLATE_SEAMS
100
AcDbPolyline
 90
        2
 70
     0
 43
0.0
 10
20500.0
 20
116895.0
 10
20500.0
 20
117210.0
  0
LWPOLYLINE
  5
FEA
330
17
100
AcDbEntity
  8
ARR_PLATE_SEAMS
100
AcDbPolyline
 90
        3
 70
     0
 43
0.0
 10
20548.0
 20
117320.0
 10
20500.0
 20
117210.0
 10
20452.0
 20
117320.0
  0
LWPOLYLINE
  5
FEB
330
17
100
AcDbEntity
  8
ARR_PLATE_SEAMS
100
AcDbPolyline
 90
        4
 70
     0
 43
0.0
 10
22500.0
 20
116680.0
 10
22452.0
 20
116815.0
 10
22548.0
 20
116815.0
 10
22500.0
 20
116680.0
  0
LWPOLYLINE
  5
FEC
330
17
100
AcDbEntity
  8
ARR_PLATE_SEAMS
100
AcDbPolyline
 90
        2
 70
     0
 43
0.0
 10
22500.0
 20
116815.0
 10
22500.0
 20
117130.0
  0
LWPOLYLINE
  5
FED
330
17
100
AcDbEntity
  8
ARR_PLATE_SEAMS
100
AcDbPolyline
 90
        3
 70
     0
 43
0.0
 10
22548.0
 20
117240.0
 10
22500.0
 20
117130.0
 10
22452.0
 20
117240.0
  0
LWPOLYLINE
  5
FEE
330
17
100
AcDbEntity
  8
ARR_PLATE_SEAMS
100
AcDbPolyline
 90
        4
 70
     0
 43
0.0
 10
24500.0
 20
116600.0
 10
24452.0
 20
116735.0
 10
24548.0
 20
116735.0
 10
24500.0
 20
116600.0
  0
LWPOLYLINE
  5
FEF
330
17
100
AcDbEntity
  8
ARR_PLATE_SEAMS
100
AcDbPolyline
 90
        2
 70
     0
 43
0.0
 10
24500.0
 20
116735.0
 10
24500.0
 20
117050.0
  0
LWPOLYLINE
  5
FF0
330
17
100
AcDbEntity
  8
ARR_PLATE_SEAMS
100
AcDbPolyline
 90
        3
 70
     0
 43
0.0
 10
24548.0
 20
117160.0
 10
24500.0
 20
117050.0
 10
24452.0
 20
117160.0
  0
LWPOLYLINE
  5
FF1
330
17
100
AcDbEntity
  8
ARR_PLATE_SEAMS
100
AcDbPolyline
 90
        4
 70
     0
 43
0.0
 10
26500.0
 20
116520.0
 10
26452.0
 20
116655.0
 10
26548.0
 20
116655.0
 10
26500.0
 20
116520.0
  0
LWPOLYLINE
  5
FF2
330
17
100
AcDbEntity
  8
ARR_PLATE_SEAMS
100
AcDbPolyline
 90
        2
 70
     0
 43
0.0
 10
26500.0
 20
116655.0
 10
26500.0
 20
116970.0
  0
LWPOLYLINE
  5
FF3
330
17
100
AcDbEntity
  8
ARR_PLATE_SEAMS
100
AcDbPolyline
 90
        3
 70
     0
 43
0.0
 10
26548.0
 20
117080.0
 10
26500.0
 20
116970.0
 10
26452.0
 20
117080.0
  0
LWPOLYLINE
  5
FF4
330
17
100
AcDbEntity
  8
ARR_PLATE_SEAMS
100
AcDbPolyline
 90
        4
 70
     0
 43
0.0
 10
2000.0
 20
102800.0
 10
1952.0
 20
102935.0
 10
2048.0
 20
102935.0
 10
2000.0
 20
102800.0
  0
LWPOLYLINE
  5
FF5
330
17
100
AcDbEntity
  8
ARR_PLATE_SEAMS
100
AcDbPolyline
 90
        2
 70
     0
 43
0.0
 10
2000.0
 20
102935.0
 10
2000.0
 20
103250.0
  0
LWPOLYLINE
  5
FF6
330
17
100
AcDbEntity
  8
ARR_PLATE_SEAMS
100
AcDbPolyline
 90
        3
 70
     0
 43
0.0
 10
2048.0
 20
103360.0
 10
2000.0
 20
103250.0
 10
1952.0
 20
103360.0
  0
LWPOLYLINE
  5
FF7
330
17
100
AcDbEntity
  8
ARR_PLATE_SEAMS
100
AcDbPolyline
 90
        4
 70
     0
 43
0.0
 10
4000.0
 20
102800.0
 10
3952.0
 20
102935.0
 10
4048.0
 20
102935.0
 10
4000.0
 20
102800.0
  0
LWPOLYLINE
  5
FF8
330
17
100
AcDbEntity
  8
ARR_PLATE_SEAMS
100
AcDbPolyline
 90
        2
 70
     0
 43
0.0
 10
4000.0
 20
102935.0
 10
4000.0
 20
103250.0
  0
LWPOLYLINE
  5
FF9
330
17
100
AcDbEntity
  8
ARR_PLATE_SEAMS
100
AcDbPolyline
 90
        3
 70
     0
 43
0.0
 10
4048.0
 20
103360.0
 10
4000.0
 20
103250.0
 10
3952.0
 20
103360.0
  0
LWPOLYLINE
  5
FFA
330
17
100
AcDbEntity
  8
ARR_PLATE_SEAMS
100
AcDbPolyline
 90
        4
 70
     0
 43
0.0
 10
6000.0
 20
102800.0
 10
5952.0
 20
102935.0
 10
6048.0
 20
102935.0
 10
6000.0
 20
102800.0
  0
LWPOLYLINE
  5
FFB
330
17
100
AcDbEntity
  8
ARR_PLATE_SEAMS
100
AcDbPolyline
 90
        2
 70
     0
 43
0.0
 10
6000.0
 20
102935.0
 10
6000.0
 20
103250.0
  0
LWPOLYLINE
  5
FFC
330
17
100
AcDbEntity
  8
ARR_PLATE_SEAMS
100
AcDbPolyline
 90
        3
 70
     0
 43
0.0
 10
6048.0
 20
103360.0
 10
6000.0
 20
103250.0
 10
5952.0
 20
103360.0
  0
LWPOLYLINE
  5
FFD
330
17
100
AcDbEntity
  8
ARR_PLATE_SEAMS
100
AcDbPolyline
 90
        4
 70
     0
 43
0.0
 10
8000.0
 20
102800.0
 10
7952.0
 20
102935.0
 10
8048.0
 20
102935.0
 10
8000.0
 20
102800.0
  0
LWPOLYLINE
  5
FFE
330
17
100
AcDbEntity
  8
ARR_PLATE_SEAMS
100
AcDbPolyline
 90
        2
 70
     0
 43
0.0
 10
8000.0
 20
102935.0
 10
8000.0
 20
103250.0
  0
LWPOLYLINE
  5
FFF
330
17
100
AcDbEntity
  8
ARR_PLATE_SEAMS
100
AcDbPolyline
 90
        3
 70
     0
 43
0.0
 10
8048.0
 20
103360.0
 10
8000.0
 20
103250.0
 10
7952.0
 20
103360.0
  0
LWPOLYLINE
  5
1000
330
17
100
AcDbEntity
  8
ARR_PLATE_SEAMS
100
AcDbPolyline
 90
        4
 70
     0
 43
0.0
 10
10000.0
 20
102800.0
 10
9952.0
 20
102935.0
 10
10048.0
 20
102935.0
 10
10000.0
 20
102800.0
  0
LWPOLYLINE
  5
1001
330
17
100
AcDbEntity
  8
ARR_PLATE_SEAMS
100
AcDbPolyline
 90
        2
 70
     0
 43
0.0
 10
10000.0
 20
102935.0
 10
10000.0
 20
103250.0
  0
LWPOLYLINE
  5
1002
330
17
100
AcDbEntity
  8
ARR_PLATE_SEAMS
100
AcDbPolyline
 90
        3
 70
     0
 43
0.0
 10
10048.0
 20
103360.0
 10
10000.0
 20
103250.0
 10
9952.0
 20
103360.0
  0
LWPOLYLINE
  5
1003
330
17
100
AcDbEntity
  8
ARR_PLATE_SEAMS
100
AcDbPolyline
 90
        4
 70
     0
 43
0.0
 10
12000.0
 20
102800.0
 10
11952.0
 20
102935.0
 10
12048.0
 20
102935.0
 10
12000.0
 20
102800.0
  0
LWPOLYLINE
  5
1004
330
17
100
AcDbEntity
  8
ARR_PLATE_SEAMS
100
AcDbPolyline
 90
        2
 70
     0
 43
0.0
 10
12000.0
 20
102935.0
 10
12000.0
 20
103250.0
  0
LWPOLYLINE
  5
1005
330
17
100
AcDbEntity
  8
ARR_PLATE_SEAMS
100
AcDbPolyline
 90
        3
 70
     0
 43
0.0
 10
12048.0
 20
103360.0
 10
12000.0
 20
103250.0
 10
11952.0
 20
103360.0
  0
LWPOLYLINE
  5
1006
330
17
100
AcDbEntity
  8
ARR_PLATE_SEAMS
100
AcDbPolyline
 90
        4
 70
     0
 43
0.0
 10
15000.0
 20
102800.0
 10
14952.0
 20
102935.0
 10
15048.0
 20
102935.0
 10
15000.0
 20
102800.0
  0
LWPOLYLINE
  5
1007
330
17
100
AcDbEntity
  8
ARR_PLATE_SEAMS
100
AcDbPolyline
 90
        2
 70
     0
 43
0.0
 10
15000.0
 20
102935.0
 10
15000.0
 20
103250.0
  0
LWPOLYLINE
  5
1008
330
17
100
AcDbEntity
  8
ARR_PLATE_SEAMS
100
AcDbPolyline
 90
        3
 70
     0
 43
0.0
 10
15048.0
 20
103360.0
 10
15000.0
 20
103250.0
 10
14952.0
 20
103360.0
  0
LWPOLYLINE
  5
1009
330
17
100
AcDbEntity
  8
ARR_PLATE_SEAMS
100
AcDbPolyline
 90
        4
 70
     0
 43
0.0
 10
17000.0
 20
102800.0
 10
16952.0
 20
102935.0
 10
17048.0
 20
102935.0
 10
17000.0
 20
102800.0
  0
LWPOLYLINE
  5
100A
330
17
100
AcDbEntity
  8
ARR_PLATE_SEAMS
100
AcDbPolyline
 90
        2
 70
     0
 43
0.0
 10
17000.0
 20
102935.0
 10
17000.0
 20
103250.0
  0
LWPOLYLINE
  5
100B
330
17
100
AcDbEntity
  8
ARR_PLATE_SEAMS
100
AcDbPolyline
 90
        3
 70
     0
 43
0.0
 10
17048.0
 20
103360.0
 10
17000.0
 20
103250.0
 10
16952.0
 20
103360.0
  0
LWPOLYLINE
  5
100C
330
17
100
AcDbEntity
  8
ARR_PLATE_SEAMS
100
AcDbPolyline
 90
        4
 70
     0
 43
0.0
 10
19000.0
 20
102800.0
 10
18952.0
 20
102935.0
 10
19048.0
 20
102935.0
 10
19000.0
 20
102800.0
  0
LWPOLYLINE
  5
100D
330
17
100
AcDbEntity
  8
ARR_PLATE_SEAMS
100
AcDbPolyline
 90
        2
 70
     0
 43
0.0
 10
19000.0
 20
102935.0
 10
19000.0
 20
103250.0
  0
LWPOLYLINE
  5
100E
330
17
100
AcDbEntity
  8
ARR_PLATE_SEAMS
100
AcDbPolyline
 90
        3
 70
     0
 43
0.0
 10
19048.0
 20
103360.0
 10
19000.0
 20
103250.0
 10
18952.0
 20
103360.0
  0
LWPOLYLINE
  5
100F
330
17
100
AcDbEntity
  8
ARR_PLATE_SEAMS
100
AcDbPolyline
 90
        4
 70
     0
 43
0.0
 10
21000.0
 20
102800.0
 10
20952.0
 20
102935.0
 10
21048.0
 20
102935.0
 10
21000.0
 20
102800.0
  0
LWPOLYLINE
  5
1010
330
17
100
AcDbEntity
  8
ARR_PLATE_SEAMS
100
AcDbPolyline
 90
        2
 70
     0
 43
0.0
 10
21000.0
 20
102935.0
 10
21000.0
 20
103250.0
  0
LWPOLYLINE
  5
1011
330
17
100
AcDbEntity
  8
ARR_PLATE_SEAMS
100
AcDbPolyline
 90
        3
 70
     0
 43
0.0
 10
21048.0
 20
103360.0
 10
21000.0
 20
103250.0
 10
20952.0
 20
103360.0
  0
LWPOLYLINE
  5
1012
330
17
100
AcDbEntity
  8
ARR_PLATE_SEAMS
100
AcDbPolyline
 90
        4
 70
     0
 43
0.0
 10
23000.0
 20
102800.0
 10
22952.0
 20
102935.0
 10
23048.0
 20
102935.0
 10
23000.0
 20
102800.0
  0
LWPOLYLINE
  5
1013
330
17
100
AcDbEntity
  8
ARR_PLATE_SEAMS
100
AcDbPolyline
 90
        2
 70
     0
 43
0.0
 10
23000.0
 20
102935.0
 10
23000.0
 20
103250.0
  0
LWPOLYLINE
  5
1014
330
17
100
AcDbEntity
  8
ARR_PLATE_SEAMS
100
AcDbPolyline
 90
        3
 70
     0
 43
0.0
 10
23048.0
 20
103360.0
 10
23000.0
 20
103250.0
 10
22952.0
 20
103360.0
  0
LWPOLYLINE
  5
1015
330
17
100
AcDbEntity
  8
ARR_PLATE_SEAMS
100
AcDbPolyline
 90
        4
 70
     0
 43
0.0
 10
25000.0
 20
102800.0
 10
24952.0
 20
102935.0
 10
25048.0
 20
102935.0
 10
25000.0
 20
102800.0
  0
LWPOLYLINE
  5
1016
330
17
100
AcDbEntity
  8
ARR_PLATE_SEAMS
100
AcDbPolyline
 90
        2
 70
     0
 43
0.0
 10
25000.0
 20
102935.0
 10
25000.0
 20
103250.0
  0
LWPOLYLINE
  5
1017
330
17
100
AcDbEntity
  8
ARR_PLATE_SEAMS
100
AcDbPolyline
 90
        3
 70
     0
 43
0.0
 10
25048.0
 20
103360.0
 10
25000.0
 20
103250.0
 10
24952.0
 20
103360.0
  0
LWPOLYLINE
  5
1018
330
17
100
AcDbEntity
  8
ARR_PLATE_SEAMS
100
AcDbPolyline
 90
        4
 70
     0
 43
0.0
 10
2000.0
 20
104800.0
 10
2135.0
 20
104848.0
 10
2135.0
 20
104752.0
 10
2000.0
 20
104800.0
  0
LWPOLYLINE
  5
1019
330
17
100
AcDbEntity
  8
ARR_PLATE_SEAMS
100
AcDbPolyline
 90
        2
 70
     0
 43
0.0
 10
2135.0
 20
104800.0
 10
2450.0
 20
104800.0
  0
LWPOLYLINE
  5
101A
330
17
100
AcDbEntity
  8
ARR_PLATE_SEAMS
100
AcDbPolyline
 90
        3
 70
     0
 43
0.0
 10
2560.0
 20
104752.0
 10
2450.0
 20
104800.0
 10
2560.0
 20
104848.0
  0
LWPOLYLINE
  5
101B
330
17
100
AcDbEntity
  8
ARR_PLATE_SEAMS
100
AcDbPolyline
 90
        4
 70
     0
 43
0.0
 10
25000.0
 20
104800.0
 10
24865.0
 20
104752.0
 10
24865.0
 20
104848.0
 10
25000.0
 20
104800.0
  0
LWPOLYLINE
  5
101C
330
17
100
AcDbEntity
  8
ARR_PLATE_SEAMS
100
AcDbPolyline
 90
        2
 70
     0
 43
0.0
 10
24865.0
 20
104800.0
 10
24550.0
 20
104800.0
  0
LWPOLYLINE
  5
101D
330
17
100
AcDbEntity
  8
ARR_PLATE_SEAMS
100
AcDbPolyline
 90
        3
 70
     0
 43
0.0
 10
24440.0
 20
104848.0
 10
24550.0
 20
104800.0
 10
24440.0
 20
104752.0
  0
LWPOLYLINE
  5
101E
330
17
100
AcDbEntity
  8
ARR_PLATE_SEAMS
100
AcDbPolyline
 90
        4
 70
     0
 43
0.0
 10
13500.0
 20
104800.0
 10
13635.0
 20
104848.0
 10
13635.0
 20
104752.0
 10
13500.0
 20
104800.0
  0
LWPOLYLINE
  5
101F
330
17
100
AcDbEntity
  8
ARR_PLATE_SEAMS
100
AcDbPolyline
 90
        2
 70
     0
 43
0.0
 10
13635.0
 20
104800.0
 10
13950.0
 20
104800.0
  0
LWPOLYLINE
  5
1020
330
17
100
AcDbEntity
  8
ARR_PLATE_SEAMS
100
AcDbPolyline
 90
        3
 70
     0
 43
0.0
 10
14060.0
 20
104752.0
 10
13950.0
 20
104800.0
 10
14060.0
 20
104848.0
  0
LWPOLYLINE
  5
1021
330
17
100
AcDbEntity
  8
ARR_PLATE_SEAMS
100
AcDbPolyline
 90
        4
 70
     0
 43
0.0
 10
2000.0
 20
106800.0
 10
2135.0
 20
106848.0
 10
2135.0
 20
106752.0
 10
2000.0
 20
106800.0
  0
LWPOLYLINE
  5
1022
330
17
100
AcDbEntity
  8
ARR_PLATE_SEAMS
100
AcDbPolyline
 90
        2
 70
     0
 43
0.0
 10
2135.0
 20
106800.0
 10
2450.0
 20
106800.0
  0
LWPOLYLINE
  5
1023
330
17
100
AcDbEntity
  8
ARR_PLATE_SEAMS
100
AcDbPolyline
 90
        3
 70
     0
 43
0.0
 10
2560.0
 20
106752.0
 10
2450.0
 20
106800.0
 10
2560.0
 20
106848.0
  0
LWPOLYLINE
  5
1024
330
17
100
AcDbEntity
  8
ARR_PLATE_SEAMS
100
AcDbPolyline
 90
        4
 70
     0
 43
0.0
 10
25000.0
 20
106800.0
 10
24865.0
 20
106752.0
 10
24865.0
 20
106848.0
 10
25000.0
 20
106800.0
  0
LWPOLYLINE
  5
1025
330
17
100
AcDbEntity
  8
ARR_PLATE_SEAMS
100
AcDbPolyline
 90
        2
 70
     0
 43
0.0
 10
24865.0
 20
106800.0
 10
24550.0
 20
106800.0
  0
LWPOLYLINE
  5
1026
330
17
100
AcDbEntity
  8
ARR_PLATE_SEAMS
100
AcDbPolyline
 90
        3
 70
     0
 43
0.0
 10
24440.0
 20
106848.0
 10
24550.0
 20
106800.0
 10
24440.0
 20
106752.0
  0
LWPOLYLINE
  5
1027
330
17
100
AcDbEntity
  8
ARR_PLATE_SEAMS
100
AcDbPolyline
 90
        4
 70
     0
 43
0.0
 10
13500.0
 20
106800.0
 10
13635.0
 20
106848.0
 10
13635.0
 20
106752.0
 10
13500.0
 20
106800.0
  0
LWPOLYLINE
  5
1028
330
17
100
AcDbEntity
  8
ARR_PLATE_SEAMS
100
AcDbPolyline
 90
        2
 70
     0
 43
0.0
 10
13635.0
 20
106800.0
 10
13950.0
 20
106800.0
  0
LWPOLYLINE
  5
1029
330
17
100
AcDbEntity
  8
ARR_PLATE_SEAMS
100
AcDbPolyline
 90
        3
 70
     0
 43
0.0
 10
14060.0
 20
106752.0
 10
13950.0
 20
106800.0
 10
14060.0
 20
106848.0
  0
LWPOLYLINE
  5
102A
330
17
100
AcDbEntity
  8
ARR_PLATE_SEAMS
100
AcDbPolyline
 90
        4
 70
     0
 43
0.0
 10
2000.0
 20
108800.0
 10
2135.0
 20
108848.0
 10
2135.0
 20
108752.0
 10
2000.0
 20
108800.0
  0
LWPOLYLINE
  5
102B
330
17
100
AcDbEntity
  8
ARR_PLATE_SEAMS
100
AcDbPolyline
 90
        2
 70
     0
 43
0.0
 10
2135.0
 20
108800.0
 10
2450.0
 20
108800.0
  0
LWPOLYLINE
  5
102C
330
17
100
AcDbEntity
  8
ARR_PLATE_SEAMS
100
AcDbPolyline
 90
        3
 70
     0
 43
0.0
 10
2560.0
 20
108752.0
 10
2450.0
 20
108800.0
 10
2560.0
 20
108848.0
  0
LWPOLYLINE
  5
102D
330
17
100
AcDbEntity
  8
ARR_PLATE_SEAMS
100
AcDbPolyline
 90
        4
 70
     0
 43
0.0
 10
25000.0
 20
108800.0
 10
24865.0
 20
108752.0
 10
24865.0
 20
108848.0
 10
25000.0
 20
108800.0
  0
LWPOLYLINE
  5
102E
330
17
100
AcDbEntity
  8
ARR_PLATE_SEAMS
100
AcDbPolyline
 90
        2
 70
     0
 43
0.0
 10
24865.0
 20
108800.0
 10
24550.0
 20
108800.0
  0
LWPOLYLINE
  5
102F
330
17
100
AcDbEntity
  8
ARR_PLATE_SEAMS
100
AcDbPolyline
 90
        3
 70
     0
 43
0.0
 10
24440.0
 20
108848.0
 10
24550.0
 20
108800.0
 10
24440.0
 20
108752.0
  0
LWPOLYLINE
  5
1030
330
17
100
AcDbEntity
  8
ARR_PLATE_SEAMS
100
AcDbPolyline
 90
        4
 70
     0
 43
0.0
 10
13500.0
 20
108800.0
 10
13635.0
 20
108848.0
 10
13635.0
 20
108752.0
 10
13500.0
 20
108800.0
  0
LWPOLYLINE
  5
1031
330
17
100
AcDbEntity
  8
ARR_PLATE_SEAMS
100
AcDbPolyline
 90
        2
 70
     0
 43
0.0
 10
13635.0
 20
108800.0
 10
13950.0
 20
108800.0
  0
LWPOLYLINE
  5
1032
330
17
100
AcDbEntity
  8
ARR_PLATE_SEAMS
100
AcDbPolyline
 90
        3
 70
     0
 43
0.0
 10
14060.0
 20
108752.0
 10
13950.0
 20
108800.0
 10
14060.0
 20
108848.0
  0
LWPOLYLINE
  5
1033
330
17
100
AcDbEntity
  8
ARR_PLATE_SEAMS
100
AcDbPolyline
 90
        4
 70
     0
 43
0.0
 10
2000.0
 20
110800.0
 10
2135.0
 20
110848.0
 10
2135.0
 20
110752.0
 10
2000.0
 20
110800.0
  0
LWPOLYLINE
  5
1034
330
17
100
AcDbEntity
  8
ARR_PLATE_SEAMS
100
AcDbPolyline
 90
        2
 70
     0
 43
0.0
 10
2135.0
 20
110800.0
 10
2450.0
 20
110800.0
  0
LWPOLYLINE
  5
1035
330
17
100
AcDbEntity
  8
ARR_PLATE_SEAMS
100
AcDbPolyline
 90
        3
 70
     0
 43
0.0
 10
2560.0
 20
110752.0
 10
2450.0
 20
110800.0
 10
2560.0
 20
110848.0
  0
LWPOLYLINE
  5
1036
330
17
100
AcDbEntity
  8
ARR_PLATE_SEAMS
100
AcDbPolyline
 90
        4
 70
     0
 43
0.0
 10
25000.0
 20
110800.0
 10
24865.0
 20
110752.0
 10
24865.0
 20
110848.0
 10
25000.0
 20
110800.0
  0
LWPOLYLINE
  5
1037
330
17
100
AcDbEntity
  8
ARR_PLATE_SEAMS
100
AcDbPolyline
 90
        2
 70
     0
 43
0.0
 10
24865.0
 20
110800.0
 10
24550.0
 20
110800.0
  0
LWPOLYLINE
  5
1038
330
17
100
AcDbEntity
  8
ARR_PLATE_SEAMS
100
AcDbPolyline
 90
        3
 70
     0
 43
0.0
 10
24440.0
 20
110848.0
 10
24550.0
 20
110800.0
 10
24440.0
 20
110752.0
  0
LWPOLYLINE
  5
1039
330
17
100
AcDbEntity
  8
ARR_PLATE_SEAMS
100
AcDbPolyline
 90
        4
 70
     0
 43
0.0
 10
13500.0
 20
110800.0
 10
13635.0
 20
110848.0
 10
13635.0
 20
110752.0
 10
13500.0
 20
110800.0
  0
LWPOLYLINE
  5
103A
330
17
100
AcDbEntity
  8
ARR_PLATE_SEAMS
100
AcDbPolyline
 90
        2
 70
     0
 43
0.0
 10
13635.0
 20
110800.0
 10
13950.0
 20
110800.0
  0
LWPOLYLINE
  5
103B
330
17
100
AcDbEntity
  8
ARR_PLATE_SEAMS
100
AcDbPolyline
 90
        3
 70
     0
 43
0.0
 10
14060.0
 20
110752.0
 10
13950.0
 20
110800.0
 10
14060.0
 20
110848.0
  0
LWPOLYLINE
  5
103C
330
17
100
AcDbEntity
  8
ARR_PLATE_SEAMS
100
AcDbPolyline
 90
        4
 70
     0
 43
0.0
 10
2000.0
 20
112800.0
 10
2135.0
 20
112848.0
 10
2135.0
 20
112752.0
 10
2000.0
 20
112800.0
  0
LWPOLYLINE
  5
103D
330
17
100
AcDbEntity
  8
ARR_PLATE_SEAMS
100
AcDbPolyline
 90
        2
 70
     0
 43
0.0
 10
2135.0
 20
112800.0
 10
2450.0
 20
112800.0
  0
LWPOLYLINE
  5
103E
330
17
100
AcDbEntity
  8
ARR_PLATE_SEAMS
100
AcDbPolyline
 90
        3
 70
     0
 43
0.0
 10
2560.0
 20
112752.0
 10
2450.0
 20
112800.0
 10
2560.0
 20
112848.0
  0
LWPOLYLINE
  5
103F
330
17
100
AcDbEntity
  8
ARR_PLATE_SEAMS
100
AcDbPolyline
 90
        4
 70
     0
 43
0.0
 10
25000.0
 20
112800.0
 10
24865.0
 20
112752.0
 10
24865.0
 20
112848.0
 10
25000.0
 20
112800.0
  0
LWPOLYLINE
  5
1040
330
17
100
AcDbEntity
  8
ARR_PLATE_SEAMS
100
AcDbPolyline
 90
        2
 70
     0
 43
0.0
 10
24865.0
 20
112800.0
 10
24550.0
 20
112800.0
  0
LWPOLYLINE
  5
1041
330
17
100
AcDbEntity
  8
ARR_PLATE_SEAMS
100
AcDbPolyline
 90
        3
 70
     0
 43
0.0
 10
24440.0
 20
112848.0
 10
24550.0
 20
112800.0
 10
24440.0
 20
112752.0
  0
LWPOLYLINE
  5
1042
330
17
100
AcDbEntity
  8
ARR_PLATE_SEAMS
100
AcDbPolyline
 90
        4
 70
     0
 43
0.0
 10
13500.0
 20
112800.0
 10
13635.0
 20
112848.0
 10
13635.0
 20
112752.0
 10
13500.0
 20
112800.0
  0
LWPOLYLINE
  5
1043
330
17
100
AcDbEntity
  8
ARR_PLATE_SEAMS
100
AcDbPolyline
 90
        2
 70
     0
 43
0.0
 10
13635.0
 20
112800.0
 10
13950.0
 20
112800.0
  0
LWPOLYLINE
  5
1044
330
17
100
AcDbEntity
  8
ARR_PLATE_SEAMS
100
AcDbPolyline
 90
        3
 70
     0
 43
0.0
 10
14060.0
 20
112752.0
 10
13950.0
 20
112800.0
 10
14060.0
 20
112848.0
  0
LWPOLYLINE
  5
1045
330
17
100
AcDbEntity
  8
ARR_PLATE_SEAMS
100
AcDbPolyline
 90
        4
 70
     0
 43
0.0
 10
2000.0
 20
114800.0
 10
2135.0
 20
114848.0
 10
2135.0
 20
114752.0
 10
2000.0
 20
114800.0
  0
LWPOLYLINE
  5
1046
330
17
100
AcDbEntity
  8
ARR_PLATE_SEAMS
100
AcDbPolyline
 90
        2
 70
     0
 43
0.0
 10
2135.0
 20
114800.0
 10
2450.0
 20
114800.0
  0
LWPOLYLINE
  5
1047
330
17
100
AcDbEntity
  8
ARR_PLATE_SEAMS
100
AcDbPolyline
 90
        3
 70
     0
 43
0.0
 10
2560.0
 20
114752.0
 10
2450.0
 20
114800.0
 10
2560.0
 20
114848.0
  0
LWPOLYLINE
  5
1048
330
17
100
AcDbEntity
  8
ARR_PLATE_SEAMS
100
AcDbPolyline
 90
        4
 70
     0
 43
0.0
 10
25000.0
 20
114800.0
 10
24865.0
 20
114752.0
 10
24865.0
 20
114848.0
 10
25000.0
 20
114800.0
  0
LWPOLYLINE
  5
1049
330
17
100
AcDbEntity
  8
ARR_PLATE_SEAMS
100
AcDbPolyline
 90
        2
 70
     0
 43
0.0
 10
24865.0
 20
114800.0
 10
24550.0
 20
114800.0
  0
LWPOLYLINE
  5
104A
330
17
100
AcDbEntity
  8
ARR_PLATE_SEAMS
100
AcDbPolyline
 90
        3
 70
     0
 43
0.0
 10
24440.0
 20
114848.0
 10
24550.0
 20
114800.0
 10
24440.0
 20
114752.0
  0
LWPOLYLINE
  5
104B
330
17
100
AcDbEntity
  8
ARR_PLATE_SEAMS
100
AcDbPolyline
 90
        4
 70
     0
 43
0.0
 10
13500.0
 20
114800.0
 10
13635.0
 20
114848.0
 10
13635.0
 20
114752.0
 10
13500.0
 20
114800.0
  0
LWPOLYLINE
  5
104C
330
17
100
AcDbEntity
  8
ARR_PLATE_SEAMS
100
AcDbPolyline
 90
        2
 70
     0
 43
0.0
 10
13635.0
 20
114800.0
 10
13950.0
 20
114800.0
  0
LWPOLYLINE
  5
104D
330
17
100
AcDbEntity
  8
ARR_PLATE_SEAMS
100
AcDbPolyline
 90
        3
 70
     0
 43
0.0
 10
14060.0
 20
114752.0
 10
13950.0
 20
114800.0
 10
14060.0
 20
114848.0
  0
LINE
  5
104E
330
17
100
AcDbEntity
  8
ARR_HULL
100
AcDbLine
 10
0.0
 20
72000.0
 30
0.0
 11
4300.0
 21
72000.0
 31
0.0
  0
LINE
  5
104F
330
17
100
AcDbEntity
  8
ARR_HULL
100
AcDbLine
 10
0.0
 20
72000.0
 30
0.0
 11
0.0
 21
71350.0
 31
0.0
  0
LINE
  5
1050
330
17
100
AcDbEntity
  8
ARR_BOUNDARY
100
AcDbLine
 10
2000.0
 20
72000.0
 30
0.0
 11
2000.0
 21
71350.0
 31
0.0
  0
LINE
  5
1051
330
17
100
AcDbEntity
  8
ARR_SECONDARY
100
AcDbLine
 10
666.6666666666666
 20
72000.0
 30
0.0
 11
666.6666666666666
 21
71750.0
 31
0.0
  0
LINE
  5
1052
330
17
100
AcDbEntity
  8
ARR_SECONDARY
100
AcDbLine
 10
1333.333333333333
 20
72000.0
 30
0.0
 11
1333.333333333333
 21
71750.0
 31
0.0
  0
LINE
  5
1053
330
17
100
AcDbEntity
  8
ARR_SECONDARY
100
AcDbLine
 10
2766.666666666666
 20
72000.0
 30
0.0
 11
2766.666666666666
 21
71750.0
 31
0.0
  0
LINE
  5
1054
330
17
100
AcDbEntity
  8
ARR_SECONDARY
100
AcDbLine
 10
3533.333333333333
 20
72000.0
 30
0.0
 11
3533.333333333333
 21
71750.0
 31
0.0
  0
LINE
  5
1055
330
17
100
AcDbEntity
  8
ARR_SECONDARY
100
AcDbLine
 10
4300.0
 20
72000.0
 30
0.0
 11
4300.0
 21
71750.0
 31
0.0
  0
TEXT
  5
1056
330
17
100
AcDbEntity
  8
ARR_NOTE
100
AcDbText
 10
0.0
 20
73700.0
 30
0.0
 40
80.0
  1
Узел А. Продольные подпалубные балки
  7
unicode
100
AcDbText
  0
LWPOLYLINE
  5
1057
330
17
100
AcDbEntity
  8
ARR_NOTE
100
AcDbPolyline
 90
        2
 70
     0
 43
0.0
 10
2383.333333333333
 20
116595.3333333333
 10
6000.0
 20
118900.0
  0
TEXT
  5
1058
330
17
100
AcDbEntity
  8
ARR_NOTE
100
AcDbText
 10
6300.0
 20
119000.0
 30
0.0
 40
350.0
  1
А
  7
unicode
100
AcDbText
  0
LWPOLYLINE
  5
1059
330
17
100
AcDbEntity
  8
ARR_HULL
100
AcDbPolyline
 90
       33
 70
     0
 43
0.0
 10
38000.0
 20
100350.0
 10
37998.27067523629
 20
100792.1875
 10
37993.14915792602
 20
101234.375
 10
37984.83226510723
 20
101676.5625
 10
37973.63961030679
 20
102118.75
 10
37960.00132097177
 20
102560.9375
 10
37944.44150891286
 20
103003.125
 10
37927.55812898145
 20
103445.3125
 10
37910.0
 20
103887.5
 10
37892.44187101855
 20
104329.6875
 10
37875.55849108714
 20
104771.875
 10
37859.99867902824
 20
105214.0625
 10
37846.36038969321
 20
105656.25
 10
37835.16773489277
 20
106098.4375
 10
37826.85084207398
 20
106540.625
 10
37821.72932476371
 20
106982.8125
 10
37820.0
 20
107425.0
 10
37821.72932476371
 20
107867.1875
 10
37826.85084207398
 20
108309.375
 10
37835.16773489277
 20
108751.5625
 10
37846.36038969321
 20
109193.75
 10
37859.99867902824
 20
109635.9375
 10
37875.55849108714
 20
110078.125
 10
37892.44187101855
 20
110520.3125
 10
37910.0
 20
110962.5
 10
37927.55812898145
 20
111404.6875
 10
37944.44150891286
 20
111846.875
 10
37960.00132097177
 20
112289.0625
 10
37973.63961030679
 20
112731.25
 10
37984.83226510723
 20
113173.4375
 10
37993.14915792602
 20
113615.625
 10
37998.27067523629
 20
114057.8125
 10
38000.0
 20
114500.0
  0
LWPOLYLINE
  5
105A
330
17
100
AcDbEntity
  8
ARR_HULL
100
AcDbPolyline
 90
       33
 70
     0
 43
0.0
 10
56000.0
 20
100350.0
 10
56001.72932476371
 20
100792.1875
 10
56006.85084207398
 20
101234.375
 10
56015.16773489278
 20
101676.5625
 10
56026.36038969321
 20
102118.75
 10
56039.99867902824
 20
102560.9375
 10
56055.55849108714
 20
103003.125
 10
56072.44187101856
 20
103445.3125
 10
56090.0
 20
103887.5
 10
56107.55812898144
 20
104329.6875
 10
56124.44150891286
 20
104771.875
 10
56140.00132097176
 20
105214.0625
 10
56153.63961030679
 20
105656.25
 10
56164.83226510722
 20
106098.4375
 10
56173.14915792602
 20
106540.625
 10
56178.27067523628
 20
106982.8125
 10
56180.0
 20
107425.0
 10
56178.27067523628
 20
107867.1875
 10
56173.14915792602
 20
108309.375
 10
56164.83226510722
 20
108751.5625
 10
56153.63961030679
 20
109193.75
 10
56140.00132097176
 20
109635.9375
 10
56124.44150891286
 20
110078.125
 10
56107.55812898144
 20
110520.3125
 10
56090.0
 20
110962.5
 10
56072.44187101856
 20
111404.6875
 10
56055.55849108714
 20
111846.875
 10
56039.99867902824
 20
112289.0625
 10
56026.36038969321
 20
112731.25
 10
56015.16773489278
 20
113173.4375
 10
56006.85084207398
 20
113615.625
 10
56001.72932476371
 20
114057.8125
 10
56000.0
 20
114500.0
  0
LINE
  5
105B
330
17
100
AcDbEntity
  8
ARR_HULL
100
AcDbLine
 10
38000.0
 20
114500.0
 30
0.0
 11
56000.0
 21
114500.0
 31
0.0
  0
LWPOLYLINE
  5
105C
330
17
100
AcDbEntity
  8
ARR_HULL
100
AcDbPolyline
 90
        4
 70
     0
 43
0.0
 10
38000.0
 20
100350.0
 10
44000.0
 20
100490.0
 10
50000.0
 20
100210.0
 10
56000.0
 20
100350.0
  0
LINE
  5
105D
330
17
100
AcDbEntity
  8
ARR_PRIMARY
100
AcDbLine
 10
38000.0
 20
101000.0
 30
0.0
 11
38350.0
 21
101000.0
 31
0.0
  0
LINE
  5
105E
330
17
100
AcDbEntity
  8
ARR_PRIMARY
100
AcDbLine
 10
38500.0
 20
101000.0
 30
0.0
 11
38850.0
 21
101000.0
 31
0.0
  0
LINE
  5
105F
330
17
100
AcDbEntity
  8
ARR_PRIMARY
100
AcDbLine
 10
39000.0
 20
101000.0
 30
0.0
 11
39350.0
 21
101000.0
 31
0.0
  0
LINE
  5
1060
330
17
100
AcDbEntity
  8
ARR_PRIMARY
100
AcDbLine
 10
39500.0
 20
101000.0
 30
0.0
 11
39850.0
 21
101000.0
 31
0.0
  0
LINE
  5
1061
330
17
100
AcDbEntity
  8
ARR_PRIMARY
100
AcDbLine
 10
40000.0
 20
101000.0
 30
0.0
 11
40350.0
 21
101000.0
 31
0.0
  0
LINE
  5
1062
330
17
100
AcDbEntity
  8
ARR_PRIMARY
100
AcDbLine
 10
40500.0
 20
101000.0
 30
0.0
 11
40850.0
 21
101000.0
 31
0.0
  0
LINE
  5
1063
330
17
100
AcDbEntity
  8
ARR_PRIMARY
100
AcDbLine
 10
41000.0
 20
101000.0
 30
0.0
 11
41350.0
 21
101000.0
 31
0.0
  0
LINE
  5
1064
330
17
100
AcDbEntity
  8
ARR_PRIMARY
100
AcDbLine
 10
41500.0
 20
101000.0
 30
0.0
 11
41850.0
 21
101000.0
 31
0.0
  0
LINE
  5
1065
330
17
100
AcDbEntity
  8
ARR_PRIMARY
100
AcDbLine
 10
42000.0
 20
101000.0
 30
0.0
 11
42350.0
 21
101000.0
 31
0.0
  0
LINE
  5
1066
330
17
100
AcDbEntity
  8
ARR_PRIMARY
100
AcDbLine
 10
42500.0
 20
101000.0
 30
0.0
 11
42850.0
 21
101000.0
 31
0.0
  0
LINE
  5
1067
330
17
100
AcDbEntity
  8
ARR_PRIMARY
100
AcDbLine
 10
43000.0
 20
101000.0
 30
0.0
 11
43350.0
 21
101000.0
 31
0.0
  0
LINE
  5
1068
330
17
100
AcDbEntity
  8
ARR_PRIMARY
100
AcDbLine
 10
43500.0
 20
101000.0
 30
0.0
 11
43850.0
 21
101000.0
 31
0.0
  0
LINE
  5
1069
330
17
100
AcDbEntity
  8
ARR_PRIMARY
100
AcDbLine
 10
44000.0
 20
101000.0
 30
0.0
 11
44350.0
 21
101000.0
 31
0.0
  0
LINE
  5
106A
330
17
100
AcDbEntity
  8
ARR_PRIMARY
100
AcDbLine
 10
44500.0
 20
101000.0
 30
0.0
 11
44850.0
 21
101000.0
 31
0.0
  0
LINE
  5
106B
330
17
100
AcDbEntity
  8
ARR_PRIMARY
100
AcDbLine
 10
45000.0
 20
101000.0
 30
0.0
 11
45350.0
 21
101000.0
 31
0.0
  0
LINE
  5
106C
330
17
100
AcDbEntity
  8
ARR_PRIMARY
100
AcDbLine
 10
45500.0
 20
101000.0
 30
0.0
 11
45850.0
 21
101000.0
 31
0.0
  0
LINE
  5
106D
330
17
100
AcDbEntity
  8
ARR_PRIMARY
100
AcDbLine
 10
46000.0
 20
101000.0
 30
0.0
 11
46350.0
 21
101000.0
 31
0.0
  0
LINE
  5
106E
330
17
100
AcDbEntity
  8
ARR_PRIMARY
100
AcDbLine
 10
46500.0
 20
101000.0
 30
0.0
 11
46850.0
 21
101000.0
 31
0.0
  0
LINE
  5
106F
330
17
100
AcDbEntity
  8
ARR_PRIMARY
100
AcDbLine
 10
47000.0
 20
101000.0
 30
0.0
 11
47350.0
 21
101000.0
 31
0.0
  0
LINE
  5
1070
330
17
100
AcDbEntity
  8
ARR_PRIMARY
100
AcDbLine
 10
47500.0
 20
101000.0
 30
0.0
 11
47850.0
 21
101000.0
 31
0.0
  0
LINE
  5
1071
330
17
100
AcDbEntity
  8
ARR_PRIMARY
100
AcDbLine
 10
48000.0
 20
101000.0
 30
0.0
 11
48350.0
 21
101000.0
 31
0.0
  0
LINE
  5
1072
330
17
100
AcDbEntity
  8
ARR_PRIMARY
100
AcDbLine
 10
48500.0
 20
101000.0
 30
0.0
 11
48850.0
 21
101000.0
 31
0.0
  0
LINE
  5
1073
330
17
100
AcDbEntity
  8
ARR_PRIMARY
100
AcDbLine
 10
49000.0
 20
101000.0
 30
0.0
 11
49350.0
 21
101000.0
 31
0.0
  0
LINE
  5
1074
330
17
100
AcDbEntity
  8
ARR_PRIMARY
100
AcDbLine
 10
49500.0
 20
101000.0
 30
0.0
 11
49850.0
 21
101000.0
 31
0.0
  0
LINE
  5
1075
330
17
100
AcDbEntity
  8
ARR_PRIMARY
100
AcDbLine
 10
50000.0
 20
101000.0
 30
0.0
 11
50350.0
 21
101000.0
 31
0.0
  0
LINE
  5
1076
330
17
100
AcDbEntity
  8
ARR_PRIMARY
100
AcDbLine
 10
50500.0
 20
101000.0
 30
0.0
 11
50850.0
 21
101000.0
 31
0.0
  0
LINE
  5
1077
330
17
100
AcDbEntity
  8
ARR_PRIMARY
100
AcDbLine
 10
51000.0
 20
101000.0
 30
0.0
 11
51350.0
 21
101000.0
 31
0.0
  0
LINE
  5
1078
330
17
100
AcDbEntity
  8
ARR_PRIMARY
100
AcDbLine
 10
51500.0
 20
101000.0
 30
0.0
 11
51850.0
 21
101000.0
 31
0.0
  0
LINE
  5
1079
330
17
100
AcDbEntity
  8
ARR_PRIMARY
100
AcDbLine
 10
52000.0
 20
101000.0
 30
0.0
 11
52350.0
 21
101000.0
 31
0.0
  0
LINE
  5
107A
330
17
100
AcDbEntity
  8
ARR_PRIMARY
100
AcDbLine
 10
52500.0
 20
101000.0
 30
0.0
 11
52850.0
 21
101000.0
 31
0.0
  0
LINE
  5
107B
330
17
100
AcDbEntity
  8
ARR_PRIMARY
100
AcDbLine
 10
53000.0
 20
101000.0
 30
0.0
 11
53350.0
 21
101000.0
 31
0.0
  0
LINE
  5
107C
330
17
100
AcDbEntity
  8
ARR_PRIMARY
100
AcDbLine
 10
53500.0
 20
101000.0
 30
0.0
 11
53850.0
 21
101000.0
 31
0.0
  0
LINE
  5
107D
330
17
100
AcDbEntity
  8
ARR_PRIMARY
100
AcDbLine
 10
54000.0
 20
101000.0
 30
0.0
 11
54350.0
 21
101000.0
 31
0.0
  0
LINE
  5
107E
330
17
100
AcDbEntity
  8
ARR_PRIMARY
100
AcDbLine
 10
54500.0
 20
101000.0
 30
0.0
 11
54850.0
 21
101000.0
 31
0.0
  0
LINE
  5
107F
330
17
100
AcDbEntity
  8
ARR_PRIMARY
100
AcDbLine
 10
55000.0
 20
101000.0
 30
0.0
 11
55350.0
 21
101000.0
 31
0.0
  0
LINE
  5
1080
330
17
100
AcDbEntity
  8
ARR_PRIMARY
100
AcDbLine
 10
55500.0
 20
101000.0
 30
0.0
 11
55850.0
 21
101000.0
 31
0.0
  0
LINE
  5
1081
330
17
100
AcDbEntity
  8
ARR_PRIMARY
100
AcDbLine
 10
38000.0
 20
112500.0
 30
0.0
 11
38350.0
 21
112500.0
 31
0.0
  0
LINE
  5
1082
330
17
100
AcDbEntity
  8
ARR_PRIMARY
100
AcDbLine
 10
38500.0
 20
112500.0
 30
0.0
 11
38850.0
 21
112500.0
 31
0.0
  0
LINE
  5
1083
330
17
100
AcDbEntity
  8
ARR_PRIMARY
100
AcDbLine
 10
39000.0
 20
112500.0
 30
0.0
 11
39350.0
 21
112500.0
 31
0.0
  0
LINE
  5
1084
330
17
100
AcDbEntity
  8
ARR_PRIMARY
100
AcDbLine
 10
39500.0
 20
112500.0
 30
0.0
 11
39850.0
 21
112500.0
 31
0.0
  0
LINE
  5
1085
330
17
100
AcDbEntity
  8
ARR_PRIMARY
100
AcDbLine
 10
40000.0
 20
112500.0
 30
0.0
 11
40350.0
 21
112500.0
 31
0.0
  0
LINE
  5
1086
330
17
100
AcDbEntity
  8
ARR_PRIMARY
100
AcDbLine
 10
40500.0
 20
112500.0
 30
0.0
 11
40850.0
 21
112500.0
 31
0.0
  0
LINE
  5
1087
330
17
100
AcDbEntity
  8
ARR_PRIMARY
100
AcDbLine
 10
41000.0
 20
112500.0
 30
0.0
 11
41350.0
 21
112500.0
 31
0.0
  0
LINE
  5
1088
330
17
100
AcDbEntity
  8
ARR_PRIMARY
100
AcDbLine
 10
41500.0
 20
112500.0
 30
0.0
 11
41850.0
 21
112500.0
 31
0.0
  0
LINE
  5
1089
330
17
100
AcDbEntity
  8
ARR_PRIMARY
100
AcDbLine
 10
42000.0
 20
112500.0
 30
0.0
 11
42350.0
 21
112500.0
 31
0.0
  0
LINE
  5
108A
330
17
100
AcDbEntity
  8
ARR_PRIMARY
100
AcDbLine
 10
42500.0
 20
112500.0
 30
0.0
 11
42850.0
 21
112500.0
 31
0.0
  0
LINE
  5
108B
330
17
100
AcDbEntity
  8
ARR_PRIMARY
100
AcDbLine
 10
43000.0
 20
112500.0
 30
0.0
 11
43350.0
 21
112500.0
 31
0.0
  0
LINE
  5
108C
330
17
100
AcDbEntity
  8
ARR_PRIMARY
100
AcDbLine
 10
43500.0
 20
112500.0
 30
0.0
 11
43850.0
 21
112500.0
 31
0.0
  0
LINE
  5
108D
330
17
100
AcDbEntity
  8
ARR_PRIMARY
100
AcDbLine
 10
44000.0
 20
112500.0
 30
0.0
 11
44350.0
 21
112500.0
 31
0.0
  0
LINE
  5
108E
330
17
100
AcDbEntity
  8
ARR_PRIMARY
100
AcDbLine
 10
44500.0
 20
112500.0
 30
0.0
 11
44850.0
 21
112500.0
 31
0.0
  0
LINE
  5
108F
330
17
100
AcDbEntity
  8
ARR_PRIMARY
100
AcDbLine
 10
45000.0
 20
112500.0
 30
0.0
 11
45350.0
 21
112500.0
 31
0.0
  0
LINE
  5
1090
330
17
100
AcDbEntity
  8
ARR_PRIMARY
100
AcDbLine
 10
45500.0
 20
112500.0
 30
0.0
 11
45850.0
 21
112500.0
 31
0.0
  0
LINE
  5
1091
330
17
100
AcDbEntity
  8
ARR_PRIMARY
100
AcDbLine
 10
46000.0
 20
112500.0
 30
0.0
 11
46350.0
 21
112500.0
 31
0.0
  0
LINE
  5
1092
330
17
100
AcDbEntity
  8
ARR_PRIMARY
100
AcDbLine
 10
46500.0
 20
112500.0
 30
0.0
 11
46850.0
 21
112500.0
 31
0.0
  0
LINE
  5
1093
330
17
100
AcDbEntity
  8
ARR_PRIMARY
100
AcDbLine
 10
47000.0
 20
112500.0
 30
0.0
 11
47350.0
 21
112500.0
 31
0.0
  0
LINE
  5
1094
330
17
100
AcDbEntity
  8
ARR_PRIMARY
100
AcDbLine
 10
47500.0
 20
112500.0
 30
0.0
 11
47850.0
 21
112500.0
 31
0.0
  0
LINE
  5
1095
330
17
100
AcDbEntity
  8
ARR_PRIMARY
100
AcDbLine
 10
48000.0
 20
112500.0
 30
0.0
 11
48350.0
 21
112500.0
 31
0.0
  0
LINE
  5
1096
330
17
100
AcDbEntity
  8
ARR_PRIMARY
100
AcDbLine
 10
48500.0
 20
112500.0
 30
0.0
 11
48850.0
 21
112500.0
 31
0.0
  0
LINE
  5
1097
330
17
100
AcDbEntity
  8
ARR_PRIMARY
100
AcDbLine
 10
49000.0
 20
112500.0
 30
0.0
 11
49350.0
 21
112500.0
 31
0.0
  0
LINE
  5
1098
330
17
100
AcDbEntity
  8
ARR_PRIMARY
100
AcDbLine
 10
49500.0
 20
112500.0
 30
0.0
 11
49850.0
 21
112500.0
 31
0.0
  0
LINE
  5
1099
330
17
100
AcDbEntity
  8
ARR_PRIMARY
100
AcDbLine
 10
50000.0
 20
112500.0
 30
0.0
 11
50350.0
 21
112500.0
 31
0.0
  0
LINE
  5
109A
330
17
100
AcDbEntity
  8
ARR_PRIMARY
100
AcDbLine
 10
50500.0
 20
112500.0
 30
0.0
 11
50850.0
 21
112500.0
 31
0.0
  0
LINE
  5
109B
330
17
100
AcDbEntity
  8
ARR_PRIMARY
100
AcDbLine
 10
51000.0
 20
112500.0
 30
0.0
 11
51350.0
 21
112500.0
 31
0.0
  0
LINE
  5
109C
330
17
100
AcDbEntity
  8
ARR_PRIMARY
100
AcDbLine
 10
51500.0
 20
112500.0
 30
0.0
 11
51850.0
 21
112500.0
 31
0.0
  0
LINE
  5
109D
330
17
100
AcDbEntity
  8
ARR_PRIMARY
100
AcDbLine
 10
52000.0
 20
112500.0
 30
0.0
 11
52350.0
 21
112500.0
 31
0.0
  0
LINE
  5
109E
330
17
100
AcDbEntity
  8
ARR_PRIMARY
100
AcDbLine
 10
52500.0
 20
112500.0
 30
0.0
 11
52850.0
 21
112500.0
 31
0.0
  0
LINE
  5
109F
330
17
100
AcDbEntity
  8
ARR_PRIMARY
100
AcDbLine
 10
53000.0
 20
112500.0
 30
0.0
 11
53350.0
 21
112500.0
 31
0.0
  0
LINE
  5
10A0
330
17
100
AcDbEntity
  8
ARR_PRIMARY
100
AcDbLine
 10
53500.0
 20
112500.0
 30
0.0
 11
53850.0
 21
112500.0
 31
0.0
  0
LINE
  5
10A1
330
17
100
AcDbEntity
  8
ARR_PRIMARY
100
AcDbLine
 10
54000.0
 20
112500.0
 30
0.0
 11
54350.0
 21
112500.0
 31
0.0
  0
LINE
  5
10A2
330
17
100
AcDbEntity
  8
ARR_PRIMARY
100
AcDbLine
 10
54500.0
 20
112500.0
 30
0.0
 11
54850.0
 21
112500.0
 31
0.0
  0
LINE
  5
10A3
330
17
100
AcDbEntity
  8
ARR_PRIMARY
100
AcDbLine
 10
55000.0
 20
112500.0
 30
0.0
 11
55350.0
 21
112500.0
 31
0.0
  0
LINE
  5
10A4
330
17
100
AcDbEntity
  8
ARR_PRIMARY
100
AcDbLine
 10
55500.0
 20
112500.0
 30
0.0
 11
55850.0
 21
112500.0
 31
0.0
  0
LINE
  5
10A5
330
17
100
AcDbEntity
  8
ARR_BOUNDARY
100
AcDbLine
 10
51500.0
 20
100350.0
 30
0.0
 11
51500.0
 21
114500.0
 31
0.0
  0
LINE
  5
10A6
330
17
100
AcDbEntity
  8
ARR_PRIMARY
100
AcDbLine
 10
40250.0
 20
100350.0
 30
0.0
 11
40250.0
 21
100700.0
 31
0.0
  0
LINE
  5
10A7
330
17
100
AcDbEntity
  8
ARR_PRIMARY
100
AcDbLine
 10
40250.0
 20
100850.0
 30
0.0
 11
40250.0
 21
101200.0
 31
0.0
  0
LINE
  5
10A8
330
17
100
AcDbEntity
  8
ARR_PRIMARY
100
AcDbLine
 10
40250.0
 20
101350.0
 30
0.0
 11
40250.0
 21
101700.0
 31
0.0
  0
LINE
  5
10A9
330
17
100
AcDbEntity
  8
ARR_PRIMARY
100
AcDbLine
 10
40250.0
 20
101850.0
 30
0.0
 11
40250.0
 21
102200.0
 31
0.0
  0
LINE
  5
10AA
330
17
100
AcDbEntity
  8
ARR_PRIMARY
100
AcDbLine
 10
40250.0
 20
102350.0
 30
0.0
 11
40250.0
 21
102700.0
 31
0.0
  0
LINE
  5
10AB
330
17
100
AcDbEntity
  8
ARR_PRIMARY
100
AcDbLine
 10
40250.0
 20
102850.0
 30
0.0
 11
40250.0
 21
103200.0
 31
0.0
  0
LINE
  5
10AC
330
17
100
AcDbEntity
  8
ARR_PRIMARY
100
AcDbLine
 10
40250.0
 20
103350.0
 30
0.0
 11
40250.0
 21
103700.0
 31
0.0
  0
LINE
  5
10AD
330
17
100
AcDbEntity
  8
ARR_PRIMARY
100
AcDbLine
 10
40250.0
 20
103850.0
 30
0.0
 11
40250.0
 21
104200.0
 31
0.0
  0
LINE
  5
10AE
330
17
100
AcDbEntity
  8
ARR_PRIMARY
100
AcDbLine
 10
40250.0
 20
104350.0
 30
0.0
 11
40250.0
 21
104700.0
 31
0.0
  0
LINE
  5
10AF
330
17
100
AcDbEntity
  8
ARR_PRIMARY
100
AcDbLine
 10
40250.0
 20
104850.0
 30
0.0
 11
40250.0
 21
105200.0
 31
0.0
  0
LINE
  5
10B0
330
17
100
AcDbEntity
  8
ARR_PRIMARY
100
AcDbLine
 10
40250.0
 20
105350.0
 30
0.0
 11
40250.0
 21
105700.0
 31
0.0
  0
LINE
  5
10B1
330
17
100
AcDbEntity
  8
ARR_PRIMARY
100
AcDbLine
 10
40250.0
 20
105850.0
 30
0.0
 11
40250.0
 21
106200.0
 31
0.0
  0
LINE
  5
10B2
330
17
100
AcDbEntity
  8
ARR_PRIMARY
100
AcDbLine
 10
40250.0
 20
106350.0
 30
0.0
 11
40250.0
 21
106700.0
 31
0.0
  0
LINE
  5
10B3
330
17
100
AcDbEntity
  8
ARR_PRIMARY
100
AcDbLine
 10
40250.0
 20
106850.0
 30
0.0
 11
40250.0
 21
107200.0
 31
0.0
  0
LINE
  5
10B4
330
17
100
AcDbEntity
  8
ARR_PRIMARY
100
AcDbLine
 10
40250.0
 20
107350.0
 30
0.0
 11
40250.0
 21
107700.0
 31
0.0
  0
LINE
  5
10B5
330
17
100
AcDbEntity
  8
ARR_PRIMARY
100
AcDbLine
 10
40250.0
 20
107850.0
 30
0.0
 11
40250.0
 21
108200.0
 31
0.0
  0
LINE
  5
10B6
330
17
100
AcDbEntity
  8
ARR_PRIMARY
100
AcDbLine
 10
40250.0
 20
108350.0
 30
0.0
 11
40250.0
 21
108700.0
 31
0.0
  0
LINE
  5
10B7
330
17
100
AcDbEntity
  8
ARR_PRIMARY
100
AcDbLine
 10
40250.0
 20
108850.0
 30
0.0
 11
40250.0
 21
109200.0
 31
0.0
  0
LINE
  5
10B8
330
17
100
AcDbEntity
  8
ARR_PRIMARY
100
AcDbLine
 10
40250.0
 20
109350.0
 30
0.0
 11
40250.0
 21
109700.0
 31
0.0
  0
LINE
  5
10B9
330
17
100
AcDbEntity
  8
ARR_PRIMARY
100
AcDbLine
 10
40250.0
 20
109850.0
 30
0.0
 11
40250.0
 21
110200.0
 31
0.0
  0
LINE
  5
10BA
330
17
100
AcDbEntity
  8
ARR_PRIMARY
100
AcDbLine
 10
40250.0
 20
110350.0
 30
0.0
 11
40250.0
 21
110700.0
 31
0.0
  0
LINE
  5
10BB
330
17
100
AcDbEntity
  8
ARR_PRIMARY
100
AcDbLine
 10
40250.0
 20
110850.0
 30
0.0
 11
40250.0
 21
111200.0
 31
0.0
  0
LINE
  5
10BC
330
17
100
AcDbEntity
  8
ARR_PRIMARY
100
AcDbLine
 10
40250.0
 20
111350.0
 30
0.0
 11
40250.0
 21
111700.0
 31
0.0
  0
LINE
  5
10BD
330
17
100
AcDbEntity
  8
ARR_PRIMARY
100
AcDbLine
 10
40250.0
 20
111850.0
 30
0.0
 11
40250.0
 21
112200.0
 31
0.0
  0
LINE
  5
10BE
330
17
100
AcDbEntity
  8
ARR_PRIMARY
100
AcDbLine
 10
40250.0
 20
112350.0
 30
0.0
 11
40250.0
 21
112700.0
 31
0.0
  0
LINE
  5
10BF
330
17
100
AcDbEntity
  8
ARR_PRIMARY
100
AcDbLine
 10
40250.0
 20
112850.0
 30
0.0
 11
40250.0
 21
113200.0
 31
0.0
  0
LINE
  5
10C0
330
17
100
AcDbEntity
  8
ARR_PRIMARY
100
AcDbLine
 10
40250.0
 20
113350.0
 30
0.0
 11
40250.0
 21
113700.0
 31
0.0
  0
LINE
  5
10C1
330
17
100
AcDbEntity
  8
ARR_PRIMARY
100
AcDbLine
 10
40250.0
 20
113850.0
 30
0.0
 11
40250.0
 21
114200.0
 31
0.0
  0
LINE
  5
10C2
330
17
100
AcDbEntity
  8
ARR_PRIMARY
100
AcDbLine
 10
40250.0
 20
114350.0
 30
0.0
 11
40250.0
 21
114500.0
 31
0.0
  0
LINE
  5
10C3
330
17
100
AcDbEntity
  8
ARR_PRIMARY
100
AcDbLine
 10
42500.0
 20
100350.0
 30
0.0
 11
42500.0
 21
100700.0
 31
0.0
  0
LINE
  5
10C4
330
17
100
AcDbEntity
  8
ARR_PRIMARY
100
AcDbLine
 10
42500.0
 20
100850.0
 30
0.0
 11
42500.0
 21
101200.0
 31
0.0
  0
LINE
  5
10C5
330
17
100
AcDbEntity
  8
ARR_PRIMARY
100
AcDbLine
 10
42500.0
 20
101350.0
 30
0.0
 11
42500.0
 21
101700.0
 31
0.0
  0
LINE
  5
10C6
330
17
100
AcDbEntity
  8
ARR_PRIMARY
100
AcDbLine
 10
42500.0
 20
101850.0
 30
0.0
 11
42500.0
 21
102200.0
 31
0.0
  0
LINE
  5
10C7
330
17
100
AcDbEntity
  8
ARR_PRIMARY
100
AcDbLine
 10
42500.0
 20
102350.0
 30
0.0
 11
42500.0
 21
102700.0
 31
0.0
  0
LINE
  5
10C8
330
17
100
AcDbEntity
  8
ARR_PRIMARY
100
AcDbLine
 10
42500.0
 20
102850.0
 30
0.0
 11
42500.0
 21
103200.0
 31
0.0
  0
LINE
  5
10C9
330
17
100
AcDbEntity
  8
ARR_PRIMARY
100
AcDbLine
 10
42500.0
 20
103350.0
 30
0.0
 11
42500.0
 21
103700.0
 31
0.0
  0
LINE
  5
10CA
330
17
100
AcDbEntity
  8
ARR_PRIMARY
100
AcDbLine
 10
42500.0
 20
103850.0
 30
0.0
 11
42500.0
 21
104200.0
 31
0.0
  0
LINE
  5
10CB
330
17
100
AcDbEntity
  8
ARR_PRIMARY
100
AcDbLine
 10
42500.0
 20
104350.0
 30
0.0
 11
42500.0
 21
104700.0
 31
0.0
  0
LINE
  5
10CC
330
17
100
AcDbEntity
  8
ARR_PRIMARY
100
AcDbLine
 10
42500.0
 20
104850.0
 30
0.0
 11
42500.0
 21
105200.0
 31
0.0
  0
LINE
  5
10CD
330
17
100
AcDbEntity
  8
ARR_PRIMARY
100
AcDbLine
 10
42500.0
 20
105350.0
 30
0.0
 11
42500.0
 21
105700.0
 31
0.0
  0
LINE
  5
10CE
330
17
100
AcDbEntity
  8
ARR_PRIMARY
100
AcDbLine
 10
42500.0
 20
105850.0
 30
0.0
 11
42500.0
 21
106200.0
 31
0.0
  0
LINE
  5
10CF
330
17
100
AcDbEntity
  8
ARR_PRIMARY
100
AcDbLine
 10
42500.0
 20
106350.0
 30
0.0
 11
42500.0
 21
106700.0
 31
0.0
  0
LINE
  5
10D0
330
17
100
AcDbEntity
  8
ARR_PRIMARY
100
AcDbLine
 10
42500.0
 20
106850.0
 30
0.0
 11
42500.0
 21
107200.0
 31
0.0
  0
LINE
  5
10D1
330
17
100
AcDbEntity
  8
ARR_PRIMARY
100
AcDbLine
 10
42500.0
 20
107350.0
 30
0.0
 11
42500.0
 21
107700.0
 31
0.0
  0
LINE
  5
10D2
330
17
100
AcDbEntity
  8
ARR_PRIMARY
100
AcDbLine
 10
42500.0
 20
107850.0
 30
0.0
 11
42500.0
 21
108200.0
 31
0.0
  0
LINE
  5
10D3
330
17
100
AcDbEntity
  8
ARR_PRIMARY
100
AcDbLine
 10
42500.0
 20
108350.0
 30
0.0
 11
42500.0
 21
108700.0
 31
0.0
  0
LINE
  5
10D4
330
17
100
AcDbEntity
  8
ARR_PRIMARY
100
AcDbLine
 10
42500.0
 20
108850.0
 30
0.0
 11
42500.0
 21
109200.0
 31
0.0
  0
LINE
  5
10D5
330
17
100
AcDbEntity
  8
ARR_PRIMARY
100
AcDbLine
 10
42500.0
 20
109350.0
 30
0.0
 11
42500.0
 21
109700.0
 31
0.0
  0
LINE
  5
10D6
330
17
100
AcDbEntity
  8
ARR_PRIMARY
100
AcDbLine
 10
42500.0
 20
109850.0
 30
0.0
 11
42500.0
 21
110200.0
 31
0.0
  0
LINE
  5
10D7
330
17
100
AcDbEntity
  8
ARR_PRIMARY
100
AcDbLine
 10
42500.0
 20
110350.0
 30
0.0
 11
42500.0
 21
110700.0
 31
0.0
  0
LINE
  5
10D8
330
17
100
AcDbEntity
  8
ARR_PRIMARY
100
AcDbLine
 10
42500.0
 20
110850.0
 30
0.0
 11
42500.0
 21
111200.0
 31
0.0
  0
LINE
  5
10D9
330
17
100
AcDbEntity
  8
ARR_PRIMARY
100
AcDbLine
 10
42500.0
 20
111350.0
 30
0.0
 11
42500.0
 21
111700.0
 31
0.0
  0
LINE
  5
10DA
330
17
100
AcDbEntity
  8
ARR_PRIMARY
100
AcDbLine
 10
42500.0
 20
111850.0
 30
0.0
 11
42500.0
 21
112200.0
 31
0.0
  0
LINE
  5
10DB
330
17
100
AcDbEntity
  8
ARR_PRIMARY
100
AcDbLine
 10
42500.0
 20
112350.0
 30
0.0
 11
42500.0
 21
112700.0
 31
0.0
  0
LINE
  5
10DC
330
17
100
AcDbEntity
  8
ARR_PRIMARY
100
AcDbLine
 10
42500.0
 20
112850.0
 30
0.0
 11
42500.0
 21
113200.0
 31
0.0
  0
LINE
  5
10DD
330
17
100
AcDbEntity
  8
ARR_PRIMARY
100
AcDbLine
 10
42500.0
 20
113350.0
 30
0.0
 11
42500.0
 21
113700.0
 31
0.0
  0
LINE
  5
10DE
330
17
100
AcDbEntity
  8
ARR_PRIMARY
100
AcDbLine
 10
42500.0
 20
113850.0
 30
0.0
 11
42500.0
 21
114200.0
 31
0.0
  0
LINE
  5
10DF
330
17
100
AcDbEntity
  8
ARR_PRIMARY
100
AcDbLine
 10
42500.0
 20
114350.0
 30
0.0
 11
42500.0
 21
114500.0
 31
0.0
  0
LINE
  5
10E0
330
17
100
AcDbEntity
  8
ARR_PRIMARY
100
AcDbLine
 10
44750.0
 20
100350.0
 30
0.0
 11
44750.0
 21
100700.0
 31
0.0
  0
LINE
  5
10E1
330
17
100
AcDbEntity
  8
ARR_PRIMARY
100
AcDbLine
 10
44750.0
 20
100850.0
 30
0.0
 11
44750.0
 21
101200.0
 31
0.0
  0
LINE
  5
10E2
330
17
100
AcDbEntity
  8
ARR_PRIMARY
100
AcDbLine
 10
44750.0
 20
101350.0
 30
0.0
 11
44750.0
 21
101700.0
 31
0.0
  0
LINE
  5
10E3
330
17
100
AcDbEntity
  8
ARR_PRIMARY
100
AcDbLine
 10
44750.0
 20
101850.0
 30
0.0
 11
44750.0
 21
102200.0
 31
0.0
  0
LINE
  5
10E4
330
17
100
AcDbEntity
  8
ARR_PRIMARY
100
AcDbLine
 10
44750.0
 20
102350.0
 30
0.0
 11
44750.0
 21
102700.0
 31
0.0
  0
LINE
  5
10E5
330
17
100
AcDbEntity
  8
ARR_PRIMARY
100
AcDbLine
 10
44750.0
 20
102850.0
 30
0.0
 11
44750.0
 21
103200.0
 31
0.0
  0
LINE
  5
10E6
330
17
100
AcDbEntity
  8
ARR_PRIMARY
100
AcDbLine
 10
44750.0
 20
103350.0
 30
0.0
 11
44750.0
 21
103700.0
 31
0.0
  0
LINE
  5
10E7
330
17
100
AcDbEntity
  8
ARR_PRIMARY
100
AcDbLine
 10
44750.0
 20
103850.0
 30
0.0
 11
44750.0
 21
104200.0
 31
0.0
  0
LINE
  5
10E8
330
17
100
AcDbEntity
  8
ARR_PRIMARY
100
AcDbLine
 10
44750.0
 20
104350.0
 30
0.0
 11
44750.0
 21
104700.0
 31
0.0
  0
LINE
  5
10E9
330
17
100
AcDbEntity
  8
ARR_PRIMARY
100
AcDbLine
 10
44750.0
 20
104850.0
 30
0.0
 11
44750.0
 21
105200.0
 31
0.0
  0
LINE
  5
10EA
330
17
100
AcDbEntity
  8
ARR_PRIMARY
100
AcDbLine
 10
44750.0
 20
105350.0
 30
0.0
 11
44750.0
 21
105700.0
 31
0.0
  0
LINE
  5
10EB
330
17
100
AcDbEntity
  8
ARR_PRIMARY
100
AcDbLine
 10
44750.0
 20
105850.0
 30
0.0
 11
44750.0
 21
106200.0
 31
0.0
  0
LINE
  5
10EC
330
17
100
AcDbEntity
  8
ARR_PRIMARY
100
AcDbLine
 10
44750.0
 20
106350.0
 30
0.0
 11
44750.0
 21
106700.0
 31
0.0
  0
LINE
  5
10ED
330
17
100
AcDbEntity
  8
ARR_PRIMARY
100
AcDbLine
 10
44750.0
 20
106850.0
 30
0.0
 11
44750.0
 21
107200.0
 31
0.0
  0
LINE
  5
10EE
330
17
100
AcDbEntity
  8
ARR_PRIMARY
100
AcDbLine
 10
44750.0
 20
107350.0
 30
0.0
 11
44750.0
 21
107700.0
 31
0.0
  0
LINE
  5
10EF
330
17
100
AcDbEntity
  8
ARR_PRIMARY
100
AcDbLine
 10
44750.0
 20
107850.0
 30
0.0
 11
44750.0
 21
108200.0
 31
0.0
  0
LINE
  5
10F0
330
17
100
AcDbEntity
  8
ARR_PRIMARY
100
AcDbLine
 10
44750.0
 20
108350.0
 30
0.0
 11
44750.0
 21
108700.0
 31
0.0
  0
LINE
  5
10F1
330
17
100
AcDbEntity
  8
ARR_PRIMARY
100
AcDbLine
 10
44750.0
 20
108850.0
 30
0.0
 11
44750.0
 21
109200.0
 31
0.0
  0
LINE
  5
10F2
330
17
100
AcDbEntity
  8
ARR_PRIMARY
100
AcDbLine
 10
44750.0
 20
109350.0
 30
0.0
 11
44750.0
 21
109700.0
 31
0.0
  0
LINE
  5
10F3
330
17
100
AcDbEntity
  8
ARR_PRIMARY
100
AcDbLine
 10
44750.0
 20
109850.0
 30
0.0
 11
44750.0
 21
110200.0
 31
0.0
  0
LINE
  5
10F4
330
17
100
AcDbEntity
  8
ARR_PRIMARY
100
AcDbLine
 10
44750.0
 20
110350.0
 30
0.0
 11
44750.0
 21
110700.0
 31
0.0
  0
LINE
  5
10F5
330
17
100
AcDbEntity
  8
ARR_PRIMARY
100
AcDbLine
 10
44750.0
 20
110850.0
 30
0.0
 11
44750.0
 21
111200.0
 31
0.0
  0
LINE
  5
10F6
330
17
100
AcDbEntity
  8
ARR_PRIMARY
100
AcDbLine
 10
44750.0
 20
111350.0
 30
0.0
 11
44750.0
 21
111700.0
 31
0.0
  0
LINE
  5
10F7
330
17
100
AcDbEntity
  8
ARR_PRIMARY
100
AcDbLine
 10
44750.0
 20
111850.0
 30
0.0
 11
44750.0
 21
112200.0
 31
0.0
  0
LINE
  5
10F8
330
17
100
AcDbEntity
  8
ARR_PRIMARY
100
AcDbLine
 10
44750.0
 20
112350.0
 30
0.0
 11
44750.0
 21
112700.0
 31
0.0
  0
LINE
  5
10F9
330
17
100
AcDbEntity
  8
ARR_PRIMARY
100
AcDbLine
 10
44750.0
 20
112850.0
 30
0.0
 11
44750.0
 21
113200.0
 31
0.0
  0
LINE
  5
10FA
330
17
100
AcDbEntity
  8
ARR_PRIMARY
100
AcDbLine
 10
44750.0
 20
113350.0
 30
0.0
 11
44750.0
 21
113700.0
 31
0.0
  0
LINE
  5
10FB
330
17
100
AcDbEntity
  8
ARR_PRIMARY
100
AcDbLine
 10
44750.0
 20
113850.0
 30
0.0
 11
44750.0
 21
114200.0
 31
0.0
  0
LINE
  5
10FC
330
17
100
AcDbEntity
  8
ARR_PRIMARY
100
AcDbLine
 10
44750.0
 20
114350.0
 30
0.0
 11
44750.0
 21
114500.0
 31
0.0
  0
LINE
  5
10FD
330
17
100
AcDbEntity
  8
ARR_PRIMARY
100
AcDbLine
 10
47000.0
 20
100350.0
 30
0.0
 11
47000.0
 21
100700.0
 31
0.0
  0
LINE
  5
10FE
330
17
100
AcDbEntity
  8
ARR_PRIMARY
100
AcDbLine
 10
47000.0
 20
100850.0
 30
0.0
 11
47000.0
 21
101200.0
 31
0.0
  0
LINE
  5
10FF
330
17
100
AcDbEntity
  8
ARR_PRIMARY
100
AcDbLine
 10
47000.0
 20
101350.0
 30
0.0
 11
47000.0
 21
101700.0
 31
0.0
  0
LINE
  5
1100
330
17
100
AcDbEntity
  8
ARR_PRIMARY
100
AcDbLine
 10
47000.0
 20
101850.0
 30
0.0
 11
47000.0
 21
102200.0
 31
0.0
  0
LINE
  5
1101
330
17
100
AcDbEntity
  8
ARR_PRIMARY
100
AcDbLine
 10
47000.0
 20
102350.0
 30
0.0
 11
47000.0
 21
102700.0
 31
0.0
  0
LINE
  5
1102
330
17
100
AcDbEntity
  8
ARR_PRIMARY
100
AcDbLine
 10
47000.0
 20
102850.0
 30
0.0
 11
47000.0
 21
103200.0
 31
0.0
  0
LINE
  5
1103
330
17
100
AcDbEntity
  8
ARR_PRIMARY
100
AcDbLine
 10
47000.0
 20
103350.0
 30
0.0
 11
47000.0
 21
103700.0
 31
0.0
  0
LINE
  5
1104
330
17
100
AcDbEntity
  8
ARR_PRIMARY
100
AcDbLine
 10
47000.0
 20
103850.0
 30
0.0
 11
47000.0
 21
104200.0
 31
0.0
  0
LINE
  5
1105
330
17
100
AcDbEntity
  8
ARR_PRIMARY
100
AcDbLine
 10
47000.0
 20
104350.0
 30
0.0
 11
47000.0
 21
104700.0
 31
0.0
  0
LINE
  5
1106
330
17
100
AcDbEntity
  8
ARR_PRIMARY
100
AcDbLine
 10
47000.0
 20
104850.0
 30
0.0
 11
47000.0
 21
105200.0
 31
0.0
  0
LINE
  5
1107
330
17
100
AcDbEntity
  8
ARR_PRIMARY
100
AcDbLine
 10
47000.0
 20
105350.0
 30
0.0
 11
47000.0
 21
105700.0
 31
0.0
  0
LINE
  5
1108
330
17
100
AcDbEntity
  8
ARR_PRIMARY
100
AcDbLine
 10
47000.0
 20
105850.0
 30
0.0
 11
47000.0
 21
106200.0
 31
0.0
  0
LINE
  5
1109
330
17
100
AcDbEntity
  8
ARR_PRIMARY
100
AcDbLine
 10
47000.0
 20
106350.0
 30
0.0
 11
47000.0
 21
106700.0
 31
0.0
  0
LINE
  5
110A
330
17
100
AcDbEntity
  8
ARR_PRIMARY
100
AcDbLine
 10
47000.0
 20
106850.0
 30
0.0
 11
47000.0
 21
107200.0
 31
0.0
  0
LINE
  5
110B
330
17
100
AcDbEntity
  8
ARR_PRIMARY
100
AcDbLine
 10
47000.0
 20
107350.0
 30
0.0
 11
47000.0
 21
107700.0
 31
0.0
  0
LINE
  5
110C
330
17
100
AcDbEntity
  8
ARR_PRIMARY
100
AcDbLine
 10
47000.0
 20
107850.0
 30
0.0
 11
47000.0
 21
108200.0
 31
0.0
  0
LINE
  5
110D
330
17
100
AcDbEntity
  8
ARR_PRIMARY
100
AcDbLine
 10
47000.0
 20
108350.0
 30
0.0
 11
47000.0
 21
108700.0
 31
0.0
  0
LINE
  5
110E
330
17
100
AcDbEntity
  8
ARR_PRIMARY
100
AcDbLine
 10
47000.0
 20
108850.0
 30
0.0
 11
47000.0
 21
109200.0
 31
0.0
  0
LINE
  5
110F
330
17
100
AcDbEntity
  8
ARR_PRIMARY
100
AcDbLine
 10
47000.0
 20
109350.0
 30
0.0
 11
47000.0
 21
109700.0
 31
0.0
  0
LINE
  5
1110
330
17
100
AcDbEntity
  8
ARR_PRIMARY
100
AcDbLine
 10
47000.0
 20
109850.0
 30
0.0
 11
47000.0
 21
110200.0
 31
0.0
  0
LINE
  5
1111
330
17
100
AcDbEntity
  8
ARR_PRIMARY
100
AcDbLine
 10
47000.0
 20
110350.0
 30
0.0
 11
47000.0
 21
110700.0
 31
0.0
  0
LINE
  5
1112
330
17
100
AcDbEntity
  8
ARR_PRIMARY
100
AcDbLine
 10
47000.0
 20
110850.0
 30
0.0
 11
47000.0
 21
111200.0
 31
0.0
  0
LINE
  5
1113
330
17
100
AcDbEntity
  8
ARR_PRIMARY
100
AcDbLine
 10
47000.0
 20
111350.0
 30
0.0
 11
47000.0
 21
111700.0
 31
0.0
  0
LINE
  5
1114
330
17
100
AcDbEntity
  8
ARR_PRIMARY
100
AcDbLine
 10
47000.0
 20
111850.0
 30
0.0
 11
47000.0
 21
112200.0
 31
0.0
  0
LINE
  5
1115
330
17
100
AcDbEntity
  8
ARR_PRIMARY
100
AcDbLine
 10
47000.0
 20
112350.0
 30
0.0
 11
47000.0
 21
112700.0
 31
0.0
  0
LINE
  5
1116
330
17
100
AcDbEntity
  8
ARR_PRIMARY
100
AcDbLine
 10
47000.0
 20
112850.0
 30
0.0
 11
47000.0
 21
113200.0
 31
0.0
  0
LINE
  5
1117
330
17
100
AcDbEntity
  8
ARR_PRIMARY
100
AcDbLine
 10
47000.0
 20
113350.0
 30
0.0
 11
47000.0
 21
113700.0
 31
0.0
  0
LINE
  5
1118
330
17
100
AcDbEntity
  8
ARR_PRIMARY
100
AcDbLine
 10
47000.0
 20
113850.0
 30
0.0
 11
47000.0
 21
114200.0
 31
0.0
  0
LINE
  5
1119
330
17
100
AcDbEntity
  8
ARR_PRIMARY
100
AcDbLine
 10
47000.0
 20
114350.0
 30
0.0
 11
47000.0
 21
114500.0
 31
0.0
  0
LINE
  5
111A
330
17
100
AcDbEntity
  8
ARR_PRIMARY
100
AcDbLine
 10
49250.0
 20
100350.0
 30
0.0
 11
49250.0
 21
100700.0
 31
0.0
  0
LINE
  5
111B
330
17
100
AcDbEntity
  8
ARR_PRIMARY
100
AcDbLine
 10
49250.0
 20
100850.0
 30
0.0
 11
49250.0
 21
101200.0
 31
0.0
  0
LINE
  5
111C
330
17
100
AcDbEntity
  8
ARR_PRIMARY
100
AcDbLine
 10
49250.0
 20
101350.0
 30
0.0
 11
49250.0
 21
101700.0
 31
0.0
  0
LINE
  5
111D
330
17
100
AcDbEntity
  8
ARR_PRIMARY
100
AcDbLine
 10
49250.0
 20
101850.0
 30
0.0
 11
49250.0
 21
102200.0
 31
0.0
  0
LINE
  5
111E
330
17
100
AcDbEntity
  8
ARR_PRIMARY
100
AcDbLine
 10
49250.0
 20
102350.0
 30
0.0
 11
49250.0
 21
102700.0
 31
0.0
  0
LINE
  5
111F
330
17
100
AcDbEntity
  8
ARR_PRIMARY
100
AcDbLine
 10
49250.0
 20
102850.0
 30
0.0
 11
49250.0
 21
103200.0
 31
0.0
  0
LINE
  5
1120
330
17
100
AcDbEntity
  8
ARR_PRIMARY
100
AcDbLine
 10
49250.0
 20
103350.0
 30
0.0
 11
49250.0
 21
103700.0
 31
0.0
  0
LINE
  5
1121
330
17
100
AcDbEntity
  8
ARR_PRIMARY
100
AcDbLine
 10
49250.0
 20
103850.0
 30
0.0
 11
49250.0
 21
104200.0
 31
0.0
  0
LINE
  5
1122
330
17
100
AcDbEntity
  8
ARR_PRIMARY
100
AcDbLine
 10
49250.0
 20
104350.0
 30
0.0
 11
49250.0
 21
104700.0
 31
0.0
  0
LINE
  5
1123
330
17
100
AcDbEntity
  8
ARR_PRIMARY
100
AcDbLine
 10
49250.0
 20
104850.0
 30
0.0
 11
49250.0
 21
105200.0
 31
0.0
  0
LINE
  5
1124
330
17
100
AcDbEntity
  8
ARR_PRIMARY
100
AcDbLine
 10
49250.0
 20
105350.0
 30
0.0
 11
49250.0
 21
105700.0
 31
0.0
  0
LINE
  5
1125
330
17
100
AcDbEntity
  8
ARR_PRIMARY
100
AcDbLine
 10
49250.0
 20
105850.0
 30
0.0
 11
49250.0
 21
106200.0
 31
0.0
  0
LINE
  5
1126
330
17
100
AcDbEntity
  8
ARR_PRIMARY
100
AcDbLine
 10
49250.0
 20
106350.0
 30
0.0
 11
49250.0
 21
106700.0
 31
0.0
  0
LINE
  5
1127
330
17
100
AcDbEntity
  8
ARR_PRIMARY
100
AcDbLine
 10
49250.0
 20
106850.0
 30
0.0
 11
49250.0
 21
107200.0
 31
0.0
  0
LINE
  5
1128
330
17
100
AcDbEntity
  8
ARR_PRIMARY
100
AcDbLine
 10
49250.0
 20
107350.0
 30
0.0
 11
49250.0
 21
107700.0
 31
0.0
  0
LINE
  5
1129
330
17
100
AcDbEntity
  8
ARR_PRIMARY
100
AcDbLine
 10
49250.0
 20
107850.0
 30
0.0
 11
49250.0
 21
108200.0
 31
0.0
  0
LINE
  5
112A
330
17
100
AcDbEntity
  8
ARR_PRIMARY
100
AcDbLine
 10
49250.0
 20
108350.0
 30
0.0
 11
49250.0
 21
108700.0
 31
0.0
  0
LINE
  5
112B
330
17
100
AcDbEntity
  8
ARR_PRIMARY
100
AcDbLine
 10
49250.0
 20
108850.0
 30
0.0
 11
49250.0
 21
109200.0
 31
0.0
  0
LINE
  5
112C
330
17
100
AcDbEntity
  8
ARR_PRIMARY
100
AcDbLine
 10
49250.0
 20
109350.0
 30
0.0
 11
49250.0
 21
109700.0
 31
0.0
  0
LINE
  5
112D
330
17
100
AcDbEntity
  8
ARR_PRIMARY
100
AcDbLine
 10
49250.0
 20
109850.0
 30
0.0
 11
49250.0
 21
110200.0
 31
0.0
  0
LINE
  5
112E
330
17
100
AcDbEntity
  8
ARR_PRIMARY
100
AcDbLine
 10
49250.0
 20
110350.0
 30
0.0
 11
49250.0
 21
110700.0
 31
0.0
  0
LINE
  5
112F
330
17
100
AcDbEntity
  8
ARR_PRIMARY
100
AcDbLine
 10
49250.0
 20
110850.0
 30
0.0
 11
49250.0
 21
111200.0
 31
0.0
  0
LINE
  5
1130
330
17
100
AcDbEntity
  8
ARR_PRIMARY
100
AcDbLine
 10
49250.0
 20
111350.0
 30
0.0
 11
49250.0
 21
111700.0
 31
0.0
  0
LINE
  5
1131
330
17
100
AcDbEntity
  8
ARR_PRIMARY
100
AcDbLine
 10
49250.0
 20
111850.0
 30
0.0
 11
49250.0
 21
112200.0
 31
0.0
  0
LINE
  5
1132
330
17
100
AcDbEntity
  8
ARR_PRIMARY
100
AcDbLine
 10
49250.0
 20
112350.0
 30
0.0
 11
49250.0
 21
112700.0
 31
0.0
  0
LINE
  5
1133
330
17
100
AcDbEntity
  8
ARR_PRIMARY
100
AcDbLine
 10
49250.0
 20
112850.0
 30
0.0
 11
49250.0
 21
113200.0
 31
0.0
  0
LINE
  5
1134
330
17
100
AcDbEntity
  8
ARR_PRIMARY
100
AcDbLine
 10
49250.0
 20
113350.0
 30
0.0
 11
49250.0
 21
113700.0
 31
0.0
  0
LINE
  5
1135
330
17
100
AcDbEntity
  8
ARR_PRIMARY
100
AcDbLine
 10
49250.0
 20
113850.0
 30
0.0
 11
49250.0
 21
114200.0
 31
0.0
  0
LINE
  5
1136
330
17
100
AcDbEntity
  8
ARR_PRIMARY
100
AcDbLine
 10
49250.0
 20
114350.0
 30
0.0
 11
49250.0
 21
114500.0
 31
0.0
  0
LINE
  5
1137
330
17
100
AcDbEntity
  8
ARR_PRIMARY
100
AcDbLine
 10
53750.0
 20
100350.0
 30
0.0
 11
53750.0
 21
100700.0
 31
0.0
  0
LINE
  5
1138
330
17
100
AcDbEntity
  8
ARR_PRIMARY
100
AcDbLine
 10
53750.0
 20
100850.0
 30
0.0
 11
53750.0
 21
101200.0
 31
0.0
  0
LINE
  5
1139
330
17
100
AcDbEntity
  8
ARR_PRIMARY
100
AcDbLine
 10
53750.0
 20
101350.0
 30
0.0
 11
53750.0
 21
101700.0
 31
0.0
  0
LINE
  5
113A
330
17
100
AcDbEntity
  8
ARR_PRIMARY
100
AcDbLine
 10
53750.0
 20
101850.0
 30
0.0
 11
53750.0
 21
102200.0
 31
0.0
  0
LINE
  5
113B
330
17
100
AcDbEntity
  8
ARR_PRIMARY
100
AcDbLine
 10
53750.0
 20
102350.0
 30
0.0
 11
53750.0
 21
102700.0
 31
0.0
  0
LINE
  5
113C
330
17
100
AcDbEntity
  8
ARR_PRIMARY
100
AcDbLine
 10
53750.0
 20
102850.0
 30
0.0
 11
53750.0
 21
103200.0
 31
0.0
  0
LINE
  5
113D
330
17
100
AcDbEntity
  8
ARR_PRIMARY
100
AcDbLine
 10
53750.0
 20
103350.0
 30
0.0
 11
53750.0
 21
103700.0
 31
0.0
  0
LINE
  5
113E
330
17
100
AcDbEntity
  8
ARR_PRIMARY
100
AcDbLine
 10
53750.0
 20
103850.0
 30
0.0
 11
53750.0
 21
104200.0
 31
0.0
  0
LINE
  5
113F
330
17
100
AcDbEntity
  8
ARR_PRIMARY
100
AcDbLine
 10
53750.0
 20
104350.0
 30
0.0
 11
53750.0
 21
104700.0
 31
0.0
  0
LINE
  5
1140
330
17
100
AcDbEntity
  8
ARR_PRIMARY
100
AcDbLine
 10
53750.0
 20
104850.0
 30
0.0
 11
53750.0
 21
105200.0
 31
0.0
  0
LINE
  5
1141
330
17
100
AcDbEntity
  8
ARR_PRIMARY
100
AcDbLine
 10
53750.0
 20
105350.0
 30
0.0
 11
53750.0
 21
105700.0
 31
0.0
  0
LINE
  5
1142
330
17
100
AcDbEntity
  8
ARR_PRIMARY
100
AcDbLine
 10
53750.0
 20
105850.0
 30
0.0
 11
53750.0
 21
106200.0
 31
0.0
  0
LINE
  5
1143
330
17
100
AcDbEntity
  8
ARR_PRIMARY
100
AcDbLine
 10
53750.0
 20
106350.0
 30
0.0
 11
53750.0
 21
106700.0
 31
0.0
  0
LINE
  5
1144
330
17
100
AcDbEntity
  8
ARR_PRIMARY
100
AcDbLine
 10
53750.0
 20
106850.0
 30
0.0
 11
53750.0
 21
107200.0
 31
0.0
  0
LINE
  5
1145
330
17
100
AcDbEntity
  8
ARR_PRIMARY
100
AcDbLine
 10
53750.0
 20
107350.0
 30
0.0
 11
53750.0
 21
107700.0
 31
0.0
  0
LINE
  5
1146
330
17
100
AcDbEntity
  8
ARR_PRIMARY
100
AcDbLine
 10
53750.0
 20
107850.0
 30
0.0
 11
53750.0
 21
108200.0
 31
0.0
  0
LINE
  5
1147
330
17
100
AcDbEntity
  8
ARR_PRIMARY
100
AcDbLine
 10
53750.0
 20
108350.0
 30
0.0
 11
53750.0
 21
108700.0
 31
0.0
  0
LINE
  5
1148
330
17
100
AcDbEntity
  8
ARR_PRIMARY
100
AcDbLine
 10
53750.0
 20
108850.0
 30
0.0
 11
53750.0
 21
109200.0
 31
0.0
  0
LINE
  5
1149
330
17
100
AcDbEntity
  8
ARR_PRIMARY
100
AcDbLine
 10
53750.0
 20
109350.0
 30
0.0
 11
53750.0
 21
109700.0
 31
0.0
  0
LINE
  5
114A
330
17
100
AcDbEntity
  8
ARR_PRIMARY
100
AcDbLine
 10
53750.0
 20
109850.0
 30
0.0
 11
53750.0
 21
110200.0
 31
0.0
  0
LINE
  5
114B
330
17
100
AcDbEntity
  8
ARR_PRIMARY
100
AcDbLine
 10
53750.0
 20
110350.0
 30
0.0
 11
53750.0
 21
110700.0
 31
0.0
  0
LINE
  5
114C
330
17
100
AcDbEntity
  8
ARR_PRIMARY
100
AcDbLine
 10
53750.0
 20
110850.0
 30
0.0
 11
53750.0
 21
111200.0
 31
0.0
  0
LINE
  5
114D
330
17
100
AcDbEntity
  8
ARR_PRIMARY
100
AcDbLine
 10
53750.0
 20
111350.0
 30
0.0
 11
53750.0
 21
111700.0
 31
0.0
  0
LINE
  5
114E
330
17
100
AcDbEntity
  8
ARR_PRIMARY
100
AcDbLine
 10
53750.0
 20
111850.0
 30
0.0
 11
53750.0
 21
112200.0
 31
0.0
  0
LINE
  5
114F
330
17
100
AcDbEntity
  8
ARR_PRIMARY
100
AcDbLine
 10
53750.0
 20
112350.0
 30
0.0
 11
53750.0
 21
112700.0
 31
0.0
  0
LINE
  5
1150
330
17
100
AcDbEntity
  8
ARR_PRIMARY
100
AcDbLine
 10
53750.0
 20
112850.0
 30
0.0
 11
53750.0
 21
113200.0
 31
0.0
  0
LINE
  5
1151
330
17
100
AcDbEntity
  8
ARR_PRIMARY
100
AcDbLine
 10
53750.0
 20
113350.0
 30
0.0
 11
53750.0
 21
113700.0
 31
0.0
  0
LINE
  5
1152
330
17
100
AcDbEntity
  8
ARR_PRIMARY
100
AcDbLine
 10
53750.0
 20
113850.0
 30
0.0
 11
53750.0
 21
114200.0
 31
0.0
  0
LINE
  5
1153
330
17
100
AcDbEntity
  8
ARR_PRIMARY
100
AcDbLine
 10
53750.0
 20
114350.0
 30
0.0
 11
53750.0
 21
114500.0
 31
0.0
  0
LINE
  5
1154
330
17
100
AcDbEntity
  8
ARR_SECONDARY
100
AcDbLine
 10
38000.0
 20
101766.6666666667
 30
0.0
 11
38350.0
 21
101766.6666666667
 31
0.0
  0
LINE
  5
1155
330
17
100
AcDbEntity
  8
ARR_SECONDARY
100
AcDbLine
 10
38500.0
 20
101766.6666666667
 30
0.0
 11
38850.0
 21
101766.6666666667
 31
0.0
  0
LINE
  5
1156
330
17
100
AcDbEntity
  8
ARR_SECONDARY
100
AcDbLine
 10
39000.0
 20
101766.6666666667
 30
0.0
 11
39350.0
 21
101766.6666666667
 31
0.0
  0
LINE
  5
1157
330
17
100
AcDbEntity
  8
ARR_SECONDARY
100
AcDbLine
 10
39500.0
 20
101766.6666666667
 30
0.0
 11
39850.0
 21
101766.6666666667
 31
0.0
  0
LINE
  5
1158
330
17
100
AcDbEntity
  8
ARR_SECONDARY
100
AcDbLine
 10
40000.0
 20
101766.6666666667
 30
0.0
 11
40350.0
 21
101766.6666666667
 31
0.0
  0
LINE
  5
1159
330
17
100
AcDbEntity
  8
ARR_SECONDARY
100
AcDbLine
 10
40500.0
 20
101766.6666666667
 30
0.0
 11
40850.0
 21
101766.6666666667
 31
0.0
  0
LINE
  5
115A
330
17
100
AcDbEntity
  8
ARR_SECONDARY
100
AcDbLine
 10
41000.0
 20
101766.6666666667
 30
0.0
 11
41350.0
 21
101766.6666666667
 31
0.0
  0
LINE
  5
115B
330
17
100
AcDbEntity
  8
ARR_SECONDARY
100
AcDbLine
 10
41500.0
 20
101766.6666666667
 30
0.0
 11
41850.0
 21
101766.6666666667
 31
0.0
  0
LINE
  5
115C
330
17
100
AcDbEntity
  8
ARR_SECONDARY
100
AcDbLine
 10
42000.0
 20
101766.6666666667
 30
0.0
 11
42350.0
 21
101766.6666666667
 31
0.0
  0
LINE
  5
115D
330
17
100
AcDbEntity
  8
ARR_SECONDARY
100
AcDbLine
 10
42500.0
 20
101766.6666666667
 30
0.0
 11
42850.0
 21
101766.6666666667
 31
0.0
  0
LINE
  5
115E
330
17
100
AcDbEntity
  8
ARR_SECONDARY
100
AcDbLine
 10
43000.0
 20
101766.6666666667
 30
0.0
 11
43350.0
 21
101766.6666666667
 31
0.0
  0
LINE
  5
115F
330
17
100
AcDbEntity
  8
ARR_SECONDARY
100
AcDbLine
 10
43500.0
 20
101766.6666666667
 30
0.0
 11
43850.0
 21
101766.6666666667
 31
0.0
  0
LINE
  5
1160
330
17
100
AcDbEntity
  8
ARR_SECONDARY
100
AcDbLine
 10
44000.0
 20
101766.6666666667
 30
0.0
 11
44350.0
 21
101766.6666666667
 31
0.0
  0
LINE
  5
1161
330
17
100
AcDbEntity
  8
ARR_SECONDARY
100
AcDbLine
 10
44500.0
 20
101766.6666666667
 30
0.0
 11
44850.0
 21
101766.6666666667
 31
0.0
  0
LINE
  5
1162
330
17
100
AcDbEntity
  8
ARR_SECONDARY
100
AcDbLine
 10
45000.0
 20
101766.6666666667
 30
0.0
 11
45350.0
 21
101766.6666666667
 31
0.0
  0
LINE
  5
1163
330
17
100
AcDbEntity
  8
ARR_SECONDARY
100
AcDbLine
 10
45500.0
 20
101766.6666666667
 30
0.0
 11
45850.0
 21
101766.6666666667
 31
0.0
  0
LINE
  5
1164
330
17
100
AcDbEntity
  8
ARR_SECONDARY
100
AcDbLine
 10
46000.0
 20
101766.6666666667
 30
0.0
 11
46350.0
 21
101766.6666666667
 31
0.0
  0
LINE
  5
1165
330
17
100
AcDbEntity
  8
ARR_SECONDARY
100
AcDbLine
 10
46500.0
 20
101766.6666666667
 30
0.0
 11
46850.0
 21
101766.6666666667
 31
0.0
  0
LINE
  5
1166
330
17
100
AcDbEntity
  8
ARR_SECONDARY
100
AcDbLine
 10
47000.0
 20
101766.6666666667
 30
0.0
 11
47350.0
 21
101766.6666666667
 31
0.0
  0
LINE
  5
1167
330
17
100
AcDbEntity
  8
ARR_SECONDARY
100
AcDbLine
 10
47500.0
 20
101766.6666666667
 30
0.0
 11
47850.0
 21
101766.6666666667
 31
0.0
  0
LINE
  5
1168
330
17
100
AcDbEntity
  8
ARR_SECONDARY
100
AcDbLine
 10
48000.0
 20
101766.6666666667
 30
0.0
 11
48350.0
 21
101766.6666666667
 31
0.0
  0
LINE
  5
1169
330
17
100
AcDbEntity
  8
ARR_SECONDARY
100
AcDbLine
 10
48500.0
 20
101766.6666666667
 30
0.0
 11
48850.0
 21
101766.6666666667
 31
0.0
  0
LINE
  5
116A
330
17
100
AcDbEntity
  8
ARR_SECONDARY
100
AcDbLine
 10
49000.0
 20
101766.6666666667
 30
0.0
 11
49350.0
 21
101766.6666666667
 31
0.0
  0
LINE
  5
116B
330
17
100
AcDbEntity
  8
ARR_SECONDARY
100
AcDbLine
 10
49500.0
 20
101766.6666666667
 30
0.0
 11
49850.0
 21
101766.6666666667
 31
0.0
  0
LINE
  5
116C
330
17
100
AcDbEntity
  8
ARR_SECONDARY
100
AcDbLine
 10
50000.0
 20
101766.6666666667
 30
0.0
 11
50350.0
 21
101766.6666666667
 31
0.0
  0
LINE
  5
116D
330
17
100
AcDbEntity
  8
ARR_SECONDARY
100
AcDbLine
 10
50500.0
 20
101766.6666666667
 30
0.0
 11
50850.0
 21
101766.6666666667
 31
0.0
  0
LINE
  5
116E
330
17
100
AcDbEntity
  8
ARR_SECONDARY
100
AcDbLine
 10
51000.0
 20
101766.6666666667
 30
0.0
 11
51350.0
 21
101766.6666666667
 31
0.0
  0
LINE
  5
116F
330
17
100
AcDbEntity
  8
ARR_SECONDARY
100
AcDbLine
 10
51500.0
 20
101766.6666666667
 30
0.0
 11
51850.0
 21
101766.6666666667
 31
0.0
  0
LINE
  5
1170
330
17
100
AcDbEntity
  8
ARR_SECONDARY
100
AcDbLine
 10
52000.0
 20
101766.6666666667
 30
0.0
 11
52350.0
 21
101766.6666666667
 31
0.0
  0
LINE
  5
1171
330
17
100
AcDbEntity
  8
ARR_SECONDARY
100
AcDbLine
 10
52500.0
 20
101766.6666666667
 30
0.0
 11
52850.0
 21
101766.6666666667
 31
0.0
  0
LINE
  5
1172
330
17
100
AcDbEntity
  8
ARR_SECONDARY
100
AcDbLine
 10
53000.0
 20
101766.6666666667
 30
0.0
 11
53350.0
 21
101766.6666666667
 31
0.0
  0
LINE
  5
1173
330
17
100
AcDbEntity
  8
ARR_SECONDARY
100
AcDbLine
 10
53500.0
 20
101766.6666666667
 30
0.0
 11
53850.0
 21
101766.6666666667
 31
0.0
  0
LINE
  5
1174
330
17
100
AcDbEntity
  8
ARR_SECONDARY
100
AcDbLine
 10
54000.0
 20
101766.6666666667
 30
0.0
 11
54350.0
 21
101766.6666666667
 31
0.0
  0
LINE
  5
1175
330
17
100
AcDbEntity
  8
ARR_SECONDARY
100
AcDbLine
 10
54500.0
 20
101766.6666666667
 30
0.0
 11
54850.0
 21
101766.6666666667
 31
0.0
  0
LINE
  5
1176
330
17
100
AcDbEntity
  8
ARR_SECONDARY
100
AcDbLine
 10
55000.0
 20
101766.6666666667
 30
0.0
 11
55350.0
 21
101766.6666666667
 31
0.0
  0
LINE
  5
1177
330
17
100
AcDbEntity
  8
ARR_SECONDARY
100
AcDbLine
 10
55500.0
 20
101766.6666666667
 30
0.0
 11
55850.0
 21
101766.6666666667
 31
0.0
  0
LINE
  5
1178
330
17
100
AcDbEntity
  8
ARR_SECONDARY
100
AcDbLine
 10
38000.0
 20
102533.3333333333
 30
0.0
 11
38350.0
 21
102533.3333333333
 31
0.0
  0
LINE
  5
1179
330
17
100
AcDbEntity
  8
ARR_SECONDARY
100
AcDbLine
 10
38500.0
 20
102533.3333333333
 30
0.0
 11
38850.0
 21
102533.3333333333
 31
0.0
  0
LINE
  5
117A
330
17
100
AcDbEntity
  8
ARR_SECONDARY
100
AcDbLine
 10
39000.0
 20
102533.3333333333
 30
0.0
 11
39350.0
 21
102533.3333333333
 31
0.0
  0
LINE
  5
117B
330
17
100
AcDbEntity
  8
ARR_SECONDARY
100
AcDbLine
 10
39500.0
 20
102533.3333333333
 30
0.0
 11
39850.0
 21
102533.3333333333
 31
0.0
  0
LINE
  5
117C
330
17
100
AcDbEntity
  8
ARR_SECONDARY
100
AcDbLine
 10
40000.0
 20
102533.3333333333
 30
0.0
 11
40350.0
 21
102533.3333333333
 31
0.0
  0
LINE
  5
117D
330
17
100
AcDbEntity
  8
ARR_SECONDARY
100
AcDbLine
 10
40500.0
 20
102533.3333333333
 30
0.0
 11
40850.0
 21
102533.3333333333
 31
0.0
  0
LINE
  5
117E
330
17
100
AcDbEntity
  8
ARR_SECONDARY
100
AcDbLine
 10
41000.0
 20
102533.3333333333
 30
0.0
 11
41350.0
 21
102533.3333333333
 31
0.0
  0
LINE
  5
117F
330
17
100
AcDbEntity
  8
ARR_SECONDARY
100
AcDbLine
 10
41500.0
 20
102533.3333333333
 30
0.0
 11
41850.0
 21
102533.3333333333
 31
0.0
  0
LINE
  5
1180
330
17
100
AcDbEntity
  8
ARR_SECONDARY
100
AcDbLine
 10
42000.0
 20
102533.3333333333
 30
0.0
 11
42350.0
 21
102533.3333333333
 31
0.0
  0
LINE
  5
1181
330
17
100
AcDbEntity
  8
ARR_SECONDARY
100
AcDbLine
 10
42500.0
 20
102533.3333333333
 30
0.0
 11
42850.0
 21
102533.3333333333
 31
0.0
  0
LINE
  5
1182
330
17
100
AcDbEntity
  8
ARR_SECONDARY
100
AcDbLine
 10
43000.0
 20
102533.3333333333
 30
0.0
 11
43350.0
 21
102533.3333333333
 31
0.0
  0
LINE
  5
1183
330
17
100
AcDbEntity
  8
ARR_SECONDARY
100
AcDbLine
 10
43500.0
 20
102533.3333333333
 30
0.0
 11
43850.0
 21
102533.3333333333
 31
0.0
  0
LINE
  5
1184
330
17
100
AcDbEntity
  8
ARR_SECONDARY
100
AcDbLine
 10
44000.0
 20
102533.3333333333
 30
0.0
 11
44350.0
 21
102533.3333333333
 31
0.0
  0
LINE
  5
1185
330
17
100
AcDbEntity
  8
ARR_SECONDARY
100
AcDbLine
 10
44500.0
 20
102533.3333333333
 30
0.0
 11
44850.0
 21
102533.3333333333
 31
0.0
  0
LINE
  5
1186
330
17
100
AcDbEntity
  8
ARR_SECONDARY
100
AcDbLine
 10
45000.0
 20
102533.3333333333
 30
0.0
 11
45350.0
 21
102533.3333333333
 31
0.0
  0
LINE
  5
1187
330
17
100
AcDbEntity
  8
ARR_SECONDARY
100
AcDbLine
 10
45500.0
 20
102533.3333333333
 30
0.0
 11
45850.0
 21
102533.3333333333
 31
0.0
  0
LINE
  5
1188
330
17
100
AcDbEntity
  8
ARR_SECONDARY
100
AcDbLine
 10
46000.0
 20
102533.3333333333
 30
0.0
 11
46350.0
 21
102533.3333333333
 31
0.0
  0
LINE
  5
1189
330
17
100
AcDbEntity
  8
ARR_SECONDARY
100
AcDbLine
 10
46500.0
 20
102533.3333333333
 30
0.0
 11
46850.0
 21
102533.3333333333
 31
0.0
  0
LINE
  5
118A
330
17
100
AcDbEntity
  8
ARR_SECONDARY
100
AcDbLine
 10
47000.0
 20
102533.3333333333
 30
0.0
 11
47350.0
 21
102533.3333333333
 31
0.0
  0
LINE
  5
118B
330
17
100
AcDbEntity
  8
ARR_SECONDARY
100
AcDbLine
 10
47500.0
 20
102533.3333333333
 30
0.0
 11
47850.0
 21
102533.3333333333
 31
0.0
  0
LINE
  5
118C
330
17
100
AcDbEntity
  8
ARR_SECONDARY
100
AcDbLine
 10
48000.0
 20
102533.3333333333
 30
0.0
 11
48350.0
 21
102533.3333333333
 31
0.0
  0
LINE
  5
118D
330
17
100
AcDbEntity
  8
ARR_SECONDARY
100
AcDbLine
 10
48500.0
 20
102533.3333333333
 30
0.0
 11
48850.0
 21
102533.3333333333
 31
0.0
  0
LINE
  5
118E
330
17
100
AcDbEntity
  8
ARR_SECONDARY
100
AcDbLine
 10
49000.0
 20
102533.3333333333
 30
0.0
 11
49350.0
 21
102533.3333333333
 31
0.0
  0
LINE
  5
118F
330
17
100
AcDbEntity
  8
ARR_SECONDARY
100
AcDbLine
 10
49500.0
 20
102533.3333333333
 30
0.0
 11
49850.0
 21
102533.3333333333
 31
0.0
  0
LINE
  5
1190
330
17
100
AcDbEntity
  8
ARR_SECONDARY
100
AcDbLine
 10
50000.0
 20
102533.3333333333
 30
0.0
 11
50350.0
 21
102533.3333333333
 31
0.0
  0
LINE
  5
1191
330
17
100
AcDbEntity
  8
ARR_SECONDARY
100
AcDbLine
 10
50500.0
 20
102533.3333333333
 30
0.0
 11
50850.0
 21
102533.3333333333
 31
0.0
  0
LINE
  5
1192
330
17
100
AcDbEntity
  8
ARR_SECONDARY
100
AcDbLine
 10
51000.0
 20
102533.3333333333
 30
0.0
 11
51350.0
 21
102533.3333333333
 31
0.0
  0
LINE
  5
1193
330
17
100
AcDbEntity
  8
ARR_SECONDARY
100
AcDbLine
 10
51500.0
 20
102533.3333333333
 30
0.0
 11
51850.0
 21
102533.3333333333
 31
0.0
  0
LINE
  5
1194
330
17
100
AcDbEntity
  8
ARR_SECONDARY
100
AcDbLine
 10
52000.0
 20
102533.3333333333
 30
0.0
 11
52350.0
 21
102533.3333333333
 31
0.0
  0
LINE
  5
1195
330
17
100
AcDbEntity
  8
ARR_SECONDARY
100
AcDbLine
 10
52500.0
 20
102533.3333333333
 30
0.0
 11
52850.0
 21
102533.3333333333
 31
0.0
  0
LINE
  5
1196
330
17
100
AcDbEntity
  8
ARR_SECONDARY
100
AcDbLine
 10
53000.0
 20
102533.3333333333
 30
0.0
 11
53350.0
 21
102533.3333333333
 31
0.0
  0
LINE
  5
1197
330
17
100
AcDbEntity
  8
ARR_SECONDARY
100
AcDbLine
 10
53500.0
 20
102533.3333333333
 30
0.0
 11
53850.0
 21
102533.3333333333
 31
0.0
  0
LINE
  5
1198
330
17
100
AcDbEntity
  8
ARR_SECONDARY
100
AcDbLine
 10
54000.0
 20
102533.3333333333
 30
0.0
 11
54350.0
 21
102533.3333333333
 31
0.0
  0
LINE
  5
1199
330
17
100
AcDbEntity
  8
ARR_SECONDARY
100
AcDbLine
 10
54500.0
 20
102533.3333333333
 30
0.0
 11
54850.0
 21
102533.3333333333
 31
0.0
  0
LINE
  5
119A
330
17
100
AcDbEntity
  8
ARR_SECONDARY
100
AcDbLine
 10
55000.0
 20
102533.3333333333
 30
0.0
 11
55350.0
 21
102533.3333333333
 31
0.0
  0
LINE
  5
119B
330
17
100
AcDbEntity
  8
ARR_SECONDARY
100
AcDbLine
 10
55500.0
 20
102533.3333333333
 30
0.0
 11
55850.0
 21
102533.3333333333
 31
0.0
  0
LINE
  5
119C
330
17
100
AcDbEntity
  8
ARR_SECONDARY
100
AcDbLine
 10
38000.0
 20
103300.0
 30
0.0
 11
38350.0
 21
103300.0
 31
0.0
  0
LINE
  5
119D
330
17
100
AcDbEntity
  8
ARR_SECONDARY
100
AcDbLine
 10
38500.0
 20
103300.0
 30
0.0
 11
38850.0
 21
103300.0
 31
0.0
  0
LINE
  5
119E
330
17
100
AcDbEntity
  8
ARR_SECONDARY
100
AcDbLine
 10
39000.0
 20
103300.0
 30
0.0
 11
39350.0
 21
103300.0
 31
0.0
  0
LINE
  5
119F
330
17
100
AcDbEntity
  8
ARR_SECONDARY
100
AcDbLine
 10
39500.0
 20
103300.0
 30
0.0
 11
39850.0
 21
103300.0
 31
0.0
  0
LINE
  5
11A0
330
17
100
AcDbEntity
  8
ARR_SECONDARY
100
AcDbLine
 10
40000.0
 20
103300.0
 30
0.0
 11
40350.0
 21
103300.0
 31
0.0
  0
LINE
  5
11A1
330
17
100
AcDbEntity
  8
ARR_SECONDARY
100
AcDbLine
 10
40500.0
 20
103300.0
 30
0.0
 11
40850.0
 21
103300.0
 31
0.0
  0
LINE
  5
11A2
330
17
100
AcDbEntity
  8
ARR_SECONDARY
100
AcDbLine
 10
41000.0
 20
103300.0
 30
0.0
 11
41350.0
 21
103300.0
 31
0.0
  0
LINE
  5
11A3
330
17
100
AcDbEntity
  8
ARR_SECONDARY
100
AcDbLine
 10
41500.0
 20
103300.0
 30
0.0
 11
41850.0
 21
103300.0
 31
0.0
  0
LINE
  5
11A4
330
17
100
AcDbEntity
  8
ARR_SECONDARY
100
AcDbLine
 10
42000.0
 20
103300.0
 30
0.0
 11
42350.0
 21
103300.0
 31
0.0
  0
LINE
  5
11A5
330
17
100
AcDbEntity
  8
ARR_SECONDARY
100
AcDbLine
 10
42500.0
 20
103300.0
 30
0.0
 11
42850.0
 21
103300.0
 31
0.0
  0
LINE
  5
11A6
330
17
100
AcDbEntity
  8
ARR_SECONDARY
100
AcDbLine
 10
43000.0
 20
103300.0
 30
0.0
 11
43350.0
 21
103300.0
 31
0.0
  0
LINE
  5
11A7
330
17
100
AcDbEntity
  8
ARR_SECONDARY
100
AcDbLine
 10
43500.0
 20
103300.0
 30
0.0
 11
43850.0
 21
103300.0
 31
0.0
  0
LINE
  5
11A8
330
17
100
AcDbEntity
  8
ARR_SECONDARY
100
AcDbLine
 10
44000.0
 20
103300.0
 30
0.0
 11
44350.0
 21
103300.0
 31
0.0
  0
LINE
  5
11A9
330
17
100
AcDbEntity
  8
ARR_SECONDARY
100
AcDbLine
 10
44500.0
 20
103300.0
 30
0.0
 11
44850.0
 21
103300.0
 31
0.0
  0
LINE
  5
11AA
330
17
100
AcDbEntity
  8
ARR_SECONDARY
100
AcDbLine
 10
45000.0
 20
103300.0
 30
0.0
 11
45350.0
 21
103300.0
 31
0.0
  0
LINE
  5
11AB
330
17
100
AcDbEntity
  8
ARR_SECONDARY
100
AcDbLine
 10
45500.0
 20
103300.0
 30
0.0
 11
45850.0
 21
103300.0
 31
0.0
  0
LINE
  5
11AC
330
17
100
AcDbEntity
  8
ARR_SECONDARY
100
AcDbLine
 10
46000.0
 20
103300.0
 30
0.0
 11
46350.0
 21
103300.0
 31
0.0
  0
LINE
  5
11AD
330
17
100
AcDbEntity
  8
ARR_SECONDARY
100
AcDbLine
 10
46500.0
 20
103300.0
 30
0.0
 11
46850.0
 21
103300.0
 31
0.0
  0
LINE
  5
11AE
330
17
100
AcDbEntity
  8
ARR_SECONDARY
100
AcDbLine
 10
47000.0
 20
103300.0
 30
0.0
 11
47350.0
 21
103300.0
 31
0.0
  0
LINE
  5
11AF
330
17
100
AcDbEntity
  8
ARR_SECONDARY
100
AcDbLine
 10
47500.0
 20
103300.0
 30
0.0
 11
47850.0
 21
103300.0
 31
0.0
  0
LINE
  5
11B0
330
17
100
AcDbEntity
  8
ARR_SECONDARY
100
AcDbLine
 10
48000.0
 20
103300.0
 30
0.0
 11
48350.0
 21
103300.0
 31
0.0
  0
LINE
  5
11B1
330
17
100
AcDbEntity
  8
ARR_SECONDARY
100
AcDbLine
 10
48500.0
 20
103300.0
 30
0.0
 11
48850.0
 21
103300.0
 31
0.0
  0
LINE
  5
11B2
330
17
100
AcDbEntity
  8
ARR_SECONDARY
100
AcDbLine
 10
49000.0
 20
103300.0
 30
0.0
 11
49350.0
 21
103300.0
 31
0.0
  0
LINE
  5
11B3
330
17
100
AcDbEntity
  8
ARR_SECONDARY
100
AcDbLine
 10
49500.0
 20
103300.0
 30
0.0
 11
49850.0
 21
103300.0
 31
0.0
  0
LINE
  5
11B4
330
17
100
AcDbEntity
  8
ARR_SECONDARY
100
AcDbLine
 10
50000.0
 20
103300.0
 30
0.0
 11
50350.0
 21
103300.0
 31
0.0
  0
LINE
  5
11B5
330
17
100
AcDbEntity
  8
ARR_SECONDARY
100
AcDbLine
 10
50500.0
 20
103300.0
 30
0.0
 11
50850.0
 21
103300.0
 31
0.0
  0
LINE
  5
11B6
330
17
100
AcDbEntity
  8
ARR_SECONDARY
100
AcDbLine
 10
51000.0
 20
103300.0
 30
0.0
 11
51350.0
 21
103300.0
 31
0.0
  0
LINE
  5
11B7
330
17
100
AcDbEntity
  8
ARR_SECONDARY
100
AcDbLine
 10
51500.0
 20
103300.0
 30
0.0
 11
51850.0
 21
103300.0
 31
0.0
  0
LINE
  5
11B8
330
17
100
AcDbEntity
  8
ARR_SECONDARY
100
AcDbLine
 10
52000.0
 20
103300.0
 30
0.0
 11
52350.0
 21
103300.0
 31
0.0
  0
LINE
  5
11B9
330
17
100
AcDbEntity
  8
ARR_SECONDARY
100
AcDbLine
 10
52500.0
 20
103300.0
 30
0.0
 11
52850.0
 21
103300.0
 31
0.0
  0
LINE
  5
11BA
330
17
100
AcDbEntity
  8
ARR_SECONDARY
100
AcDbLine
 10
53000.0
 20
103300.0
 30
0.0
 11
53350.0
 21
103300.0
 31
0.0
  0
LINE
  5
11BB
330
17
100
AcDbEntity
  8
ARR_SECONDARY
100
AcDbLine
 10
53500.0
 20
103300.0
 30
0.0
 11
53850.0
 21
103300.0
 31
0.0
  0
LINE
  5
11BC
330
17
100
AcDbEntity
  8
ARR_SECONDARY
100
AcDbLine
 10
54000.0
 20
103300.0
 30
0.0
 11
54350.0
 21
103300.0
 31
0.0
  0
LINE
  5
11BD
330
17
100
AcDbEntity
  8
ARR_SECONDARY
100
AcDbLine
 10
54500.0
 20
103300.0
 30
0.0
 11
54850.0
 21
103300.0
 31
0.0
  0
LINE
  5
11BE
330
17
100
AcDbEntity
  8
ARR_SECONDARY
100
AcDbLine
 10
55000.0
 20
103300.0
 30
0.0
 11
55350.0
 21
103300.0
 31
0.0
  0
LINE
  5
11BF
330
17
100
AcDbEntity
  8
ARR_SECONDARY
100
AcDbLine
 10
55500.0
 20
103300.0
 30
0.0
 11
55850.0
 21
103300.0
 31
0.0
  0
LINE
  5
11C0
330
17
100
AcDbEntity
  8
ARR_SECONDARY
100
AcDbLine
 10
38000.0
 20
104066.6666666667
 30
0.0
 11
38350.0
 21
104066.6666666667
 31
0.0
  0
LINE
  5
11C1
330
17
100
AcDbEntity
  8
ARR_SECONDARY
100
AcDbLine
 10
38500.0
 20
104066.6666666667
 30
0.0
 11
38850.0
 21
104066.6666666667
 31
0.0
  0
LINE
  5
11C2
330
17
100
AcDbEntity
  8
ARR_SECONDARY
100
AcDbLine
 10
39000.0
 20
104066.6666666667
 30
0.0
 11
39350.0
 21
104066.6666666667
 31
0.0
  0
LINE
  5
11C3
330
17
100
AcDbEntity
  8
ARR_SECONDARY
100
AcDbLine
 10
39500.0
 20
104066.6666666667
 30
0.0
 11
39850.0
 21
104066.6666666667
 31
0.0
  0
LINE
  5
11C4
330
17
100
AcDbEntity
  8
ARR_SECONDARY
100
AcDbLine
 10
40000.0
 20
104066.6666666667
 30
0.0
 11
40350.0
 21
104066.6666666667
 31
0.0
  0
LINE
  5
11C5
330
17
100
AcDbEntity
  8
ARR_SECONDARY
100
AcDbLine
 10
40500.0
 20
104066.6666666667
 30
0.0
 11
40850.0
 21
104066.6666666667
 31
0.0
  0
LINE
  5
11C6
330
17
100
AcDbEntity
  8
ARR_SECONDARY
100
AcDbLine
 10
41000.0
 20
104066.6666666667
 30
0.0
 11
41350.0
 21
104066.6666666667
 31
0.0
  0
LINE
  5
11C7
330
17
100
AcDbEntity
  8
ARR_SECONDARY
100
AcDbLine
 10
41500.0
 20
104066.6666666667
 30
0.0
 11
41850.0
 21
104066.6666666667
 31
0.0
  0
LINE
  5
11C8
330
17
100
AcDbEntity
  8
ARR_SECONDARY
100
AcDbLine
 10
42000.0
 20
104066.6666666667
 30
0.0
 11
42350.0
 21
104066.6666666667
 31
0.0
  0
LINE
  5
11C9
330
17
100
AcDbEntity
  8
ARR_SECONDARY
100
AcDbLine
 10
42500.0
 20
104066.6666666667
 30
0.0
 11
42850.0
 21
104066.6666666667
 31
0.0
  0
LINE
  5
11CA
330
17
100
AcDbEntity
  8
ARR_SECONDARY
100
AcDbLine
 10
43000.0
 20
104066.6666666667
 30
0.0
 11
43350.0
 21
104066.6666666667
 31
0.0
  0
LINE
  5
11CB
330
17
100
AcDbEntity
  8
ARR_SECONDARY
100
AcDbLine
 10
43500.0
 20
104066.6666666667
 30
0.0
 11
43850.0
 21
104066.6666666667
 31
0.0
  0
LINE
  5
11CC
330
17
100
AcDbEntity
  8
ARR_SECONDARY
100
AcDbLine
 10
44000.0
 20
104066.6666666667
 30
0.0
 11
44350.0
 21
104066.6666666667
 31
0.0
  0
LINE
  5
11CD
330
17
100
AcDbEntity
  8
ARR_SECONDARY
100
AcDbLine
 10
44500.0
 20
104066.6666666667
 30
0.0
 11
44850.0
 21
104066.6666666667
 31
0.0
  0
LINE
  5
11CE
330
17
100
AcDbEntity
  8
ARR_SECONDARY
100
AcDbLine
 10
45000.0
 20
104066.6666666667
 30
0.0
 11
45350.0
 21
104066.6666666667
 31
0.0
  0
LINE
  5
11CF
330
17
100
AcDbEntity
  8
ARR_SECONDARY
100
AcDbLine
 10
45500.0
 20
104066.6666666667
 30
0.0
 11
45850.0
 21
104066.6666666667
 31
0.0
  0
LINE
  5
11D0
330
17
100
AcDbEntity
  8
ARR_SECONDARY
100
AcDbLine
 10
46000.0
 20
104066.6666666667
 30
0.0
 11
46350.0
 21
104066.6666666667
 31
0.0
  0
LINE
  5
11D1
330
17
100
AcDbEntity
  8
ARR_SECONDARY
100
AcDbLine
 10
46500.0
 20
104066.6666666667
 30
0.0
 11
46850.0
 21
104066.6666666667
 31
0.0
  0
LINE
  5
11D2
330
17
100
AcDbEntity
  8
ARR_SECONDARY
100
AcDbLine
 10
47000.0
 20
104066.6666666667
 30
0.0
 11
47350.0
 21
104066.6666666667
 31
0.0
  0
LINE
  5
11D3
330
17
100
AcDbEntity
  8
ARR_SECONDARY
100
AcDbLine
 10
47500.0
 20
104066.6666666667
 30
0.0
 11
47850.0
 21
104066.6666666667
 31
0.0
  0
LINE
  5
11D4
330
17
100
AcDbEntity
  8
ARR_SECONDARY
100
AcDbLine
 10
48000.0
 20
104066.6666666667
 30
0.0
 11
48350.0
 21
104066.6666666667
 31
0.0
  0
LINE
  5
11D5
330
17
100
AcDbEntity
  8
ARR_SECONDARY
100
AcDbLine
 10
48500.0
 20
104066.6666666667
 30
0.0
 11
48850.0
 21
104066.6666666667
 31
0.0
  0
LINE
  5
11D6
330
17
100
AcDbEntity
  8
ARR_SECONDARY
100
AcDbLine
 10
49000.0
 20
104066.6666666667
 30
0.0
 11
49350.0
 21
104066.6666666667
 31
0.0
  0
LINE
  5
11D7
330
17
100
AcDbEntity
  8
ARR_SECONDARY
100
AcDbLine
 10
49500.0
 20
104066.6666666667
 30
0.0
 11
49850.0
 21
104066.6666666667
 31
0.0
  0
LINE
  5
11D8
330
17
100
AcDbEntity
  8
ARR_SECONDARY
100
AcDbLine
 10
50000.0
 20
104066.6666666667
 30
0.0
 11
50350.0
 21
104066.6666666667
 31
0.0
  0
LINE
  5
11D9
330
17
100
AcDbEntity
  8
ARR_SECONDARY
100
AcDbLine
 10
50500.0
 20
104066.6666666667
 30
0.0
 11
50850.0
 21
104066.6666666667
 31
0.0
  0
LINE
  5
11DA
330
17
100
AcDbEntity
  8
ARR_SECONDARY
100
AcDbLine
 10
51000.0
 20
104066.6666666667
 30
0.0
 11
51350.0
 21
104066.6666666667
 31
0.0
  0
LINE
  5
11DB
330
17
100
AcDbEntity
  8
ARR_SECONDARY
100
AcDbLine
 10
51500.0
 20
104066.6666666667
 30
0.0
 11
51850.0
 21
104066.6666666667
 31
0.0
  0
LINE
  5
11DC
330
17
100
AcDbEntity
  8
ARR_SECONDARY
100
AcDbLine
 10
52000.0
 20
104066.6666666667
 30
0.0
 11
52350.0
 21
104066.6666666667
 31
0.0
  0
LINE
  5
11DD
330
17
100
AcDbEntity
  8
ARR_SECONDARY
100
AcDbLine
 10
52500.0
 20
104066.6666666667
 30
0.0
 11
52850.0
 21
104066.6666666667
 31
0.0
  0
LINE
  5
11DE
330
17
100
AcDbEntity
  8
ARR_SECONDARY
100
AcDbLine
 10
53000.0
 20
104066.6666666667
 30
0.0
 11
53350.0
 21
104066.6666666667
 31
0.0
  0
LINE
  5
11DF
330
17
100
AcDbEntity
  8
ARR_SECONDARY
100
AcDbLine
 10
53500.0
 20
104066.6666666667
 30
0.0
 11
53850.0
 21
104066.6666666667
 31
0.0
  0
LINE
  5
11E0
330
17
100
AcDbEntity
  8
ARR_SECONDARY
100
AcDbLine
 10
54000.0
 20
104066.6666666667
 30
0.0
 11
54350.0
 21
104066.6666666667
 31
0.0
  0
LINE
  5
11E1
330
17
100
AcDbEntity
  8
ARR_SECONDARY
100
AcDbLine
 10
54500.0
 20
104066.6666666667
 30
0.0
 11
54850.0
 21
104066.6666666667
 31
0.0
  0
LINE
  5
11E2
330
17
100
AcDbEntity
  8
ARR_SECONDARY
100
AcDbLine
 10
55000.0
 20
104066.6666666667
 30
0.0
 11
55350.0
 21
104066.6666666667
 31
0.0
  0
LINE
  5
11E3
330
17
100
AcDbEntity
  8
ARR_SECONDARY
100
AcDbLine
 10
55500.0
 20
104066.6666666667
 30
0.0
 11
55850.0
 21
104066.6666666667
 31
0.0
  0
LINE
  5
11E4
330
17
100
AcDbEntity
  8
ARR_SECONDARY
100
AcDbLine
 10
38000.0
 20
104833.3333333333
 30
0.0
 11
38350.0
 21
104833.3333333333
 31
0.0
  0
LINE
  5
11E5
330
17
100
AcDbEntity
  8
ARR_SECONDARY
100
AcDbLine
 10
38500.0
 20
104833.3333333333
 30
0.0
 11
38850.0
 21
104833.3333333333
 31
0.0
  0
LINE
  5
11E6
330
17
100
AcDbEntity
  8
ARR_SECONDARY
100
AcDbLine
 10
39000.0
 20
104833.3333333333
 30
0.0
 11
39350.0
 21
104833.3333333333
 31
0.0
  0
LINE
  5
11E7
330
17
100
AcDbEntity
  8
ARR_SECONDARY
100
AcDbLine
 10
39500.0
 20
104833.3333333333
 30
0.0
 11
39850.0
 21
104833.3333333333
 31
0.0
  0
LINE
  5
11E8
330
17
100
AcDbEntity
  8
ARR_SECONDARY
100
AcDbLine
 10
40000.0
 20
104833.3333333333
 30
0.0
 11
40350.0
 21
104833.3333333333
 31
0.0
  0
LINE
  5
11E9
330
17
100
AcDbEntity
  8
ARR_SECONDARY
100
AcDbLine
 10
40500.0
 20
104833.3333333333
 30
0.0
 11
40850.0
 21
104833.3333333333
 31
0.0
  0
LINE
  5
11EA
330
17
100
AcDbEntity
  8
ARR_SECONDARY
100
AcDbLine
 10
41000.0
 20
104833.3333333333
 30
0.0
 11
41350.0
 21
104833.3333333333
 31
0.0
  0
LINE
  5
11EB
330
17
100
AcDbEntity
  8
ARR_SECONDARY
100
AcDbLine
 10
41500.0
 20
104833.3333333333
 30
0.0
 11
41850.0
 21
104833.3333333333
 31
0.0
  0
LINE
  5
11EC
330
17
100
AcDbEntity
  8
ARR_SECONDARY
100
AcDbLine
 10
42000.0
 20
104833.3333333333
 30
0.0
 11
42350.0
 21
104833.3333333333
 31
0.0
  0
LINE
  5
11ED
330
17
100
AcDbEntity
  8
ARR_SECONDARY
100
AcDbLine
 10
42500.0
 20
104833.3333333333
 30
0.0
 11
42850.0
 21
104833.3333333333
 31
0.0
  0
LINE
  5
11EE
330
17
100
AcDbEntity
  8
ARR_SECONDARY
100
AcDbLine
 10
43000.0
 20
104833.3333333333
 30
0.0
 11
43350.0
 21
104833.3333333333
 31
0.0
  0
LINE
  5
11EF
330
17
100
AcDbEntity
  8
ARR_SECONDARY
100
AcDbLine
 10
43500.0
 20
104833.3333333333
 30
0.0
 11
43850.0
 21
104833.3333333333
 31
0.0
  0
LINE
  5
11F0
330
17
100
AcDbEntity
  8
ARR_SECONDARY
100
AcDbLine
 10
44000.0
 20
104833.3333333333
 30
0.0
 11
44350.0
 21
104833.3333333333
 31
0.0
  0
LINE
  5
11F1
330
17
100
AcDbEntity
  8
ARR_SECONDARY
100
AcDbLine
 10
44500.0
 20
104833.3333333333
 30
0.0
 11
44850.0
 21
104833.3333333333
 31
0.0
  0
LINE
  5
11F2
330
17
100
AcDbEntity
  8
ARR_SECONDARY
100
AcDbLine
 10
45000.0
 20
104833.3333333333
 30
0.0
 11
45350.0
 21
104833.3333333333
 31
0.0
  0
LINE
  5
11F3
330
17
100
AcDbEntity
  8
ARR_SECONDARY
100
AcDbLine
 10
45500.0
 20
104833.3333333333
 30
0.0
 11
45850.0
 21
104833.3333333333
 31
0.0
  0
LINE
  5
11F4
330
17
100
AcDbEntity
  8
ARR_SECONDARY
100
AcDbLine
 10
46000.0
 20
104833.3333333333
 30
0.0
 11
46350.0
 21
104833.3333333333
 31
0.0
  0
LINE
  5
11F5
330
17
100
AcDbEntity
  8
ARR_SECONDARY
100
AcDbLine
 10
46500.0
 20
104833.3333333333
 30
0.0
 11
46850.0
 21
104833.3333333333
 31
0.0
  0
LINE
  5
11F6
330
17
100
AcDbEntity
  8
ARR_SECONDARY
100
AcDbLine
 10
47000.0
 20
104833.3333333333
 30
0.0
 11
47350.0
 21
104833.3333333333
 31
0.0
  0
LINE
  5
11F7
330
17
100
AcDbEntity
  8
ARR_SECONDARY
100
AcDbLine
 10
47500.0
 20
104833.3333333333
 30
0.0
 11
47850.0
 21
104833.3333333333
 31
0.0
  0
LINE
  5
11F8
330
17
100
AcDbEntity
  8
ARR_SECONDARY
100
AcDbLine
 10
48000.0
 20
104833.3333333333
 30
0.0
 11
48350.0
 21
104833.3333333333
 31
0.0
  0
LINE
  5
11F9
330
17
100
AcDbEntity
  8
ARR_SECONDARY
100
AcDbLine
 10
48500.0
 20
104833.3333333333
 30
0.0
 11
48850.0
 21
104833.3333333333
 31
0.0
  0
LINE
  5
11FA
330
17
100
AcDbEntity
  8
ARR_SECONDARY
100
AcDbLine
 10
49000.0
 20
104833.3333333333
 30
0.0
 11
49350.0
 21
104833.3333333333
 31
0.0
  0
LINE
  5
11FB
330
17
100
AcDbEntity
  8
ARR_SECONDARY
100
AcDbLine
 10
49500.0
 20
104833.3333333333
 30
0.0
 11
49850.0
 21
104833.3333333333
 31
0.0
  0
LINE
  5
11FC
330
17
100
AcDbEntity
  8
ARR_SECONDARY
100
AcDbLine
 10
50000.0
 20
104833.3333333333
 30
0.0
 11
50350.0
 21
104833.3333333333
 31
0.0
  0
LINE
  5
11FD
330
17
100
AcDbEntity
  8
ARR_SECONDARY
100
AcDbLine
 10
50500.0
 20
104833.3333333333
 30
0.0
 11
50850.0
 21
104833.3333333333
 31
0.0
  0
LINE
  5
11FE
330
17
100
AcDbEntity
  8
ARR_SECONDARY
100
AcDbLine
 10
51000.0
 20
104833.3333333333
 30
0.0
 11
51350.0
 21
104833.3333333333
 31
0.0
  0
LINE
  5
11FF
330
17
100
AcDbEntity
  8
ARR_SECONDARY
100
AcDbLine
 10
51500.0
 20
104833.3333333333
 30
0.0
 11
51850.0
 21
104833.3333333333
 31
0.0
  0
LINE
  5
1200
330
17
100
AcDbEntity
  8
ARR_SECONDARY
100
AcDbLine
 10
52000.0
 20
104833.3333333333
 30
0.0
 11
52350.0
 21
104833.3333333333
 31
0.0
  0
LINE
  5
1201
330
17
100
AcDbEntity
  8
ARR_SECONDARY
100
AcDbLine
 10
52500.0
 20
104833.3333333333
 30
0.0
 11
52850.0
 21
104833.3333333333
 31
0.0
  0
LINE
  5
1202
330
17
100
AcDbEntity
  8
ARR_SECONDARY
100
AcDbLine
 10
53000.0
 20
104833.3333333333
 30
0.0
 11
53350.0
 21
104833.3333333333
 31
0.0
  0
LINE
  5
1203
330
17
100
AcDbEntity
  8
ARR_SECONDARY
100
AcDbLine
 10
53500.0
 20
104833.3333333333
 30
0.0
 11
53850.0
 21
104833.3333333333
 31
0.0
  0
LINE
  5
1204
330
17
100
AcDbEntity
  8
ARR_SECONDARY
100
AcDbLine
 10
54000.0
 20
104833.3333333333
 30
0.0
 11
54350.0
 21
104833.3333333333
 31
0.0
  0
LINE
  5
1205
330
17
100
AcDbEntity
  8
ARR_SECONDARY
100
AcDbLine
 10
54500.0
 20
104833.3333333333
 30
0.0
 11
54850.0
 21
104833.3333333333
 31
0.0
  0
LINE
  5
1206
330
17
100
AcDbEntity
  8
ARR_SECONDARY
100
AcDbLine
 10
55000.0
 20
104833.3333333333
 30
0.0
 11
55350.0
 21
104833.3333333333
 31
0.0
  0
LINE
  5
1207
330
17
100
AcDbEntity
  8
ARR_SECONDARY
100
AcDbLine
 10
55500.0
 20
104833.3333333333
 30
0.0
 11
55850.0
 21
104833.3333333333
 31
0.0
  0
LINE
  5
1208
330
17
100
AcDbEntity
  8
ARR_SECONDARY
100
AcDbLine
 10
38000.0
 20
105600.0
 30
0.0
 11
38350.0
 21
105600.0
 31
0.0
  0
LINE
  5
1209
330
17
100
AcDbEntity
  8
ARR_SECONDARY
100
AcDbLine
 10
38500.0
 20
105600.0
 30
0.0
 11
38850.0
 21
105600.0
 31
0.0
  0
LINE
  5
120A
330
17
100
AcDbEntity
  8
ARR_SECONDARY
100
AcDbLine
 10
39000.0
 20
105600.0
 30
0.0
 11
39350.0
 21
105600.0
 31
0.0
  0
LINE
  5
120B
330
17
100
AcDbEntity
  8
ARR_SECONDARY
100
AcDbLine
 10
39500.0
 20
105600.0
 30
0.0
 11
39850.0
 21
105600.0
 31
0.0
  0
LINE
  5
120C
330
17
100
AcDbEntity
  8
ARR_SECONDARY
100
AcDbLine
 10
40000.0
 20
105600.0
 30
0.0
 11
40350.0
 21
105600.0
 31
0.0
  0
LINE
  5
120D
330
17
100
AcDbEntity
  8
ARR_SECONDARY
100
AcDbLine
 10
40500.0
 20
105600.0
 30
0.0
 11
40850.0
 21
105600.0
 31
0.0
  0
LINE
  5
120E
330
17
100
AcDbEntity
  8
ARR_SECONDARY
100
AcDbLine
 10
41000.0
 20
105600.0
 30
0.0
 11
41350.0
 21
105600.0
 31
0.0
  0
LINE
  5
120F
330
17
100
AcDbEntity
  8
ARR_SECONDARY
100
AcDbLine
 10
41500.0
 20
105600.0
 30
0.0
 11
41850.0
 21
105600.0
 31
0.0
  0
LINE
  5
1210
330
17
100
AcDbEntity
  8
ARR_SECONDARY
100
AcDbLine
 10
42000.0
 20
105600.0
 30
0.0
 11
42350.0
 21
105600.0
 31
0.0
  0
LINE
  5
1211
330
17
100
AcDbEntity
  8
ARR_SECONDARY
100
AcDbLine
 10
42500.0
 20
105600.0
 30
0.0
 11
42850.0
 21
105600.0
 31
0.0
  0
LINE
  5
1212
330
17
100
AcDbEntity
  8
ARR_SECONDARY
100
AcDbLine
 10
43000.0
 20
105600.0
 30
0.0
 11
43350.0
 21
105600.0
 31
0.0
  0
LINE
  5
1213
330
17
100
AcDbEntity
  8
ARR_SECONDARY
100
AcDbLine
 10
43500.0
 20
105600.0
 30
0.0
 11
43850.0
 21
105600.0
 31
0.0
  0
LINE
  5
1214
330
17
100
AcDbEntity
  8
ARR_SECONDARY
100
AcDbLine
 10
44000.0
 20
105600.0
 30
0.0
 11
44350.0
 21
105600.0
 31
0.0
  0
LINE
  5
1215
330
17
100
AcDbEntity
  8
ARR_SECONDARY
100
AcDbLine
 10
44500.0
 20
105600.0
 30
0.0
 11
44850.0
 21
105600.0
 31
0.0
  0
LINE
  5
1216
330
17
100
AcDbEntity
  8
ARR_SECONDARY
100
AcDbLine
 10
45000.0
 20
105600.0
 30
0.0
 11
45350.0
 21
105600.0
 31
0.0
  0
LINE
  5
1217
330
17
100
AcDbEntity
  8
ARR_SECONDARY
100
AcDbLine
 10
45500.0
 20
105600.0
 30
0.0
 11
45850.0
 21
105600.0
 31
0.0
  0
LINE
  5
1218
330
17
100
AcDbEntity
  8
ARR_SECONDARY
100
AcDbLine
 10
46000.0
 20
105600.0
 30
0.0
 11
46350.0
 21
105600.0
 31
0.0
  0
LINE
  5
1219
330
17
100
AcDbEntity
  8
ARR_SECONDARY
100
AcDbLine
 10
46500.0
 20
105600.0
 30
0.0
 11
46850.0
 21
105600.0
 31
0.0
  0
LINE
  5
121A
330
17
100
AcDbEntity
  8
ARR_SECONDARY
100
AcDbLine
 10
47000.0
 20
105600.0
 30
0.0
 11
47350.0
 21
105600.0
 31
0.0
  0
LINE
  5
121B
330
17
100
AcDbEntity
  8
ARR_SECONDARY
100
AcDbLine
 10
47500.0
 20
105600.0
 30
0.0
 11
47850.0
 21
105600.0
 31
0.0
  0
LINE
  5
121C
330
17
100
AcDbEntity
  8
ARR_SECONDARY
100
AcDbLine
 10
48000.0
 20
105600.0
 30
0.0
 11
48350.0
 21
105600.0
 31
0.0
  0
LINE
  5
121D
330
17
100
AcDbEntity
  8
ARR_SECONDARY
100
AcDbLine
 10
48500.0
 20
105600.0
 30
0.0
 11
48850.0
 21
105600.0
 31
0.0
  0
LINE
  5
121E
330
17
100
AcDbEntity
  8
ARR_SECONDARY
100
AcDbLine
 10
49000.0
 20
105600.0
 30
0.0
 11
49350.0
 21
105600.0
 31
0.0
  0
LINE
  5
121F
330
17
100
AcDbEntity
  8
ARR_SECONDARY
100
AcDbLine
 10
49500.0
 20
105600.0
 30
0.0
 11
49850.0
 21
105600.0
 31
0.0
  0
LINE
  5
1220
330
17
100
AcDbEntity
  8
ARR_SECONDARY
100
AcDbLine
 10
50000.0
 20
105600.0
 30
0.0
 11
50350.0
 21
105600.0
 31
0.0
  0
LINE
  5
1221
330
17
100
AcDbEntity
  8
ARR_SECONDARY
100
AcDbLine
 10
50500.0
 20
105600.0
 30
0.0
 11
50850.0
 21
105600.0
 31
0.0
  0
LINE
  5
1222
330
17
100
AcDbEntity
  8
ARR_SECONDARY
100
AcDbLine
 10
51000.0
 20
105600.0
 30
0.0
 11
51350.0
 21
105600.0
 31
0.0
  0
LINE
  5
1223
330
17
100
AcDbEntity
  8
ARR_SECONDARY
100
AcDbLine
 10
51500.0
 20
105600.0
 30
0.0
 11
51850.0
 21
105600.0
 31
0.0
  0
LINE
  5
1224
330
17
100
AcDbEntity
  8
ARR_SECONDARY
100
AcDbLine
 10
52000.0
 20
105600.0
 30
0.0
 11
52350.0
 21
105600.0
 31
0.0
  0
LINE
  5
1225
330
17
100
AcDbEntity
  8
ARR_SECONDARY
100
AcDbLine
 10
52500.0
 20
105600.0
 30
0.0
 11
52850.0
 21
105600.0
 31
0.0
  0
LINE
  5
1226
330
17
100
AcDbEntity
  8
ARR_SECONDARY
100
AcDbLine
 10
53000.0
 20
105600.0
 30
0.0
 11
53350.0
 21
105600.0
 31
0.0
  0
LINE
  5
1227
330
17
100
AcDbEntity
  8
ARR_SECONDARY
100
AcDbLine
 10
53500.0
 20
105600.0
 30
0.0
 11
53850.0
 21
105600.0
 31
0.0
  0
LINE
  5
1228
330
17
100
AcDbEntity
  8
ARR_SECONDARY
100
AcDbLine
 10
54000.0
 20
105600.0
 30
0.0
 11
54350.0
 21
105600.0
 31
0.0
  0
LINE
  5
1229
330
17
100
AcDbEntity
  8
ARR_SECONDARY
100
AcDbLine
 10
54500.0
 20
105600.0
 30
0.0
 11
54850.0
 21
105600.0
 31
0.0
  0
LINE
  5
122A
330
17
100
AcDbEntity
  8
ARR_SECONDARY
100
AcDbLine
 10
55000.0
 20
105600.0
 30
0.0
 11
55350.0
 21
105600.0
 31
0.0
  0
LINE
  5
122B
330
17
100
AcDbEntity
  8
ARR_SECONDARY
100
AcDbLine
 10
55500.0
 20
105600.0
 30
0.0
 11
55850.0
 21
105600.0
 31
0.0
  0
LINE
  5
122C
330
17
100
AcDbEntity
  8
ARR_SECONDARY
100
AcDbLine
 10
38000.0
 20
106366.6666666666
 30
0.0
 11
38350.0
 21
106366.6666666666
 31
0.0
  0
LINE
  5
122D
330
17
100
AcDbEntity
  8
ARR_SECONDARY
100
AcDbLine
 10
38500.0
 20
106366.6666666666
 30
0.0
 11
38850.0
 21
106366.6666666666
 31
0.0
  0
LINE
  5
122E
330
17
100
AcDbEntity
  8
ARR_SECONDARY
100
AcDbLine
 10
39000.0
 20
106366.6666666666
 30
0.0
 11
39350.0
 21
106366.6666666666
 31
0.0
  0
LINE
  5
122F
330
17
100
AcDbEntity
  8
ARR_SECONDARY
100
AcDbLine
 10
39500.0
 20
106366.6666666666
 30
0.0
 11
39850.0
 21
106366.6666666666
 31
0.0
  0
LINE
  5
1230
330
17
100
AcDbEntity
  8
ARR_SECONDARY
100
AcDbLine
 10
40000.0
 20
106366.6666666666
 30
0.0
 11
40350.0
 21
106366.6666666666
 31
0.0
  0
LINE
  5
1231
330
17
100
AcDbEntity
  8
ARR_SECONDARY
100
AcDbLine
 10
40500.0
 20
106366.6666666666
 30
0.0
 11
40850.0
 21
106366.6666666666
 31
0.0
  0
LINE
  5
1232
330
17
100
AcDbEntity
  8
ARR_SECONDARY
100
AcDbLine
 10
41000.0
 20
106366.6666666666
 30
0.0
 11
41350.0
 21
106366.6666666666
 31
0.0
  0
LINE
  5
1233
330
17
100
AcDbEntity
  8
ARR_SECONDARY
100
AcDbLine
 10
41500.0
 20
106366.6666666666
 30
0.0
 11
41850.0
 21
106366.6666666666
 31
0.0
  0
LINE
  5
1234
330
17
100
AcDbEntity
  8
ARR_SECONDARY
100
AcDbLine
 10
42000.0
 20
106366.6666666666
 30
0.0
 11
42350.0
 21
106366.6666666666
 31
0.0
  0
LINE
  5
1235
330
17
100
AcDbEntity
  8
ARR_SECONDARY
100
AcDbLine
 10
42500.0
 20
106366.6666666666
 30
0.0
 11
42850.0
 21
106366.6666666666
 31
0.0
  0
LINE
  5
1236
330
17
100
AcDbEntity
  8
ARR_SECONDARY
100
AcDbLine
 10
43000.0
 20
106366.6666666666
 30
0.0
 11
43350.0
 21
106366.6666666666
 31
0.0
  0
LINE
  5
1237
330
17
100
AcDbEntity
  8
ARR_SECONDARY
100
AcDbLine
 10
43500.0
 20
106366.6666666666
 30
0.0
 11
43850.0
 21
106366.6666666666
 31
0.0
  0
LINE
  5
1238
330
17
100
AcDbEntity
  8
ARR_SECONDARY
100
AcDbLine
 10
44000.0
 20
106366.6666666666
 30
0.0
 11
44350.0
 21
106366.6666666666
 31
0.0
  0
LINE
  5
1239
330
17
100
AcDbEntity
  8
ARR_SECONDARY
100
AcDbLine
 10
44500.0
 20
106366.6666666666
 30
0.0
 11
44850.0
 21
106366.6666666666
 31
0.0
  0
LINE
  5
123A
330
17
100
AcDbEntity
  8
ARR_SECONDARY
100
AcDbLine
 10
45000.0
 20
106366.6666666666
 30
0.0
 11
45350.0
 21
106366.6666666666
 31
0.0
  0
LINE
  5
123B
330
17
100
AcDbEntity
  8
ARR_SECONDARY
100
AcDbLine
 10
45500.0
 20
106366.6666666666
 30
0.0
 11
45850.0
 21
106366.6666666666
 31
0.0
  0
LINE
  5
123C
330
17
100
AcDbEntity
  8
ARR_SECONDARY
100
AcDbLine
 10
46000.0
 20
106366.6666666666
 30
0.0
 11
46350.0
 21
106366.6666666666
 31
0.0
  0
LINE
  5
123D
330
17
100
AcDbEntity
  8
ARR_SECONDARY
100
AcDbLine
 10
46500.0
 20
106366.6666666666
 30
0.0
 11
46850.0
 21
106366.6666666666
 31
0.0
  0
LINE
  5
123E
330
17
100
AcDbEntity
  8
ARR_SECONDARY
100
AcDbLine
 10
47000.0
 20
106366.6666666666
 30
0.0
 11
47350.0
 21
106366.6666666666
 31
0.0
  0
LINE
  5
123F
330
17
100
AcDbEntity
  8
ARR_SECONDARY
100
AcDbLine
 10
47500.0
 20
106366.6666666666
 30
0.0
 11
47850.0
 21
106366.6666666666
 31
0.0
  0
LINE
  5
1240
330
17
100
AcDbEntity
  8
ARR_SECONDARY
100
AcDbLine
 10
48000.0
 20
106366.6666666666
 30
0.0
 11
48350.0
 21
106366.6666666666
 31
0.0
  0
LINE
  5
1241
330
17
100
AcDbEntity
  8
ARR_SECONDARY
100
AcDbLine
 10
48500.0
 20
106366.6666666666
 30
0.0
 11
48850.0
 21
106366.6666666666
 31
0.0
  0
LINE
  5
1242
330
17
100
AcDbEntity
  8
ARR_SECONDARY
100
AcDbLine
 10
49000.0
 20
106366.6666666666
 30
0.0
 11
49350.0
 21
106366.6666666666
 31
0.0
  0
LINE
  5
1243
330
17
100
AcDbEntity
  8
ARR_SECONDARY
100
AcDbLine
 10
49500.0
 20
106366.6666666666
 30
0.0
 11
49850.0
 21
106366.6666666666
 31
0.0
  0
LINE
  5
1244
330
17
100
AcDbEntity
  8
ARR_SECONDARY
100
AcDbLine
 10
50000.0
 20
106366.6666666666
 30
0.0
 11
50350.0
 21
106366.6666666666
 31
0.0
  0
LINE
  5
1245
330
17
100
AcDbEntity
  8
ARR_SECONDARY
100
AcDbLine
 10
50500.0
 20
106366.6666666666
 30
0.0
 11
50850.0
 21
106366.6666666666
 31
0.0
  0
LINE
  5
1246
330
17
100
AcDbEntity
  8
ARR_SECONDARY
100
AcDbLine
 10
51000.0
 20
106366.6666666666
 30
0.0
 11
51350.0
 21
106366.6666666666
 31
0.0
  0
LINE
  5
1247
330
17
100
AcDbEntity
  8
ARR_SECONDARY
100
AcDbLine
 10
51500.0
 20
106366.6666666666
 30
0.0
 11
51850.0
 21
106366.6666666666
 31
0.0
  0
LINE
  5
1248
330
17
100
AcDbEntity
  8
ARR_SECONDARY
100
AcDbLine
 10
52000.0
 20
106366.6666666666
 30
0.0
 11
52350.0
 21
106366.6666666666
 31
0.0
  0
LINE
  5
1249
330
17
100
AcDbEntity
  8
ARR_SECONDARY
100
AcDbLine
 10
52500.0
 20
106366.6666666666
 30
0.0
 11
52850.0
 21
106366.6666666666
 31
0.0
  0
LINE
  5
124A
330
17
100
AcDbEntity
  8
ARR_SECONDARY
100
AcDbLine
 10
53000.0
 20
106366.6666666666
 30
0.0
 11
53350.0
 21
106366.6666666666
 31
0.0
  0
LINE
  5
124B
330
17
100
AcDbEntity
  8
ARR_SECONDARY
100
AcDbLine
 10
53500.0
 20
106366.6666666666
 30
0.0
 11
53850.0
 21
106366.6666666666
 31
0.0
  0
LINE
  5
124C
330
17
100
AcDbEntity
  8
ARR_SECONDARY
100
AcDbLine
 10
54000.0
 20
106366.6666666666
 30
0.0
 11
54350.0
 21
106366.6666666666
 31
0.0
  0
LINE
  5
124D
330
17
100
AcDbEntity
  8
ARR_SECONDARY
100
AcDbLine
 10
54500.0
 20
106366.6666666666
 30
0.0
 11
54850.0
 21
106366.6666666666
 31
0.0
  0
LINE
  5
124E
330
17
100
AcDbEntity
  8
ARR_SECONDARY
100
AcDbLine
 10
55000.0
 20
106366.6666666666
 30
0.0
 11
55350.0
 21
106366.6666666666
 31
0.0
  0
LINE
  5
124F
330
17
100
AcDbEntity
  8
ARR_SECONDARY
100
AcDbLine
 10
55500.0
 20
106366.6666666666
 30
0.0
 11
55850.0
 21
106366.6666666666
 31
0.0
  0
LINE
  5
1250
330
17
100
AcDbEntity
  8
ARR_SECONDARY
100
AcDbLine
 10
38000.0
 20
107133.3333333333
 30
0.0
 11
38350.0
 21
107133.3333333333
 31
0.0
  0
LINE
  5
1251
330
17
100
AcDbEntity
  8
ARR_SECONDARY
100
AcDbLine
 10
38500.0
 20
107133.3333333333
 30
0.0
 11
38850.0
 21
107133.3333333333
 31
0.0
  0
LINE
  5
1252
330
17
100
AcDbEntity
  8
ARR_SECONDARY
100
AcDbLine
 10
39000.0
 20
107133.3333333333
 30
0.0
 11
39350.0
 21
107133.3333333333
 31
0.0
  0
LINE
  5
1253
330
17
100
AcDbEntity
  8
ARR_SECONDARY
100
AcDbLine
 10
39500.0
 20
107133.3333333333
 30
0.0
 11
39850.0
 21
107133.3333333333
 31
0.0
  0
LINE
  5
1254
330
17
100
AcDbEntity
  8
ARR_SECONDARY
100
AcDbLine
 10
40000.0
 20
107133.3333333333
 30
0.0
 11
40350.0
 21
107133.3333333333
 31
0.0
  0
LINE
  5
1255
330
17
100
AcDbEntity
  8
ARR_SECONDARY
100
AcDbLine
 10
40500.0
 20
107133.3333333333
 30
0.0
 11
40850.0
 21
107133.3333333333
 31
0.0
  0
LINE
  5
1256
330
17
100
AcDbEntity
  8
ARR_SECONDARY
100
AcDbLine
 10
41000.0
 20
107133.3333333333
 30
0.0
 11
41350.0
 21
107133.3333333333
 31
0.0
  0
LINE
  5
1257
330
17
100
AcDbEntity
  8
ARR_SECONDARY
100
AcDbLine
 10
41500.0
 20
107133.3333333333
 30
0.0
 11
41850.0
 21
107133.3333333333
 31
0.0
  0
LINE
  5
1258
330
17
100
AcDbEntity
  8
ARR_SECONDARY
100
AcDbLine
 10
42000.0
 20
107133.3333333333
 30
0.0
 11
42350.0
 21
107133.3333333333
 31
0.0
  0
LINE
  5
1259
330
17
100
AcDbEntity
  8
ARR_SECONDARY
100
AcDbLine
 10
42500.0
 20
107133.3333333333
 30
0.0
 11
42850.0
 21
107133.3333333333
 31
0.0
  0
LINE
  5
125A
330
17
100
AcDbEntity
  8
ARR_SECONDARY
100
AcDbLine
 10
43000.0
 20
107133.3333333333
 30
0.0
 11
43350.0
 21
107133.3333333333
 31
0.0
  0
LINE
  5
125B
330
17
100
AcDbEntity
  8
ARR_SECONDARY
100
AcDbLine
 10
43500.0
 20
107133.3333333333
 30
0.0
 11
43850.0
 21
107133.3333333333
 31
0.0
  0
LINE
  5
125C
330
17
100
AcDbEntity
  8
ARR_SECONDARY
100
AcDbLine
 10
44000.0
 20
107133.3333333333
 30
0.0
 11
44350.0
 21
107133.3333333333
 31
0.0
  0
LINE
  5
125D
330
17
100
AcDbEntity
  8
ARR_SECONDARY
100
AcDbLine
 10
44500.0
 20
107133.3333333333
 30
0.0
 11
44850.0
 21
107133.3333333333
 31
0.0
  0
LINE
  5
125E
330
17
100
AcDbEntity
  8
ARR_SECONDARY
100
AcDbLine
 10
45000.0
 20
107133.3333333333
 30
0.0
 11
45350.0
 21
107133.3333333333
 31
0.0
  0
LINE
  5
125F
330
17
100
AcDbEntity
  8
ARR_SECONDARY
100
AcDbLine
 10
45500.0
 20
107133.3333333333
 30
0.0
 11
45850.0
 21
107133.3333333333
 31
0.0
  0
LINE
  5
1260
330
17
100
AcDbEntity
  8
ARR_SECONDARY
100
AcDbLine
 10
46000.0
 20
107133.3333333333
 30
0.0
 11
46350.0
 21
107133.3333333333
 31
0.0
  0
LINE
  5
1261
330
17
100
AcDbEntity
  8
ARR_SECONDARY
100
AcDbLine
 10
46500.0
 20
107133.3333333333
 30
0.0
 11
46850.0
 21
107133.3333333333
 31
0.0
  0
LINE
  5
1262
330
17
100
AcDbEntity
  8
ARR_SECONDARY
100
AcDbLine
 10
47000.0
 20
107133.3333333333
 30
0.0
 11
47350.0
 21
107133.3333333333
 31
0.0
  0
LINE
  5
1263
330
17
100
AcDbEntity
  8
ARR_SECONDARY
100
AcDbLine
 10
47500.0
 20
107133.3333333333
 30
0.0
 11
47850.0
 21
107133.3333333333
 31
0.0
  0
LINE
  5
1264
330
17
100
AcDbEntity
  8
ARR_SECONDARY
100
AcDbLine
 10
48000.0
 20
107133.3333333333
 30
0.0
 11
48350.0
 21
107133.3333333333
 31
0.0
  0
LINE
  5
1265
330
17
100
AcDbEntity
  8
ARR_SECONDARY
100
AcDbLine
 10
48500.0
 20
107133.3333333333
 30
0.0
 11
48850.0
 21
107133.3333333333
 31
0.0
  0
LINE
  5
1266
330
17
100
AcDbEntity
  8
ARR_SECONDARY
100
AcDbLine
 10
49000.0
 20
107133.3333333333
 30
0.0
 11
49350.0
 21
107133.3333333333
 31
0.0
  0
LINE
  5
1267
330
17
100
AcDbEntity
  8
ARR_SECONDARY
100
AcDbLine
 10
49500.0
 20
107133.3333333333
 30
0.0
 11
49850.0
 21
107133.3333333333
 31
0.0
  0
LINE
  5
1268
330
17
100
AcDbEntity
  8
ARR_SECONDARY
100
AcDbLine
 10
50000.0
 20
107133.3333333333
 30
0.0
 11
50350.0
 21
107133.3333333333
 31
0.0
  0
LINE
  5
1269
330
17
100
AcDbEntity
  8
ARR_SECONDARY
100
AcDbLine
 10
50500.0
 20
107133.3333333333
 30
0.0
 11
50850.0
 21
107133.3333333333
 31
0.0
  0
LINE
  5
126A
330
17
100
AcDbEntity
  8
ARR_SECONDARY
100
AcDbLine
 10
51000.0
 20
107133.3333333333
 30
0.0
 11
51350.0
 21
107133.3333333333
 31
0.0
  0
LINE
  5
126B
330
17
100
AcDbEntity
  8
ARR_SECONDARY
100
AcDbLine
 10
51500.0
 20
107133.3333333333
 30
0.0
 11
51850.0
 21
107133.3333333333
 31
0.0
  0
LINE
  5
126C
330
17
100
AcDbEntity
  8
ARR_SECONDARY
100
AcDbLine
 10
52000.0
 20
107133.3333333333
 30
0.0
 11
52350.0
 21
107133.3333333333
 31
0.0
  0
LINE
  5
126D
330
17
100
AcDbEntity
  8
ARR_SECONDARY
100
AcDbLine
 10
52500.0
 20
107133.3333333333
 30
0.0
 11
52850.0
 21
107133.3333333333
 31
0.0
  0
LINE
  5
126E
330
17
100
AcDbEntity
  8
ARR_SECONDARY
100
AcDbLine
 10
53000.0
 20
107133.3333333333
 30
0.0
 11
53350.0
 21
107133.3333333333
 31
0.0
  0
LINE
  5
126F
330
17
100
AcDbEntity
  8
ARR_SECONDARY
100
AcDbLine
 10
53500.0
 20
107133.3333333333
 30
0.0
 11
53850.0
 21
107133.3333333333
 31
0.0
  0
LINE
  5
1270
330
17
100
AcDbEntity
  8
ARR_SECONDARY
100
AcDbLine
 10
54000.0
 20
107133.3333333333
 30
0.0
 11
54350.0
 21
107133.3333333333
 31
0.0
  0
LINE
  5
1271
330
17
100
AcDbEntity
  8
ARR_SECONDARY
100
AcDbLine
 10
54500.0
 20
107133.3333333333
 30
0.0
 11
54850.0
 21
107133.3333333333
 31
0.0
  0
LINE
  5
1272
330
17
100
AcDbEntity
  8
ARR_SECONDARY
100
AcDbLine
 10
55000.0
 20
107133.3333333333
 30
0.0
 11
55350.0
 21
107133.3333333333
 31
0.0
  0
LINE
  5
1273
330
17
100
AcDbEntity
  8
ARR_SECONDARY
100
AcDbLine
 10
55500.0
 20
107133.3333333333
 30
0.0
 11
55850.0
 21
107133.3333333333
 31
0.0
  0
LINE
  5
1274
330
17
100
AcDbEntity
  8
ARR_SECONDARY
100
AcDbLine
 10
38000.0
 20
107900.0
 30
0.0
 11
38350.0
 21
107900.0
 31
0.0
  0
LINE
  5
1275
330
17
100
AcDbEntity
  8
ARR_SECONDARY
100
AcDbLine
 10
38500.0
 20
107900.0
 30
0.0
 11
38850.0
 21
107900.0
 31
0.0
  0
LINE
  5
1276
330
17
100
AcDbEntity
  8
ARR_SECONDARY
100
AcDbLine
 10
39000.0
 20
107900.0
 30
0.0
 11
39350.0
 21
107900.0
 31
0.0
  0
LINE
  5
1277
330
17
100
AcDbEntity
  8
ARR_SECONDARY
100
AcDbLine
 10
39500.0
 20
107900.0
 30
0.0
 11
39850.0
 21
107900.0
 31
0.0
  0
LINE
  5
1278
330
17
100
AcDbEntity
  8
ARR_SECONDARY
100
AcDbLine
 10
40000.0
 20
107900.0
 30
0.0
 11
40350.0
 21
107900.0
 31
0.0
  0
LINE
  5
1279
330
17
100
AcDbEntity
  8
ARR_SECONDARY
100
AcDbLine
 10
40500.0
 20
107900.0
 30
0.0
 11
40850.0
 21
107900.0
 31
0.0
  0
LINE
  5
127A
330
17
100
AcDbEntity
  8
ARR_SECONDARY
100
AcDbLine
 10
41000.0
 20
107900.0
 30
0.0
 11
41350.0
 21
107900.0
 31
0.0
  0
LINE
  5
127B
330
17
100
AcDbEntity
  8
ARR_SECONDARY
100
AcDbLine
 10
41500.0
 20
107900.0
 30
0.0
 11
41850.0
 21
107900.0
 31
0.0
  0
LINE
  5
127C
330
17
100
AcDbEntity
  8
ARR_SECONDARY
100
AcDbLine
 10
42000.0
 20
107900.0
 30
0.0
 11
42350.0
 21
107900.0
 31
0.0
  0
LINE
  5
127D
330
17
100
AcDbEntity
  8
ARR_SECONDARY
100
AcDbLine
 10
42500.0
 20
107900.0
 30
0.0
 11
42850.0
 21
107900.0
 31
0.0
  0
LINE
  5
127E
330
17
100
AcDbEntity
  8
ARR_SECONDARY
100
AcDbLine
 10
43000.0
 20
107900.0
 30
0.0
 11
43350.0
 21
107900.0
 31
0.0
  0
LINE
  5
127F
330
17
100
AcDbEntity
  8
ARR_SECONDARY
100
AcDbLine
 10
43500.0
 20
107900.0
 30
0.0
 11
43850.0
 21
107900.0
 31
0.0
  0
LINE
  5
1280
330
17
100
AcDbEntity
  8
ARR_SECONDARY
100
AcDbLine
 10
44000.0
 20
107900.0
 30
0.0
 11
44350.0
 21
107900.0
 31
0.0
  0
LINE
  5
1281
330
17
100
AcDbEntity
  8
ARR_SECONDARY
100
AcDbLine
 10
44500.0
 20
107900.0
 30
0.0
 11
44850.0
 21
107900.0
 31
0.0
  0
LINE
  5
1282
330
17
100
AcDbEntity
  8
ARR_SECONDARY
100
AcDbLine
 10
45000.0
 20
107900.0
 30
0.0
 11
45350.0
 21
107900.0
 31
0.0
  0
LINE
  5
1283
330
17
100
AcDbEntity
  8
ARR_SECONDARY
100
AcDbLine
 10
45500.0
 20
107900.0
 30
0.0
 11
45850.0
 21
107900.0
 31
0.0
  0
LINE
  5
1284
330
17
100
AcDbEntity
  8
ARR_SECONDARY
100
AcDbLine
 10
46000.0
 20
107900.0
 30
0.0
 11
46350.0
 21
107900.0
 31
0.0
  0
LINE
  5
1285
330
17
100
AcDbEntity
  8
ARR_SECONDARY
100
AcDbLine
 10
46500.0
 20
107900.0
 30
0.0
 11
46850.0
 21
107900.0
 31
0.0
  0
LINE
  5
1286
330
17
100
AcDbEntity
  8
ARR_SECONDARY
100
AcDbLine
 10
47000.0
 20
107900.0
 30
0.0
 11
47350.0
 21
107900.0
 31
0.0
  0
LINE
  5
1287
330
17
100
AcDbEntity
  8
ARR_SECONDARY
100
AcDbLine
 10
47500.0
 20
107900.0
 30
0.0
 11
47850.0
 21
107900.0
 31
0.0
  0
LINE
  5
1288
330
17
100
AcDbEntity
  8
ARR_SECONDARY
100
AcDbLine
 10
48000.0
 20
107900.0
 30
0.0
 11
48350.0
 21
107900.0
 31
0.0
  0
LINE
  5
1289
330
17
100
AcDbEntity
  8
ARR_SECONDARY
100
AcDbLine
 10
48500.0
 20
107900.0
 30
0.0
 11
48850.0
 21
107900.0
 31
0.0
  0
LINE
  5
128A
330
17
100
AcDbEntity
  8
ARR_SECONDARY
100
AcDbLine
 10
49000.0
 20
107900.0
 30
0.0
 11
49350.0
 21
107900.0
 31
0.0
  0
LINE
  5
128B
330
17
100
AcDbEntity
  8
ARR_SECONDARY
100
AcDbLine
 10
49500.0
 20
107900.0
 30
0.0
 11
49850.0
 21
107900.0
 31
0.0
  0
LINE
  5
128C
330
17
100
AcDbEntity
  8
ARR_SECONDARY
100
AcDbLine
 10
50000.0
 20
107900.0
 30
0.0
 11
50350.0
 21
107900.0
 31
0.0
  0
LINE
  5
128D
330
17
100
AcDbEntity
  8
ARR_SECONDARY
100
AcDbLine
 10
50500.0
 20
107900.0
 30
0.0
 11
50850.0
 21
107900.0
 31
0.0
  0
LINE
  5
128E
330
17
100
AcDbEntity
  8
ARR_SECONDARY
100
AcDbLine
 10
51000.0
 20
107900.0
 30
0.0
 11
51350.0
 21
107900.0
 31
0.0
  0
LINE
  5
128F
330
17
100
AcDbEntity
  8
ARR_SECONDARY
100
AcDbLine
 10
51500.0
 20
107900.0
 30
0.0
 11
51850.0
 21
107900.0
 31
0.0
  0
LINE
  5
1290
330
17
100
AcDbEntity
  8
ARR_SECONDARY
100
AcDbLine
 10
52000.0
 20
107900.0
 30
0.0
 11
52350.0
 21
107900.0
 31
0.0
  0
LINE
  5
1291
330
17
100
AcDbEntity
  8
ARR_SECONDARY
100
AcDbLine
 10
52500.0
 20
107900.0
 30
0.0
 11
52850.0
 21
107900.0
 31
0.0
  0
LINE
  5
1292
330
17
100
AcDbEntity
  8
ARR_SECONDARY
100
AcDbLine
 10
53000.0
 20
107900.0
 30
0.0
 11
53350.0
 21
107900.0
 31
0.0
  0
LINE
  5
1293
330
17
100
AcDbEntity
  8
ARR_SECONDARY
100
AcDbLine
 10
53500.0
 20
107900.0
 30
0.0
 11
53850.0
 21
107900.0
 31
0.0
  0
LINE
  5
1294
330
17
100
AcDbEntity
  8
ARR_SECONDARY
100
AcDbLine
 10
54000.0
 20
107900.0
 30
0.0
 11
54350.0
 21
107900.0
 31
0.0
  0
LINE
  5
1295
330
17
100
AcDbEntity
  8
ARR_SECONDARY
100
AcDbLine
 10
54500.0
 20
107900.0
 30
0.0
 11
54850.0
 21
107900.0
 31
0.0
  0
LINE
  5
1296
330
17
100
AcDbEntity
  8
ARR_SECONDARY
100
AcDbLine
 10
55000.0
 20
107900.0
 30
0.0
 11
55350.0
 21
107900.0
 31
0.0
  0
LINE
  5
1297
330
17
100
AcDbEntity
  8
ARR_SECONDARY
100
AcDbLine
 10
55500.0
 20
107900.0
 30
0.0
 11
55850.0
 21
107900.0
 31
0.0
  0
LINE
  5
1298
330
17
100
AcDbEntity
  8
ARR_SECONDARY
100
AcDbLine
 10
38000.0
 20
108666.6666666666
 30
0.0
 11
38350.0
 21
108666.6666666666
 31
0.0
  0
LINE
  5
1299
330
17
100
AcDbEntity
  8
ARR_SECONDARY
100
AcDbLine
 10
38500.0
 20
108666.6666666666
 30
0.0
 11
38850.0
 21
108666.6666666666
 31
0.0
  0
LINE
  5
129A
330
17
100
AcDbEntity
  8
ARR_SECONDARY
100
AcDbLine
 10
39000.0
 20
108666.6666666666
 30
0.0
 11
39350.0
 21
108666.6666666666
 31
0.0
  0
LINE
  5
129B
330
17
100
AcDbEntity
  8
ARR_SECONDARY
100
AcDbLine
 10
39500.0
 20
108666.6666666666
 30
0.0
 11
39850.0
 21
108666.6666666666
 31
0.0
  0
LINE
  5
129C
330
17
100
AcDbEntity
  8
ARR_SECONDARY
100
AcDbLine
 10
40000.0
 20
108666.6666666666
 30
0.0
 11
40350.0
 21
108666.6666666666
 31
0.0
  0
LINE
  5
129D
330
17
100
AcDbEntity
  8
ARR_SECONDARY
100
AcDbLine
 10
40500.0
 20
108666.6666666666
 30
0.0
 11
40850.0
 21
108666.6666666666
 31
0.0
  0
LINE
  5
129E
330
17
100
AcDbEntity
  8
ARR_SECONDARY
100
AcDbLine
 10
41000.0
 20
108666.6666666666
 30
0.0
 11
41350.0
 21
108666.6666666666
 31
0.0
  0
LINE
  5
129F
330
17
100
AcDbEntity
  8
ARR_SECONDARY
100
AcDbLine
 10
41500.0
 20
108666.6666666666
 30
0.0
 11
41850.0
 21
108666.6666666666
 31
0.0
  0
LINE
  5
12A0
330
17
100
AcDbEntity
  8
ARR_SECONDARY
100
AcDbLine
 10
42000.0
 20
108666.6666666666
 30
0.0
 11
42350.0
 21
108666.6666666666
 31
0.0
  0
LINE
  5
12A1
330
17
100
AcDbEntity
  8
ARR_SECONDARY
100
AcDbLine
 10
42500.0
 20
108666.6666666666
 30
0.0
 11
42850.0
 21
108666.6666666666
 31
0.0
  0
LINE
  5
12A2
330
17
100
AcDbEntity
  8
ARR_SECONDARY
100
AcDbLine
 10
43000.0
 20
108666.6666666666
 30
0.0
 11
43350.0
 21
108666.6666666666
 31
0.0
  0
LINE
  5
12A3
330
17
100
AcDbEntity
  8
ARR_SECONDARY
100
AcDbLine
 10
43500.0
 20
108666.6666666666
 30
0.0
 11
43850.0
 21
108666.6666666666
 31
0.0
  0
LINE
  5
12A4
330
17
100
AcDbEntity
  8
ARR_SECONDARY
100
AcDbLine
 10
44000.0
 20
108666.6666666666
 30
0.0
 11
44350.0
 21
108666.6666666666
 31
0.0
  0
LINE
  5
12A5
330
17
100
AcDbEntity
  8
ARR_SECONDARY
100
AcDbLine
 10
44500.0
 20
108666.6666666666
 30
0.0
 11
44850.0
 21
108666.6666666666
 31
0.0
  0
LINE
  5
12A6
330
17
100
AcDbEntity
  8
ARR_SECONDARY
100
AcDbLine
 10
45000.0
 20
108666.6666666666
 30
0.0
 11
45350.0
 21
108666.6666666666
 31
0.0
  0
LINE
  5
12A7
330
17
100
AcDbEntity
  8
ARR_SECONDARY
100
AcDbLine
 10
45500.0
 20
108666.6666666666
 30
0.0
 11
45850.0
 21
108666.6666666666
 31
0.0
  0
LINE
  5
12A8
330
17
100
AcDbEntity
  8
ARR_SECONDARY
100
AcDbLine
 10
46000.0
 20
108666.6666666666
 30
0.0
 11
46350.0
 21
108666.6666666666
 31
0.0
  0
LINE
  5
12A9
330
17
100
AcDbEntity
  8
ARR_SECONDARY
100
AcDbLine
 10
46500.0
 20
108666.6666666666
 30
0.0
 11
46850.0
 21
108666.6666666666
 31
0.0
  0
LINE
  5
12AA
330
17
100
AcDbEntity
  8
ARR_SECONDARY
100
AcDbLine
 10
47000.0
 20
108666.6666666666
 30
0.0
 11
47350.0
 21
108666.6666666666
 31
0.0
  0
LINE
  5
12AB
330
17
100
AcDbEntity
  8
ARR_SECONDARY
100
AcDbLine
 10
47500.0
 20
108666.6666666666
 30
0.0
 11
47850.0
 21
108666.6666666666
 31
0.0
  0
LINE
  5
12AC
330
17
100
AcDbEntity
  8
ARR_SECONDARY
100
AcDbLine
 10
48000.0
 20
108666.6666666666
 30
0.0
 11
48350.0
 21
108666.6666666666
 31
0.0
  0
LINE
  5
12AD
330
17
100
AcDbEntity
  8
ARR_SECONDARY
100
AcDbLine
 10
48500.0
 20
108666.6666666666
 30
0.0
 11
48850.0
 21
108666.6666666666
 31
0.0
  0
LINE
  5
12AE
330
17
100
AcDbEntity
  8
ARR_SECONDARY
100
AcDbLine
 10
49000.0
 20
108666.6666666666
 30
0.0
 11
49350.0
 21
108666.6666666666
 31
0.0
  0
LINE
  5
12AF
330
17
100
AcDbEntity
  8
ARR_SECONDARY
100
AcDbLine
 10
49500.0
 20
108666.6666666666
 30
0.0
 11
49850.0
 21
108666.6666666666
 31
0.0
  0
LINE
  5
12B0
330
17
100
AcDbEntity
  8
ARR_SECONDARY
100
AcDbLine
 10
50000.0
 20
108666.6666666666
 30
0.0
 11
50350.0
 21
108666.6666666666
 31
0.0
  0
LINE
  5
12B1
330
17
100
AcDbEntity
  8
ARR_SECONDARY
100
AcDbLine
 10
50500.0
 20
108666.6666666666
 30
0.0
 11
50850.0
 21
108666.6666666666
 31
0.0
  0
LINE
  5
12B2
330
17
100
AcDbEntity
  8
ARR_SECONDARY
100
AcDbLine
 10
51000.0
 20
108666.6666666666
 30
0.0
 11
51350.0
 21
108666.6666666666
 31
0.0
  0
LINE
  5
12B3
330
17
100
AcDbEntity
  8
ARR_SECONDARY
100
AcDbLine
 10
51500.0
 20
108666.6666666666
 30
0.0
 11
51850.0
 21
108666.6666666666
 31
0.0
  0
LINE
  5
12B4
330
17
100
AcDbEntity
  8
ARR_SECONDARY
100
AcDbLine
 10
52000.0
 20
108666.6666666666
 30
0.0
 11
52350.0
 21
108666.6666666666
 31
0.0
  0
LINE
  5
12B5
330
17
100
AcDbEntity
  8
ARR_SECONDARY
100
AcDbLine
 10
52500.0
 20
108666.6666666666
 30
0.0
 11
52850.0
 21
108666.6666666666
 31
0.0
  0
LINE
  5
12B6
330
17
100
AcDbEntity
  8
ARR_SECONDARY
100
AcDbLine
 10
53000.0
 20
108666.6666666666
 30
0.0
 11
53350.0
 21
108666.6666666666
 31
0.0
  0
LINE
  5
12B7
330
17
100
AcDbEntity
  8
ARR_SECONDARY
100
AcDbLine
 10
53500.0
 20
108666.6666666666
 30
0.0
 11
53850.0
 21
108666.6666666666
 31
0.0
  0
LINE
  5
12B8
330
17
100
AcDbEntity
  8
ARR_SECONDARY
100
AcDbLine
 10
54000.0
 20
108666.6666666666
 30
0.0
 11
54350.0
 21
108666.6666666666
 31
0.0
  0
LINE
  5
12B9
330
17
100
AcDbEntity
  8
ARR_SECONDARY
100
AcDbLine
 10
54500.0
 20
108666.6666666666
 30
0.0
 11
54850.0
 21
108666.6666666666
 31
0.0
  0
LINE
  5
12BA
330
17
100
AcDbEntity
  8
ARR_SECONDARY
100
AcDbLine
 10
55000.0
 20
108666.6666666666
 30
0.0
 11
55350.0
 21
108666.6666666666
 31
0.0
  0
LINE
  5
12BB
330
17
100
AcDbEntity
  8
ARR_SECONDARY
100
AcDbLine
 10
55500.0
 20
108666.6666666666
 30
0.0
 11
55850.0
 21
108666.6666666666
 31
0.0
  0
LINE
  5
12BC
330
17
100
AcDbEntity
  8
ARR_SECONDARY
100
AcDbLine
 10
38000.0
 20
109433.3333333333
 30
0.0
 11
38350.0
 21
109433.3333333333
 31
0.0
  0
LINE
  5
12BD
330
17
100
AcDbEntity
  8
ARR_SECONDARY
100
AcDbLine
 10
38500.0
 20
109433.3333333333
 30
0.0
 11
38850.0
 21
109433.3333333333
 31
0.0
  0
LINE
  5
12BE
330
17
100
AcDbEntity
  8
ARR_SECONDARY
100
AcDbLine
 10
39000.0
 20
109433.3333333333
 30
0.0
 11
39350.0
 21
109433.3333333333
 31
0.0
  0
LINE
  5
12BF
330
17
100
AcDbEntity
  8
ARR_SECONDARY
100
AcDbLine
 10
39500.0
 20
109433.3333333333
 30
0.0
 11
39850.0
 21
109433.3333333333
 31
0.0
  0
LINE
  5
12C0
330
17
100
AcDbEntity
  8
ARR_SECONDARY
100
AcDbLine
 10
40000.0
 20
109433.3333333333
 30
0.0
 11
40350.0
 21
109433.3333333333
 31
0.0
  0
LINE
  5
12C1
330
17
100
AcDbEntity
  8
ARR_SECONDARY
100
AcDbLine
 10
40500.0
 20
109433.3333333333
 30
0.0
 11
40850.0
 21
109433.3333333333
 31
0.0
  0
LINE
  5
12C2
330
17
100
AcDbEntity
  8
ARR_SECONDARY
100
AcDbLine
 10
41000.0
 20
109433.3333333333
 30
0.0
 11
41350.0
 21
109433.3333333333
 31
0.0
  0
LINE
  5
12C3
330
17
100
AcDbEntity
  8
ARR_SECONDARY
100
AcDbLine
 10
41500.0
 20
109433.3333333333
 30
0.0
 11
41850.0
 21
109433.3333333333
 31
0.0
  0
LINE
  5
12C4
330
17
100
AcDbEntity
  8
ARR_SECONDARY
100
AcDbLine
 10
42000.0
 20
109433.3333333333
 30
0.0
 11
42350.0
 21
109433.3333333333
 31
0.0
  0
LINE
  5
12C5
330
17
100
AcDbEntity
  8
ARR_SECONDARY
100
AcDbLine
 10
42500.0
 20
109433.3333333333
 30
0.0
 11
42850.0
 21
109433.3333333333
 31
0.0
  0
LINE
  5
12C6
330
17
100
AcDbEntity
  8
ARR_SECONDARY
100
AcDbLine
 10
43000.0
 20
109433.3333333333
 30
0.0
 11
43350.0
 21
109433.3333333333
 31
0.0
  0
LINE
  5
12C7
330
17
100
AcDbEntity
  8
ARR_SECONDARY
100
AcDbLine
 10
43500.0
 20
109433.3333333333
 30
0.0
 11
43850.0
 21
109433.3333333333
 31
0.0
  0
LINE
  5
12C8
330
17
100
AcDbEntity
  8
ARR_SECONDARY
100
AcDbLine
 10
44000.0
 20
109433.3333333333
 30
0.0
 11
44350.0
 21
109433.3333333333
 31
0.0
  0
LINE
  5
12C9
330
17
100
AcDbEntity
  8
ARR_SECONDARY
100
AcDbLine
 10
44500.0
 20
109433.3333333333
 30
0.0
 11
44850.0
 21
109433.3333333333
 31
0.0
  0
LINE
  5
12CA
330
17
100
AcDbEntity
  8
ARR_SECONDARY
100
AcDbLine
 10
45000.0
 20
109433.3333333333
 30
0.0
 11
45350.0
 21
109433.3333333333
 31
0.0
  0
LINE
  5
12CB
330
17
100
AcDbEntity
  8
ARR_SECONDARY
100
AcDbLine
 10
45500.0
 20
109433.3333333333
 30
0.0
 11
45850.0
 21
109433.3333333333
 31
0.0
  0
LINE
  5
12CC
330
17
100
AcDbEntity
  8
ARR_SECONDARY
100
AcDbLine
 10
46000.0
 20
109433.3333333333
 30
0.0
 11
46350.0
 21
109433.3333333333
 31
0.0
  0
LINE
  5
12CD
330
17
100
AcDbEntity
  8
ARR_SECONDARY
100
AcDbLine
 10
46500.0
 20
109433.3333333333
 30
0.0
 11
46850.0
 21
109433.3333333333
 31
0.0
  0
LINE
  5
12CE
330
17
100
AcDbEntity
  8
ARR_SECONDARY
100
AcDbLine
 10
47000.0
 20
109433.3333333333
 30
0.0
 11
47350.0
 21
109433.3333333333
 31
0.0
  0
LINE
  5
12CF
330
17
100
AcDbEntity
  8
ARR_SECONDARY
100
AcDbLine
 10
47500.0
 20
109433.3333333333
 30
0.0
 11
47850.0
 21
109433.3333333333
 31
0.0
  0
LINE
  5
12D0
330
17
100
AcDbEntity
  8
ARR_SECONDARY
100
AcDbLine
 10
48000.0
 20
109433.3333333333
 30
0.0
 11
48350.0
 21
109433.3333333333
 31
0.0
  0
LINE
  5
12D1
330
17
100
AcDbEntity
  8
ARR_SECONDARY
100
AcDbLine
 10
48500.0
 20
109433.3333333333
 30
0.0
 11
48850.0
 21
109433.3333333333
 31
0.0
  0
LINE
  5
12D2
330
17
100
AcDbEntity
  8
ARR_SECONDARY
100
AcDbLine
 10
49000.0
 20
109433.3333333333
 30
0.0
 11
49350.0
 21
109433.3333333333
 31
0.0
  0
LINE
  5
12D3
330
17
100
AcDbEntity
  8
ARR_SECONDARY
100
AcDbLine
 10
49500.0
 20
109433.3333333333
 30
0.0
 11
49850.0
 21
109433.3333333333
 31
0.0
  0
LINE
  5
12D4
330
17
100
AcDbEntity
  8
ARR_SECONDARY
100
AcDbLine
 10
50000.0
 20
109433.3333333333
 30
0.0
 11
50350.0
 21
109433.3333333333
 31
0.0
  0
LINE
  5
12D5
330
17
100
AcDbEntity
  8
ARR_SECONDARY
100
AcDbLine
 10
50500.0
 20
109433.3333333333
 30
0.0
 11
50850.0
 21
109433.3333333333
 31
0.0
  0
LINE
  5
12D6
330
17
100
AcDbEntity
  8
ARR_SECONDARY
100
AcDbLine
 10
51000.0
 20
109433.3333333333
 30
0.0
 11
51350.0
 21
109433.3333333333
 31
0.0
  0
LINE
  5
12D7
330
17
100
AcDbEntity
  8
ARR_SECONDARY
100
AcDbLine
 10
51500.0
 20
109433.3333333333
 30
0.0
 11
51850.0
 21
109433.3333333333
 31
0.0
  0
LINE
  5
12D8
330
17
100
AcDbEntity
  8
ARR_SECONDARY
100
AcDbLine
 10
52000.0
 20
109433.3333333333
 30
0.0
 11
52350.0
 21
109433.3333333333
 31
0.0
  0
LINE
  5
12D9
330
17
100
AcDbEntity
  8
ARR_SECONDARY
100
AcDbLine
 10
52500.0
 20
109433.3333333333
 30
0.0
 11
52850.0
 21
109433.3333333333
 31
0.0
  0
LINE
  5
12DA
330
17
100
AcDbEntity
  8
ARR_SECONDARY
100
AcDbLine
 10
53000.0
 20
109433.3333333333
 30
0.0
 11
53350.0
 21
109433.3333333333
 31
0.0
  0
LINE
  5
12DB
330
17
100
AcDbEntity
  8
ARR_SECONDARY
100
AcDbLine
 10
53500.0
 20
109433.3333333333
 30
0.0
 11
53850.0
 21
109433.3333333333
 31
0.0
  0
LINE
  5
12DC
330
17
100
AcDbEntity
  8
ARR_SECONDARY
100
AcDbLine
 10
54000.0
 20
109433.3333333333
 30
0.0
 11
54350.0
 21
109433.3333333333
 31
0.0
  0
LINE
  5
12DD
330
17
100
AcDbEntity
  8
ARR_SECONDARY
100
AcDbLine
 10
54500.0
 20
109433.3333333333
 30
0.0
 11
54850.0
 21
109433.3333333333
 31
0.0
  0
LINE
  5
12DE
330
17
100
AcDbEntity
  8
ARR_SECONDARY
100
AcDbLine
 10
55000.0
 20
109433.3333333333
 30
0.0
 11
55350.0
 21
109433.3333333333
 31
0.0
  0
LINE
  5
12DF
330
17
100
AcDbEntity
  8
ARR_SECONDARY
100
AcDbLine
 10
55500.0
 20
109433.3333333333
 30
0.0
 11
55850.0
 21
109433.3333333333
 31
0.0
  0
LINE
  5
12E0
330
17
100
AcDbEntity
  8
ARR_SECONDARY
100
AcDbLine
 10
38000.0
 20
110200.0
 30
0.0
 11
38350.0
 21
110200.0
 31
0.0
  0
LINE
  5
12E1
330
17
100
AcDbEntity
  8
ARR_SECONDARY
100
AcDbLine
 10
38500.0
 20
110200.0
 30
0.0
 11
38850.0
 21
110200.0
 31
0.0
  0
LINE
  5
12E2
330
17
100
AcDbEntity
  8
ARR_SECONDARY
100
AcDbLine
 10
39000.0
 20
110200.0
 30
0.0
 11
39350.0
 21
110200.0
 31
0.0
  0
LINE
  5
12E3
330
17
100
AcDbEntity
  8
ARR_SECONDARY
100
AcDbLine
 10
39500.0
 20
110200.0
 30
0.0
 11
39850.0
 21
110200.0
 31
0.0
  0
LINE
  5
12E4
330
17
100
AcDbEntity
  8
ARR_SECONDARY
100
AcDbLine
 10
40000.0
 20
110200.0
 30
0.0
 11
40350.0
 21
110200.0
 31
0.0
  0
LINE
  5
12E5
330
17
100
AcDbEntity
  8
ARR_SECONDARY
100
AcDbLine
 10
40500.0
 20
110200.0
 30
0.0
 11
40850.0
 21
110200.0
 31
0.0
  0
LINE
  5
12E6
330
17
100
AcDbEntity
  8
ARR_SECONDARY
100
AcDbLine
 10
41000.0
 20
110200.0
 30
0.0
 11
41350.0
 21
110200.0
 31
0.0
  0
LINE
  5
12E7
330
17
100
AcDbEntity
  8
ARR_SECONDARY
100
AcDbLine
 10
41500.0
 20
110200.0
 30
0.0
 11
41850.0
 21
110200.0
 31
0.0
  0
LINE
  5
12E8
330
17
100
AcDbEntity
  8
ARR_SECONDARY
100
AcDbLine
 10
42000.0
 20
110200.0
 30
0.0
 11
42350.0
 21
110200.0
 31
0.0
  0
LINE
  5
12E9
330
17
100
AcDbEntity
  8
ARR_SECONDARY
100
AcDbLine
 10
42500.0
 20
110200.0
 30
0.0
 11
42850.0
 21
110200.0
 31
0.0
  0
LINE
  5
12EA
330
17
100
AcDbEntity
  8
ARR_SECONDARY
100
AcDbLine
 10
43000.0
 20
110200.0
 30
0.0
 11
43350.0
 21
110200.0
 31
0.0
  0
LINE
  5
12EB
330
17
100
AcDbEntity
  8
ARR_SECONDARY
100
AcDbLine
 10
43500.0
 20
110200.0
 30
0.0
 11
43850.0
 21
110200.0
 31
0.0
  0
LINE
  5
12EC
330
17
100
AcDbEntity
  8
ARR_SECONDARY
100
AcDbLine
 10
44000.0
 20
110200.0
 30
0.0
 11
44350.0
 21
110200.0
 31
0.0
  0
LINE
  5
12ED
330
17
100
AcDbEntity
  8
ARR_SECONDARY
100
AcDbLine
 10
44500.0
 20
110200.0
 30
0.0
 11
44850.0
 21
110200.0
 31
0.0
  0
LINE
  5
12EE
330
17
100
AcDbEntity
  8
ARR_SECONDARY
100
AcDbLine
 10
45000.0
 20
110200.0
 30
0.0
 11
45350.0
 21
110200.0
 31
0.0
  0
LINE
  5
12EF
330
17
100
AcDbEntity
  8
ARR_SECONDARY
100
AcDbLine
 10
45500.0
 20
110200.0
 30
0.0
 11
45850.0
 21
110200.0
 31
0.0
  0
LINE
  5
12F0
330
17
100
AcDbEntity
  8
ARR_SECONDARY
100
AcDbLine
 10
46000.0
 20
110200.0
 30
0.0
 11
46350.0
 21
110200.0
 31
0.0
  0
LINE
  5
12F1
330
17
100
AcDbEntity
  8
ARR_SECONDARY
100
AcDbLine
 10
46500.0
 20
110200.0
 30
0.0
 11
46850.0
 21
110200.0
 31
0.0
  0
LINE
  5
12F2
330
17
100
AcDbEntity
  8
ARR_SECONDARY
100
AcDbLine
 10
47000.0
 20
110200.0
 30
0.0
 11
47350.0
 21
110200.0
 31
0.0
  0
LINE
  5
12F3
330
17
100
AcDbEntity
  8
ARR_SECONDARY
100
AcDbLine
 10
47500.0
 20
110200.0
 30
0.0
 11
47850.0
 21
110200.0
 31
0.0
  0
LINE
  5
12F4
330
17
100
AcDbEntity
  8
ARR_SECONDARY
100
AcDbLine
 10
48000.0
 20
110200.0
 30
0.0
 11
48350.0
 21
110200.0
 31
0.0
  0
LINE
  5
12F5
330
17
100
AcDbEntity
  8
ARR_SECONDARY
100
AcDbLine
 10
48500.0
 20
110200.0
 30
0.0
 11
48850.0
 21
110200.0
 31
0.0
  0
LINE
  5
12F6
330
17
100
AcDbEntity
  8
ARR_SECONDARY
100
AcDbLine
 10
49000.0
 20
110200.0
 30
0.0
 11
49350.0
 21
110200.0
 31
0.0
  0
LINE
  5
12F7
330
17
100
AcDbEntity
  8
ARR_SECONDARY
100
AcDbLine
 10
49500.0
 20
110200.0
 30
0.0
 11
49850.0
 21
110200.0
 31
0.0
  0
LINE
  5
12F8
330
17
100
AcDbEntity
  8
ARR_SECONDARY
100
AcDbLine
 10
50000.0
 20
110200.0
 30
0.0
 11
50350.0
 21
110200.0
 31
0.0
  0
LINE
  5
12F9
330
17
100
AcDbEntity
  8
ARR_SECONDARY
100
AcDbLine
 10
50500.0
 20
110200.0
 30
0.0
 11
50850.0
 21
110200.0
 31
0.0
  0
LINE
  5
12FA
330
17
100
AcDbEntity
  8
ARR_SECONDARY
100
AcDbLine
 10
51000.0
 20
110200.0
 30
0.0
 11
51350.0
 21
110200.0
 31
0.0
  0
LINE
  5
12FB
330
17
100
AcDbEntity
  8
ARR_SECONDARY
100
AcDbLine
 10
51500.0
 20
110200.0
 30
0.0
 11
51850.0
 21
110200.0
 31
0.0
  0
LINE
  5
12FC
330
17
100
AcDbEntity
  8
ARR_SECONDARY
100
AcDbLine
 10
52000.0
 20
110200.0
 30
0.0
 11
52350.0
 21
110200.0
 31
0.0
  0
LINE
  5
12FD
330
17
100
AcDbEntity
  8
ARR_SECONDARY
100
AcDbLine
 10
52500.0
 20
110200.0
 30
0.0
 11
52850.0
 21
110200.0
 31
0.0
  0
LINE
  5
12FE
330
17
100
AcDbEntity
  8
ARR_SECONDARY
100
AcDbLine
 10
53000.0
 20
110200.0
 30
0.0
 11
53350.0
 21
110200.0
 31
0.0
  0
LINE
  5
12FF
330
17
100
AcDbEntity
  8
ARR_SECONDARY
100
AcDbLine
 10
53500.0
 20
110200.0
 30
0.0
 11
53850.0
 21
110200.0
 31
0.0
  0
LINE
  5
1300
330
17
100
AcDbEntity
  8
ARR_SECONDARY
100
AcDbLine
 10
54000.0
 20
110200.0
 30
0.0
 11
54350.0
 21
110200.0
 31
0.0
  0
LINE
  5
1301
330
17
100
AcDbEntity
  8
ARR_SECONDARY
100
AcDbLine
 10
54500.0
 20
110200.0
 30
0.0
 11
54850.0
 21
110200.0
 31
0.0
  0
LINE
  5
1302
330
17
100
AcDbEntity
  8
ARR_SECONDARY
100
AcDbLine
 10
55000.0
 20
110200.0
 30
0.0
 11
55350.0
 21
110200.0
 31
0.0
  0
LINE
  5
1303
330
17
100
AcDbEntity
  8
ARR_SECONDARY
100
AcDbLine
 10
55500.0
 20
110200.0
 30
0.0
 11
55850.0
 21
110200.0
 31
0.0
  0
LINE
  5
1304
330
17
100
AcDbEntity
  8
ARR_SECONDARY
100
AcDbLine
 10
38000.0
 20
110966.6666666667
 30
0.0
 11
38350.0
 21
110966.6666666667
 31
0.0
  0
LINE
  5
1305
330
17
100
AcDbEntity
  8
ARR_SECONDARY
100
AcDbLine
 10
38500.0
 20
110966.6666666667
 30
0.0
 11
38850.0
 21
110966.6666666667
 31
0.0
  0
LINE
  5
1306
330
17
100
AcDbEntity
  8
ARR_SECONDARY
100
AcDbLine
 10
39000.0
 20
110966.6666666667
 30
0.0
 11
39350.0
 21
110966.6666666667
 31
0.0
  0
LINE
  5
1307
330
17
100
AcDbEntity
  8
ARR_SECONDARY
100
AcDbLine
 10
39500.0
 20
110966.6666666667
 30
0.0
 11
39850.0
 21
110966.6666666667
 31
0.0
  0
LINE
  5
1308
330
17
100
AcDbEntity
  8
ARR_SECONDARY
100
AcDbLine
 10
40000.0
 20
110966.6666666667
 30
0.0
 11
40350.0
 21
110966.6666666667
 31
0.0
  0
LINE
  5
1309
330
17
100
AcDbEntity
  8
ARR_SECONDARY
100
AcDbLine
 10
40500.0
 20
110966.6666666667
 30
0.0
 11
40850.0
 21
110966.6666666667
 31
0.0
  0
LINE
  5
130A
330
17
100
AcDbEntity
  8
ARR_SECONDARY
100
AcDbLine
 10
41000.0
 20
110966.6666666667
 30
0.0
 11
41350.0
 21
110966.6666666667
 31
0.0
  0
LINE
  5
130B
330
17
100
AcDbEntity
  8
ARR_SECONDARY
100
AcDbLine
 10
41500.0
 20
110966.6666666667
 30
0.0
 11
41850.0
 21
110966.6666666667
 31
0.0
  0
LINE
  5
130C
330
17
100
AcDbEntity
  8
ARR_SECONDARY
100
AcDbLine
 10
42000.0
 20
110966.6666666667
 30
0.0
 11
42350.0
 21
110966.6666666667
 31
0.0
  0
LINE
  5
130D
330
17
100
AcDbEntity
  8
ARR_SECONDARY
100
AcDbLine
 10
42500.0
 20
110966.6666666667
 30
0.0
 11
42850.0
 21
110966.6666666667
 31
0.0
  0
LINE
  5
130E
330
17
100
AcDbEntity
  8
ARR_SECONDARY
100
AcDbLine
 10
43000.0
 20
110966.6666666667
 30
0.0
 11
43350.0
 21
110966.6666666667
 31
0.0
  0
LINE
  5
130F
330
17
100
AcDbEntity
  8
ARR_SECONDARY
100
AcDbLine
 10
43500.0
 20
110966.6666666667
 30
0.0
 11
43850.0
 21
110966.6666666667
 31
0.0
  0
LINE
  5
1310
330
17
100
AcDbEntity
  8
ARR_SECONDARY
100
AcDbLine
 10
44000.0
 20
110966.6666666667
 30
0.0
 11
44350.0
 21
110966.6666666667
 31
0.0
  0
LINE
  5
1311
330
17
100
AcDbEntity
  8
ARR_SECONDARY
100
AcDbLine
 10
44500.0
 20
110966.6666666667
 30
0.0
 11
44850.0
 21
110966.6666666667
 31
0.0
  0
LINE
  5
1312
330
17
100
AcDbEntity
  8
ARR_SECONDARY
100
AcDbLine
 10
45000.0
 20
110966.6666666667
 30
0.0
 11
45350.0
 21
110966.6666666667
 31
0.0
  0
LINE
  5
1313
330
17
100
AcDbEntity
  8
ARR_SECONDARY
100
AcDbLine
 10
45500.0
 20
110966.6666666667
 30
0.0
 11
45850.0
 21
110966.6666666667
 31
0.0
  0
LINE
  5
1314
330
17
100
AcDbEntity
  8
ARR_SECONDARY
100
AcDbLine
 10
46000.0
 20
110966.6666666667
 30
0.0
 11
46350.0
 21
110966.6666666667
 31
0.0
  0
LINE
  5
1315
330
17
100
AcDbEntity
  8
ARR_SECONDARY
100
AcDbLine
 10
46500.0
 20
110966.6666666667
 30
0.0
 11
46850.0
 21
110966.6666666667
 31
0.0
  0
LINE
  5
1316
330
17
100
AcDbEntity
  8
ARR_SECONDARY
100
AcDbLine
 10
47000.0
 20
110966.6666666667
 30
0.0
 11
47350.0
 21
110966.6666666667
 31
0.0
  0
LINE
  5
1317
330
17
100
AcDbEntity
  8
ARR_SECONDARY
100
AcDbLine
 10
47500.0
 20
110966.6666666667
 30
0.0
 11
47850.0
 21
110966.6666666667
 31
0.0
  0
LINE
  5
1318
330
17
100
AcDbEntity
  8
ARR_SECONDARY
100
AcDbLine
 10
48000.0
 20
110966.6666666667
 30
0.0
 11
48350.0
 21
110966.6666666667
 31
0.0
  0
LINE
  5
1319
330
17
100
AcDbEntity
  8
ARR_SECONDARY
100
AcDbLine
 10
48500.0
 20
110966.6666666667
 30
0.0
 11
48850.0
 21
110966.6666666667
 31
0.0
  0
LINE
  5
131A
330
17
100
AcDbEntity
  8
ARR_SECONDARY
100
AcDbLine
 10
49000.0
 20
110966.6666666667
 30
0.0
 11
49350.0
 21
110966.6666666667
 31
0.0
  0
LINE
  5
131B
330
17
100
AcDbEntity
  8
ARR_SECONDARY
100
AcDbLine
 10
49500.0
 20
110966.6666666667
 30
0.0
 11
49850.0
 21
110966.6666666667
 31
0.0
  0
LINE
  5
131C
330
17
100
AcDbEntity
  8
ARR_SECONDARY
100
AcDbLine
 10
50000.0
 20
110966.6666666667
 30
0.0
 11
50350.0
 21
110966.6666666667
 31
0.0
  0
LINE
  5
131D
330
17
100
AcDbEntity
  8
ARR_SECONDARY
100
AcDbLine
 10
50500.0
 20
110966.6666666667
 30
0.0
 11
50850.0
 21
110966.6666666667
 31
0.0
  0
LINE
  5
131E
330
17
100
AcDbEntity
  8
ARR_SECONDARY
100
AcDbLine
 10
51000.0
 20
110966.6666666667
 30
0.0
 11
51350.0
 21
110966.6666666667
 31
0.0
  0
LINE
  5
131F
330
17
100
AcDbEntity
  8
ARR_SECONDARY
100
AcDbLine
 10
51500.0
 20
110966.6666666667
 30
0.0
 11
51850.0
 21
110966.6666666667
 31
0.0
  0
LINE
  5
1320
330
17
100
AcDbEntity
  8
ARR_SECONDARY
100
AcDbLine
 10
52000.0
 20
110966.6666666667
 30
0.0
 11
52350.0
 21
110966.6666666667
 31
0.0
  0
LINE
  5
1321
330
17
100
AcDbEntity
  8
ARR_SECONDARY
100
AcDbLine
 10
52500.0
 20
110966.6666666667
 30
0.0
 11
52850.0
 21
110966.6666666667
 31
0.0
  0
LINE
  5
1322
330
17
100
AcDbEntity
  8
ARR_SECONDARY
100
AcDbLine
 10
53000.0
 20
110966.6666666667
 30
0.0
 11
53350.0
 21
110966.6666666667
 31
0.0
  0
LINE
  5
1323
330
17
100
AcDbEntity
  8
ARR_SECONDARY
100
AcDbLine
 10
53500.0
 20
110966.6666666667
 30
0.0
 11
53850.0
 21
110966.6666666667
 31
0.0
  0
LINE
  5
1324
330
17
100
AcDbEntity
  8
ARR_SECONDARY
100
AcDbLine
 10
54000.0
 20
110966.6666666667
 30
0.0
 11
54350.0
 21
110966.6666666667
 31
0.0
  0
LINE
  5
1325
330
17
100
AcDbEntity
  8
ARR_SECONDARY
100
AcDbLine
 10
54500.0
 20
110966.6666666667
 30
0.0
 11
54850.0
 21
110966.6666666667
 31
0.0
  0
LINE
  5
1326
330
17
100
AcDbEntity
  8
ARR_SECONDARY
100
AcDbLine
 10
55000.0
 20
110966.6666666667
 30
0.0
 11
55350.0
 21
110966.6666666667
 31
0.0
  0
LINE
  5
1327
330
17
100
AcDbEntity
  8
ARR_SECONDARY
100
AcDbLine
 10
55500.0
 20
110966.6666666667
 30
0.0
 11
55850.0
 21
110966.6666666667
 31
0.0
  0
LINE
  5
1328
330
17
100
AcDbEntity
  8
ARR_SECONDARY
100
AcDbLine
 10
38000.0
 20
111733.3333333333
 30
0.0
 11
38350.0
 21
111733.3333333333
 31
0.0
  0
LINE
  5
1329
330
17
100
AcDbEntity
  8
ARR_SECONDARY
100
AcDbLine
 10
38500.0
 20
111733.3333333333
 30
0.0
 11
38850.0
 21
111733.3333333333
 31
0.0
  0
LINE
  5
132A
330
17
100
AcDbEntity
  8
ARR_SECONDARY
100
AcDbLine
 10
39000.0
 20
111733.3333333333
 30
0.0
 11
39350.0
 21
111733.3333333333
 31
0.0
  0
LINE
  5
132B
330
17
100
AcDbEntity
  8
ARR_SECONDARY
100
AcDbLine
 10
39500.0
 20
111733.3333333333
 30
0.0
 11
39850.0
 21
111733.3333333333
 31
0.0
  0
LINE
  5
132C
330
17
100
AcDbEntity
  8
ARR_SECONDARY
100
AcDbLine
 10
40000.0
 20
111733.3333333333
 30
0.0
 11
40350.0
 21
111733.3333333333
 31
0.0
  0
LINE
  5
132D
330
17
100
AcDbEntity
  8
ARR_SECONDARY
100
AcDbLine
 10
40500.0
 20
111733.3333333333
 30
0.0
 11
40850.0
 21
111733.3333333333
 31
0.0
  0
LINE
  5
132E
330
17
100
AcDbEntity
  8
ARR_SECONDARY
100
AcDbLine
 10
41000.0
 20
111733.3333333333
 30
0.0
 11
41350.0
 21
111733.3333333333
 31
0.0
  0
LINE
  5
132F
330
17
100
AcDbEntity
  8
ARR_SECONDARY
100
AcDbLine
 10
41500.0
 20
111733.3333333333
 30
0.0
 11
41850.0
 21
111733.3333333333
 31
0.0
  0
LINE
  5
1330
330
17
100
AcDbEntity
  8
ARR_SECONDARY
100
AcDbLine
 10
42000.0
 20
111733.3333333333
 30
0.0
 11
42350.0
 21
111733.3333333333
 31
0.0
  0
LINE
  5
1331
330
17
100
AcDbEntity
  8
ARR_SECONDARY
100
AcDbLine
 10
42500.0
 20
111733.3333333333
 30
0.0
 11
42850.0
 21
111733.3333333333
 31
0.0
  0
LINE
  5
1332
330
17
100
AcDbEntity
  8
ARR_SECONDARY
100
AcDbLine
 10
43000.0
 20
111733.3333333333
 30
0.0
 11
43350.0
 21
111733.3333333333
 31
0.0
  0
LINE
  5
1333
330
17
100
AcDbEntity
  8
ARR_SECONDARY
100
AcDbLine
 10
43500.0
 20
111733.3333333333
 30
0.0
 11
43850.0
 21
111733.3333333333
 31
0.0
  0
LINE
  5
1334
330
17
100
AcDbEntity
  8
ARR_SECONDARY
100
AcDbLine
 10
44000.0
 20
111733.3333333333
 30
0.0
 11
44350.0
 21
111733.3333333333
 31
0.0
  0
LINE
  5
1335
330
17
100
AcDbEntity
  8
ARR_SECONDARY
100
AcDbLine
 10
44500.0
 20
111733.3333333333
 30
0.0
 11
44850.0
 21
111733.3333333333
 31
0.0
  0
LINE
  5
1336
330
17
100
AcDbEntity
  8
ARR_SECONDARY
100
AcDbLine
 10
45000.0
 20
111733.3333333333
 30
0.0
 11
45350.0
 21
111733.3333333333
 31
0.0
  0
LINE
  5
1337
330
17
100
AcDbEntity
  8
ARR_SECONDARY
100
AcDbLine
 10
45500.0
 20
111733.3333333333
 30
0.0
 11
45850.0
 21
111733.3333333333
 31
0.0
  0
LINE
  5
1338
330
17
100
AcDbEntity
  8
ARR_SECONDARY
100
AcDbLine
 10
46000.0
 20
111733.3333333333
 30
0.0
 11
46350.0
 21
111733.3333333333
 31
0.0
  0
LINE
  5
1339
330
17
100
AcDbEntity
  8
ARR_SECONDARY
100
AcDbLine
 10
46500.0
 20
111733.3333333333
 30
0.0
 11
46850.0
 21
111733.3333333333
 31
0.0
  0
LINE
  5
133A
330
17
100
AcDbEntity
  8
ARR_SECONDARY
100
AcDbLine
 10
47000.0
 20
111733.3333333333
 30
0.0
 11
47350.0
 21
111733.3333333333
 31
0.0
  0
LINE
  5
133B
330
17
100
AcDbEntity
  8
ARR_SECONDARY
100
AcDbLine
 10
47500.0
 20
111733.3333333333
 30
0.0
 11
47850.0
 21
111733.3333333333
 31
0.0
  0
LINE
  5
133C
330
17
100
AcDbEntity
  8
ARR_SECONDARY
100
AcDbLine
 10
48000.0
 20
111733.3333333333
 30
0.0
 11
48350.0
 21
111733.3333333333
 31
0.0
  0
LINE
  5
133D
330
17
100
AcDbEntity
  8
ARR_SECONDARY
100
AcDbLine
 10
48500.0
 20
111733.3333333333
 30
0.0
 11
48850.0
 21
111733.3333333333
 31
0.0
  0
LINE
  5
133E
330
17
100
AcDbEntity
  8
ARR_SECONDARY
100
AcDbLine
 10
49000.0
 20
111733.3333333333
 30
0.0
 11
49350.0
 21
111733.3333333333
 31
0.0
  0
LINE
  5
133F
330
17
100
AcDbEntity
  8
ARR_SECONDARY
100
AcDbLine
 10
49500.0
 20
111733.3333333333
 30
0.0
 11
49850.0
 21
111733.3333333333
 31
0.0
  0
LINE
  5
1340
330
17
100
AcDbEntity
  8
ARR_SECONDARY
100
AcDbLine
 10
50000.0
 20
111733.3333333333
 30
0.0
 11
50350.0
 21
111733.3333333333
 31
0.0
  0
LINE
  5
1341
330
17
100
AcDbEntity
  8
ARR_SECONDARY
100
AcDbLine
 10
50500.0
 20
111733.3333333333
 30
0.0
 11
50850.0
 21
111733.3333333333
 31
0.0
  0
LINE
  5
1342
330
17
100
AcDbEntity
  8
ARR_SECONDARY
100
AcDbLine
 10
51000.0
 20
111733.3333333333
 30
0.0
 11
51350.0
 21
111733.3333333333
 31
0.0
  0
LINE
  5
1343
330
17
100
AcDbEntity
  8
ARR_SECONDARY
100
AcDbLine
 10
51500.0
 20
111733.3333333333
 30
0.0
 11
51850.0
 21
111733.3333333333
 31
0.0
  0
LINE
  5
1344
330
17
100
AcDbEntity
  8
ARR_SECONDARY
100
AcDbLine
 10
52000.0
 20
111733.3333333333
 30
0.0
 11
52350.0
 21
111733.3333333333
 31
0.0
  0
LINE
  5
1345
330
17
100
AcDbEntity
  8
ARR_SECONDARY
100
AcDbLine
 10
52500.0
 20
111733.3333333333
 30
0.0
 11
52850.0
 21
111733.3333333333
 31
0.0
  0
LINE
  5
1346
330
17
100
AcDbEntity
  8
ARR_SECONDARY
100
AcDbLine
 10
53000.0
 20
111733.3333333333
 30
0.0
 11
53350.0
 21
111733.3333333333
 31
0.0
  0
LINE
  5
1347
330
17
100
AcDbEntity
  8
ARR_SECONDARY
100
AcDbLine
 10
53500.0
 20
111733.3333333333
 30
0.0
 11
53850.0
 21
111733.3333333333
 31
0.0
  0
LINE
  5
1348
330
17
100
AcDbEntity
  8
ARR_SECONDARY
100
AcDbLine
 10
54000.0
 20
111733.3333333333
 30
0.0
 11
54350.0
 21
111733.3333333333
 31
0.0
  0
LINE
  5
1349
330
17
100
AcDbEntity
  8
ARR_SECONDARY
100
AcDbLine
 10
54500.0
 20
111733.3333333333
 30
0.0
 11
54850.0
 21
111733.3333333333
 31
0.0
  0
LINE
  5
134A
330
17
100
AcDbEntity
  8
ARR_SECONDARY
100
AcDbLine
 10
55000.0
 20
111733.3333333333
 30
0.0
 11
55350.0
 21
111733.3333333333
 31
0.0
  0
LINE
  5
134B
330
17
100
AcDbEntity
  8
ARR_SECONDARY
100
AcDbLine
 10
55500.0
 20
111733.3333333333
 30
0.0
 11
55850.0
 21
111733.3333333333
 31
0.0
  0
LINE
  5
134C
330
17
100
AcDbEntity
  8
ARR_SECONDARY
100
AcDbLine
 10
38000.0
 20
113166.6666666666
 30
0.0
 11
38350.0
 21
113166.6666666666
 31
0.0
  0
LINE
  5
134D
330
17
100
AcDbEntity
  8
ARR_SECONDARY
100
AcDbLine
 10
38500.0
 20
113166.6666666666
 30
0.0
 11
38850.0
 21
113166.6666666666
 31
0.0
  0
LINE
  5
134E
330
17
100
AcDbEntity
  8
ARR_SECONDARY
100
AcDbLine
 10
39000.0
 20
113166.6666666666
 30
0.0
 11
39350.0
 21
113166.6666666666
 31
0.0
  0
LINE
  5
134F
330
17
100
AcDbEntity
  8
ARR_SECONDARY
100
AcDbLine
 10
39500.0
 20
113166.6666666666
 30
0.0
 11
39850.0
 21
113166.6666666666
 31
0.0
  0
LINE
  5
1350
330
17
100
AcDbEntity
  8
ARR_SECONDARY
100
AcDbLine
 10
40000.0
 20
113166.6666666666
 30
0.0
 11
40350.0
 21
113166.6666666666
 31
0.0
  0
LINE
  5
1351
330
17
100
AcDbEntity
  8
ARR_SECONDARY
100
AcDbLine
 10
40500.0
 20
113166.6666666666
 30
0.0
 11
40850.0
 21
113166.6666666666
 31
0.0
  0
LINE
  5
1352
330
17
100
AcDbEntity
  8
ARR_SECONDARY
100
AcDbLine
 10
41000.0
 20
113166.6666666666
 30
0.0
 11
41350.0
 21
113166.6666666666
 31
0.0
  0
LINE
  5
1353
330
17
100
AcDbEntity
  8
ARR_SECONDARY
100
AcDbLine
 10
41500.0
 20
113166.6666666666
 30
0.0
 11
41850.0
 21
113166.6666666666
 31
0.0
  0
LINE
  5
1354
330
17
100
AcDbEntity
  8
ARR_SECONDARY
100
AcDbLine
 10
42000.0
 20
113166.6666666666
 30
0.0
 11
42350.0
 21
113166.6666666666
 31
0.0
  0
LINE
  5
1355
330
17
100
AcDbEntity
  8
ARR_SECONDARY
100
AcDbLine
 10
42500.0
 20
113166.6666666666
 30
0.0
 11
42850.0
 21
113166.6666666666
 31
0.0
  0
LINE
  5
1356
330
17
100
AcDbEntity
  8
ARR_SECONDARY
100
AcDbLine
 10
43000.0
 20
113166.6666666666
 30
0.0
 11
43350.0
 21
113166.6666666666
 31
0.0
  0
LINE
  5
1357
330
17
100
AcDbEntity
  8
ARR_SECONDARY
100
AcDbLine
 10
43500.0
 20
113166.6666666666
 30
0.0
 11
43850.0
 21
113166.6666666666
 31
0.0
  0
LINE
  5
1358
330
17
100
AcDbEntity
  8
ARR_SECONDARY
100
AcDbLine
 10
44000.0
 20
113166.6666666666
 30
0.0
 11
44350.0
 21
113166.6666666666
 31
0.0
  0
LINE
  5
1359
330
17
100
AcDbEntity
  8
ARR_SECONDARY
100
AcDbLine
 10
44500.0
 20
113166.6666666666
 30
0.0
 11
44850.0
 21
113166.6666666666
 31
0.0
  0
LINE
  5
135A
330
17
100
AcDbEntity
  8
ARR_SECONDARY
100
AcDbLine
 10
45000.0
 20
113166.6666666666
 30
0.0
 11
45350.0
 21
113166.6666666666
 31
0.0
  0
LINE
  5
135B
330
17
100
AcDbEntity
  8
ARR_SECONDARY
100
AcDbLine
 10
45500.0
 20
113166.6666666666
 30
0.0
 11
45850.0
 21
113166.6666666666
 31
0.0
  0
LINE
  5
135C
330
17
100
AcDbEntity
  8
ARR_SECONDARY
100
AcDbLine
 10
46000.0
 20
113166.6666666666
 30
0.0
 11
46350.0
 21
113166.6666666666
 31
0.0
  0
LINE
  5
135D
330
17
100
AcDbEntity
  8
ARR_SECONDARY
100
AcDbLine
 10
46500.0
 20
113166.6666666666
 30
0.0
 11
46850.0
 21
113166.6666666666
 31
0.0
  0
LINE
  5
135E
330
17
100
AcDbEntity
  8
ARR_SECONDARY
100
AcDbLine
 10
47000.0
 20
113166.6666666666
 30
0.0
 11
47350.0
 21
113166.6666666666
 31
0.0
  0
LINE
  5
135F
330
17
100
AcDbEntity
  8
ARR_SECONDARY
100
AcDbLine
 10
47500.0
 20
113166.6666666666
 30
0.0
 11
47850.0
 21
113166.6666666666
 31
0.0
  0
LINE
  5
1360
330
17
100
AcDbEntity
  8
ARR_SECONDARY
100
AcDbLine
 10
48000.0
 20
113166.6666666666
 30
0.0
 11
48350.0
 21
113166.6666666666
 31
0.0
  0
LINE
  5
1361
330
17
100
AcDbEntity
  8
ARR_SECONDARY
100
AcDbLine
 10
48500.0
 20
113166.6666666666
 30
0.0
 11
48850.0
 21
113166.6666666666
 31
0.0
  0
LINE
  5
1362
330
17
100
AcDbEntity
  8
ARR_SECONDARY
100
AcDbLine
 10
49000.0
 20
113166.6666666666
 30
0.0
 11
49350.0
 21
113166.6666666666
 31
0.0
  0
LINE
  5
1363
330
17
100
AcDbEntity
  8
ARR_SECONDARY
100
AcDbLine
 10
49500.0
 20
113166.6666666666
 30
0.0
 11
49850.0
 21
113166.6666666666
 31
0.0
  0
LINE
  5
1364
330
17
100
AcDbEntity
  8
ARR_SECONDARY
100
AcDbLine
 10
50000.0
 20
113166.6666666666
 30
0.0
 11
50350.0
 21
113166.6666666666
 31
0.0
  0
LINE
  5
1365
330
17
100
AcDbEntity
  8
ARR_SECONDARY
100
AcDbLine
 10
50500.0
 20
113166.6666666666
 30
0.0
 11
50850.0
 21
113166.6666666666
 31
0.0
  0
LINE
  5
1366
330
17
100
AcDbEntity
  8
ARR_SECONDARY
100
AcDbLine
 10
51000.0
 20
113166.6666666666
 30
0.0
 11
51350.0
 21
113166.6666666666
 31
0.0
  0
LINE
  5
1367
330
17
100
AcDbEntity
  8
ARR_SECONDARY
100
AcDbLine
 10
51500.0
 20
113166.6666666666
 30
0.0
 11
51850.0
 21
113166.6666666666
 31
0.0
  0
LINE
  5
1368
330
17
100
AcDbEntity
  8
ARR_SECONDARY
100
AcDbLine
 10
52000.0
 20
113166.6666666666
 30
0.0
 11
52350.0
 21
113166.6666666666
 31
0.0
  0
LINE
  5
1369
330
17
100
AcDbEntity
  8
ARR_SECONDARY
100
AcDbLine
 10
52500.0
 20
113166.6666666666
 30
0.0
 11
52850.0
 21
113166.6666666666
 31
0.0
  0
LINE
  5
136A
330
17
100
AcDbEntity
  8
ARR_SECONDARY
100
AcDbLine
 10
53000.0
 20
113166.6666666666
 30
0.0
 11
53350.0
 21
113166.6666666666
 31
0.0
  0
LINE
  5
136B
330
17
100
AcDbEntity
  8
ARR_SECONDARY
100
AcDbLine
 10
53500.0
 20
113166.6666666666
 30
0.0
 11
53850.0
 21
113166.6666666666
 31
0.0
  0
LINE
  5
136C
330
17
100
AcDbEntity
  8
ARR_SECONDARY
100
AcDbLine
 10
54000.0
 20
113166.6666666666
 30
0.0
 11
54350.0
 21
113166.6666666666
 31
0.0
  0
LINE
  5
136D
330
17
100
AcDbEntity
  8
ARR_SECONDARY
100
AcDbLine
 10
54500.0
 20
113166.6666666666
 30
0.0
 11
54850.0
 21
113166.6666666666
 31
0.0
  0
LINE
  5
136E
330
17
100
AcDbEntity
  8
ARR_SECONDARY
100
AcDbLine
 10
55000.0
 20
113166.6666666666
 30
0.0
 11
55350.0
 21
113166.6666666666
 31
0.0
  0
LINE
  5
136F
330
17
100
AcDbEntity
  8
ARR_SECONDARY
100
AcDbLine
 10
55500.0
 20
113166.6666666666
 30
0.0
 11
55850.0
 21
113166.6666666666
 31
0.0
  0
LINE
  5
1370
330
17
100
AcDbEntity
  8
ARR_SECONDARY
100
AcDbLine
 10
38000.0
 20
113833.3333333333
 30
0.0
 11
38350.0
 21
113833.3333333333
 31
0.0
  0
LINE
  5
1371
330
17
100
AcDbEntity
  8
ARR_SECONDARY
100
AcDbLine
 10
38500.0
 20
113833.3333333333
 30
0.0
 11
38850.0
 21
113833.3333333333
 31
0.0
  0
LINE
  5
1372
330
17
100
AcDbEntity
  8
ARR_SECONDARY
100
AcDbLine
 10
39000.0
 20
113833.3333333333
 30
0.0
 11
39350.0
 21
113833.3333333333
 31
0.0
  0
LINE
  5
1373
330
17
100
AcDbEntity
  8
ARR_SECONDARY
100
AcDbLine
 10
39500.0
 20
113833.3333333333
 30
0.0
 11
39850.0
 21
113833.3333333333
 31
0.0
  0
LINE
  5
1374
330
17
100
AcDbEntity
  8
ARR_SECONDARY
100
AcDbLine
 10
40000.0
 20
113833.3333333333
 30
0.0
 11
40350.0
 21
113833.3333333333
 31
0.0
  0
LINE
  5
1375
330
17
100
AcDbEntity
  8
ARR_SECONDARY
100
AcDbLine
 10
40500.0
 20
113833.3333333333
 30
0.0
 11
40850.0
 21
113833.3333333333
 31
0.0
  0
LINE
  5
1376
330
17
100
AcDbEntity
  8
ARR_SECONDARY
100
AcDbLine
 10
41000.0
 20
113833.3333333333
 30
0.0
 11
41350.0
 21
113833.3333333333
 31
0.0
  0
LINE
  5
1377
330
17
100
AcDbEntity
  8
ARR_SECONDARY
100
AcDbLine
 10
41500.0
 20
113833.3333333333
 30
0.0
 11
41850.0
 21
113833.3333333333
 31
0.0
  0
LINE
  5
1378
330
17
100
AcDbEntity
  8
ARR_SECONDARY
100
AcDbLine
 10
42000.0
 20
113833.3333333333
 30
0.0
 11
42350.0
 21
113833.3333333333
 31
0.0
  0
LINE
  5
1379
330
17
100
AcDbEntity
  8
ARR_SECONDARY
100
AcDbLine
 10
42500.0
 20
113833.3333333333
 30
0.0
 11
42850.0
 21
113833.3333333333
 31
0.0
  0
LINE
  5
137A
330
17
100
AcDbEntity
  8
ARR_SECONDARY
100
AcDbLine
 10
43000.0
 20
113833.3333333333
 30
0.0
 11
43350.0
 21
113833.3333333333
 31
0.0
  0
LINE
  5
137B
330
17
100
AcDbEntity
  8
ARR_SECONDARY
100
AcDbLine
 10
43500.0
 20
113833.3333333333
 30
0.0
 11
43850.0
 21
113833.3333333333
 31
0.0
  0
LINE
  5
137C
330
17
100
AcDbEntity
  8
ARR_SECONDARY
100
AcDbLine
 10
44000.0
 20
113833.3333333333
 30
0.0
 11
44350.0
 21
113833.3333333333
 31
0.0
  0
LINE
  5
137D
330
17
100
AcDbEntity
  8
ARR_SECONDARY
100
AcDbLine
 10
44500.0
 20
113833.3333333333
 30
0.0
 11
44850.0
 21
113833.3333333333
 31
0.0
  0
LINE
  5
137E
330
17
100
AcDbEntity
  8
ARR_SECONDARY
100
AcDbLine
 10
45000.0
 20
113833.3333333333
 30
0.0
 11
45350.0
 21
113833.3333333333
 31
0.0
  0
LINE
  5
137F
330
17
100
AcDbEntity
  8
ARR_SECONDARY
100
AcDbLine
 10
45500.0
 20
113833.3333333333
 30
0.0
 11
45850.0
 21
113833.3333333333
 31
0.0
  0
LINE
  5
1380
330
17
100
AcDbEntity
  8
ARR_SECONDARY
100
AcDbLine
 10
46000.0
 20
113833.3333333333
 30
0.0
 11
46350.0
 21
113833.3333333333
 31
0.0
  0
LINE
  5
1381
330
17
100
AcDbEntity
  8
ARR_SECONDARY
100
AcDbLine
 10
46500.0
 20
113833.3333333333
 30
0.0
 11
46850.0
 21
113833.3333333333
 31
0.0
  0
LINE
  5
1382
330
17
100
AcDbEntity
  8
ARR_SECONDARY
100
AcDbLine
 10
47000.0
 20
113833.3333333333
 30
0.0
 11
47350.0
 21
113833.3333333333
 31
0.0
  0
LINE
  5
1383
330
17
100
AcDbEntity
  8
ARR_SECONDARY
100
AcDbLine
 10
47500.0
 20
113833.3333333333
 30
0.0
 11
47850.0
 21
113833.3333333333
 31
0.0
  0
LINE
  5
1384
330
17
100
AcDbEntity
  8
ARR_SECONDARY
100
AcDbLine
 10
48000.0
 20
113833.3333333333
 30
0.0
 11
48350.0
 21
113833.3333333333
 31
0.0
  0
LINE
  5
1385
330
17
100
AcDbEntity
  8
ARR_SECONDARY
100
AcDbLine
 10
48500.0
 20
113833.3333333333
 30
0.0
 11
48850.0
 21
113833.3333333333
 31
0.0
  0
LINE
  5
1386
330
17
100
AcDbEntity
  8
ARR_SECONDARY
100
AcDbLine
 10
49000.0
 20
113833.3333333333
 30
0.0
 11
49350.0
 21
113833.3333333333
 31
0.0
  0
LINE
  5
1387
330
17
100
AcDbEntity
  8
ARR_SECONDARY
100
AcDbLine
 10
49500.0
 20
113833.3333333333
 30
0.0
 11
49850.0
 21
113833.3333333333
 31
0.0
  0
LINE
  5
1388
330
17
100
AcDbEntity
  8
ARR_SECONDARY
100
AcDbLine
 10
50000.0
 20
113833.3333333333
 30
0.0
 11
50350.0
 21
113833.3333333333
 31
0.0
  0
LINE
  5
1389
330
17
100
AcDbEntity
  8
ARR_SECONDARY
100
AcDbLine
 10
50500.0
 20
113833.3333333333
 30
0.0
 11
50850.0
 21
113833.3333333333
 31
0.0
  0
LINE
  5
138A
330
17
100
AcDbEntity
  8
ARR_SECONDARY
100
AcDbLine
 10
51000.0
 20
113833.3333333333
 30
0.0
 11
51350.0
 21
113833.3333333333
 31
0.0
  0
LINE
  5
138B
330
17
100
AcDbEntity
  8
ARR_SECONDARY
100
AcDbLine
 10
51500.0
 20
113833.3333333333
 30
0.0
 11
51850.0
 21
113833.3333333333
 31
0.0
  0
LINE
  5
138C
330
17
100
AcDbEntity
  8
ARR_SECONDARY
100
AcDbLine
 10
52000.0
 20
113833.3333333333
 30
0.0
 11
52350.0
 21
113833.3333333333
 31
0.0
  0
LINE
  5
138D
330
17
100
AcDbEntity
  8
ARR_SECONDARY
100
AcDbLine
 10
52500.0
 20
113833.3333333333
 30
0.0
 11
52850.0
 21
113833.3333333333
 31
0.0
  0
LINE
  5
138E
330
17
100
AcDbEntity
  8
ARR_SECONDARY
100
AcDbLine
 10
53000.0
 20
113833.3333333333
 30
0.0
 11
53350.0
 21
113833.3333333333
 31
0.0
  0
LINE
  5
138F
330
17
100
AcDbEntity
  8
ARR_SECONDARY
100
AcDbLine
 10
53500.0
 20
113833.3333333333
 30
0.0
 11
53850.0
 21
113833.3333333333
 31
0.0
  0
LINE
  5
1390
330
17
100
AcDbEntity
  8
ARR_SECONDARY
100
AcDbLine
 10
54000.0
 20
113833.3333333333
 30
0.0
 11
54350.0
 21
113833.3333333333
 31
0.0
  0
LINE
  5
1391
330
17
100
AcDbEntity
  8
ARR_SECONDARY
100
AcDbLine
 10
54500.0
 20
113833.3333333333
 30
0.0
 11
54850.0
 21
113833.3333333333
 31
0.0
  0
LINE
  5
1392
330
17
100
AcDbEntity
  8
ARR_SECONDARY
100
AcDbLine
 10
55000.0
 20
113833.3333333333
 30
0.0
 11
55350.0
 21
113833.3333333333
 31
0.0
  0
LINE
  5
1393
330
17
100
AcDbEntity
  8
ARR_SECONDARY
100
AcDbLine
 10
55500.0
 20
113833.3333333333
 30
0.0
 11
55850.0
 21
113833.3333333333
 31
0.0
  0
LINE
  5
1394
330
17
100
AcDbEntity
  8
ARR_CENTER
100
AcDbLine
 10
37350.0
 20
101000.0
 30
0.0
 11
37796.875
 21
101000.0
 31
0.0
  0
LINE
  5
1395
330
17
100
AcDbEntity
  8
ARR_CENTER
100
AcDbLine
 10
38037.5
 20
101000.0
 30
0.0
 11
38484.375
 21
101000.0
 31
0.0
  0
LINE
  5
1396
330
17
100
AcDbEntity
  8
ARR_CENTER
100
AcDbLine
 10
38725.0
 20
101000.0
 30
0.0
 11
39171.875
 21
101000.0
 31
0.0
  0
LINE
  5
1397
330
17
100
AcDbEntity
  8
ARR_CENTER
100
AcDbLine
 10
39412.5
 20
101000.0
 30
0.0
 11
39859.375
 21
101000.0
 31
0.0
  0
LINE
  5
1398
330
17
100
AcDbEntity
  8
ARR_CENTER
100
AcDbLine
 10
40100.0
 20
101000.0
 30
0.0
 11
40546.875
 21
101000.0
 31
0.0
  0
LINE
  5
1399
330
17
100
AcDbEntity
  8
ARR_CENTER
100
AcDbLine
 10
40787.5
 20
101000.0
 30
0.0
 11
41234.375
 21
101000.0
 31
0.0
  0
LINE
  5
139A
330
17
100
AcDbEntity
  8
ARR_CENTER
100
AcDbLine
 10
41475.0
 20
101000.0
 30
0.0
 11
41921.875
 21
101000.0
 31
0.0
  0
LINE
  5
139B
330
17
100
AcDbEntity
  8
ARR_CENTER
100
AcDbLine
 10
42162.5
 20
101000.0
 30
0.0
 11
42609.37499999999
 21
101000.0
 31
0.0
  0
LINE
  5
139C
330
17
100
AcDbEntity
  8
ARR_CENTER
100
AcDbLine
 10
42850.0
 20
101000.0
 30
0.0
 11
43296.875
 21
101000.0
 31
0.0
  0
LINE
  5
139D
330
17
100
AcDbEntity
  8
ARR_CENTER
100
AcDbLine
 10
43537.49999999999
 20
101000.0
 30
0.0
 11
43984.375
 21
101000.0
 31
0.0
  0
LINE
  5
139E
330
17
100
AcDbEntity
  8
ARR_CENTER
100
AcDbLine
 10
44225.0
 20
101000.0
 30
0.0
 11
44671.875
 21
101000.0
 31
0.0
  0
LINE
  5
139F
330
17
100
AcDbEntity
  8
ARR_CENTER
100
AcDbLine
 10
44912.49999999999
 20
101000.0
 30
0.0
 11
45359.375
 21
101000.0
 31
0.0
  0
LINE
  5
13A0
330
17
100
AcDbEntity
  8
ARR_CENTER
100
AcDbLine
 10
45600.0
 20
101000.0
 30
0.0
 11
46046.87499999999
 21
101000.0
 31
0.0
  0
LINE
  5
13A1
330
17
100
AcDbEntity
  8
ARR_CENTER
100
AcDbLine
 10
46287.5
 20
101000.0
 30
0.0
 11
46734.375
 21
101000.0
 31
0.0
  0
LINE
  5
13A2
330
17
100
AcDbEntity
  8
ARR_CENTER
100
AcDbLine
 10
46975.0
 20
101000.0
 30
0.0
 11
47421.875
 21
101000.0
 31
0.0
  0
LINE
  5
13A3
330
17
100
AcDbEntity
  8
ARR_CENTER
100
AcDbLine
 10
47662.5
 20
101000.0
 30
0.0
 11
48109.375
 21
101000.0
 31
0.0
  0
LINE
  5
13A4
330
17
100
AcDbEntity
  8
ARR_CENTER
100
AcDbLine
 10
48350.0
 20
101000.0
 30
0.0
 11
48796.875
 21
101000.0
 31
0.0
  0
LINE
  5
13A5
330
17
100
AcDbEntity
  8
ARR_CENTER
100
AcDbLine
 10
49037.5
 20
101000.0
 30
0.0
 11
49484.37499999999
 21
101000.0
 31
0.0
  0
LINE
  5
13A6
330
17
100
AcDbEntity
  8
ARR_CENTER
100
AcDbLine
 10
49725.0
 20
101000.0
 30
0.0
 11
50171.875
 21
101000.0
 31
0.0
  0
LINE
  5
13A7
330
17
100
AcDbEntity
  8
ARR_CENTER
100
AcDbLine
 10
50412.5
 20
101000.0
 30
0.0
 11
50859.375
 21
101000.0
 31
0.0
  0
LINE
  5
13A8
330
17
100
AcDbEntity
  8
ARR_CENTER
100
AcDbLine
 10
51100.0
 20
101000.0
 30
0.0
 11
51546.875
 21
101000.0
 31
0.0
  0
LINE
  5
13A9
330
17
100
AcDbEntity
  8
ARR_CENTER
100
AcDbLine
 10
51787.49999999999
 20
101000.0
 30
0.0
 11
52234.375
 21
101000.0
 31
0.0
  0
LINE
  5
13AA
330
17
100
AcDbEntity
  8
ARR_CENTER
100
AcDbLine
 10
52475.0
 20
101000.0
 30
0.0
 11
52921.87499999999
 21
101000.0
 31
0.0
  0
LINE
  5
13AB
330
17
100
AcDbEntity
  8
ARR_CENTER
100
AcDbLine
 10
53162.5
 20
101000.0
 30
0.0
 11
53609.375
 21
101000.0
 31
0.0
  0
LINE
  5
13AC
330
17
100
AcDbEntity
  8
ARR_CENTER
100
AcDbLine
 10
53850.0
 20
101000.0
 30
0.0
 11
54296.875
 21
101000.0
 31
0.0
  0
LINE
  5
13AD
330
17
100
AcDbEntity
  8
ARR_CENTER
100
AcDbLine
 10
54537.5
 20
101000.0
 30
0.0
 11
54984.375
 21
101000.0
 31
0.0
  0
LINE
  5
13AE
330
17
100
AcDbEntity
  8
ARR_CENTER
100
AcDbLine
 10
55225.0
 20
101000.0
 30
0.0
 11
55671.875
 21
101000.0
 31
0.0
  0
LINE
  5
13AF
330
17
100
AcDbEntity
  8
ARR_CENTER
100
AcDbLine
 10
55912.5
 20
101000.0
 30
0.0
 11
56359.375
 21
101000.0
 31
0.0
  0
TEXT
  5
13B0
330
17
100
AcDbEntity
  8
ARR_NOTE
100
AcDbText
 10
56250.0
 20
101200.0
 30
0.0
 40
190.0
  1
ДП
  7
unicode
100
AcDbText
  0
TEXT
  5
13B1
330
17
100
AcDbEntity
  8
ARR_NOTE
100
AcDbText
 10
38000.0
 20
98800.0
 30
0.0
 40
220.0
  1
x = 52 500...70 500
  7
unicode
100
AcDbText
  0
TEXT
  5
13B2
330
17
100
AcDbEntity
  8
ARR_NOTE
100
AcDbText
 10
50909.29058663029
 20
115060.0
 30
0.0
 40
180.0
  1
x = 66 000
  7
unicode
 72
     1
 11
51500.0
 21
115150.0
 31
0.0
100
AcDbText
 73
     2
  0
TEXT
  5
13B3
330
17
100
AcDbEntity
  8
ARR_NOTE
100
AcDbText
 10
44000.0
 20
116300.0
 30
0.0
 40
210.0
  1
Продольная система
  7
unicode
100
AcDbText
  0
LWPOLYLINE
  5
13B4
330
17
100
AcDbEntity
  8
ARR_HULL
100
AcDbPolyline
 90
       33
 70
     0
 43
0.0
 10
66000.0
 20
100350.0
 10
65998.27067523628
 20
100792.1875
 10
65993.14915792602
 20
101234.375
 10
65984.83226510722
 20
101676.5625
 10
65973.63961030679
 20
102118.75
 10
65960.00132097175
 20
102560.9375
 10
65944.44150891286
 20
103003.125
 10
65927.55812898146
 20
103445.3125
 10
65910.0
 20
103887.5
 10
65892.44187101854
 20
104329.6875
 10
65875.55849108714
 20
104771.875
 10
65859.99867902824
 20
105214.0625
 10
65846.3603896932
 20
105656.25
 10
65835.16773489278
 20
106098.4375
 10
65826.85084207398
 20
106540.625
 10
65821.72932476371
 20
106982.8125
 10
65820.0
 20
107425.0
 10
65821.72932476371
 20
107867.1875
 10
65826.85084207398
 20
108309.375
 10
65835.16773489278
 20
108751.5625
 10
65846.3603896932
 20
109193.75
 10
65859.99867902824
 20
109635.9375
 10
65875.55849108714
 20
110078.125
 10
65892.44187101854
 20
110520.3125
 10
65910.0
 20
110962.5
 10
65927.55812898146
 20
111404.6875
 10
65944.44150891286
 20
111846.875
 10
65960.00132097175
 20
112289.0625
 10
65973.63961030679
 20
112731.25
 10
65984.83226510722
 20
113173.4375
 10
65993.14915792602
 20
113615.625
 10
65998.27067523628
 20
114057.8125
 10
66000.0
 20
114500.0
  0
LWPOLYLINE
  5
13B5
330
17
100
AcDbEntity
  8
ARR_HULL
100
AcDbPolyline
 90
       33
 70
     0
 43
0.0
 10
84000.0
 20
100350.0
 10
84001.72932476371
 20
100792.1875
 10
84006.85084207399
 20
101234.375
 10
84015.16773489278
 20
101676.5625
 10
84026.36038969321
 20
102118.75
 10
84039.99867902824
 20
102560.9375
 10
84055.55849108713
 20
103003.125
 10
84072.44187101857
 20
103445.3125
 10
84090.0
 20
103887.5
 10
84107.55812898143
 20
104329.6875
 10
84124.44150891285
 20
104771.875
 10
84140.00132097175
 20
105214.0625
 10
84153.6396103068
 20
105656.25
 10
84164.83226510722
 20
106098.4375
 10
84173.14915792601
 20
106540.625
 10
84178.27067523628
 20
106982.8125
 10
84180.0
 20
107425.0
 10
84178.27067523628
 20
107867.1875
 10
84173.14915792601
 20
108309.375
 10
84164.83226510722
 20
108751.5625
 10
84153.6396103068
 20
109193.75
 10
84140.00132097175
 20
109635.9375
 10
84124.44150891285
 20
110078.125
 10
84107.55812898143
 20
110520.3125
 10
84090.0
 20
110962.5
 10
84072.44187101857
 20
111404.6875
 10
84055.55849108713
 20
111846.875
 10
84039.99867902824
 20
112289.0625
 10
84026.36038969321
 20
112731.25
 10
84015.16773489278
 20
113173.4375
 10
84006.85084207399
 20
113615.625
 10
84001.72932476371
 20
114057.8125
 10
84000.0
 20
114500.0
  0
LINE
  5
13B6
330
17
100
AcDbEntity
  8
ARR_HULL
100
AcDbLine
 10
66000.0
 20
114500.0
 30
0.0
 11
84000.0
 21
114500.0
 31
0.0
  0
LWPOLYLINE
  5
13B7
330
17
100
AcDbEntity
  8
ARR_HULL
100
AcDbPolyline
 90
        4
 70
     0
 43
0.0
 10
66000.0
 20
100350.0
 10
72000.0
 20
100490.0
 10
78000.0
 20
100210.0
 10
84000.0
 20
100350.0
  0
LINE
  5
13B8
330
17
100
AcDbEntity
  8
ARR_PRIMARY
100
AcDbLine
 10
66000.0
 20
101000.0
 30
0.0
 11
66350.0
 21
101000.0
 31
0.0
  0
LINE
  5
13B9
330
17
100
AcDbEntity
  8
ARR_PRIMARY
100
AcDbLine
 10
66500.0
 20
101000.0
 30
0.0
 11
66850.0
 21
101000.0
 31
0.0
  0
LINE
  5
13BA
330
17
100
AcDbEntity
  8
ARR_PRIMARY
100
AcDbLine
 10
67000.0
 20
101000.0
 30
0.0
 11
67350.0
 21
101000.0
 31
0.0
  0
LINE
  5
13BB
330
17
100
AcDbEntity
  8
ARR_PRIMARY
100
AcDbLine
 10
67500.0
 20
101000.0
 30
0.0
 11
67850.0
 21
101000.0
 31
0.0
  0
LINE
  5
13BC
330
17
100
AcDbEntity
  8
ARR_PRIMARY
100
AcDbLine
 10
68000.0
 20
101000.0
 30
0.0
 11
68350.0
 21
101000.0
 31
0.0
  0
LINE
  5
13BD
330
17
100
AcDbEntity
  8
ARR_PRIMARY
100
AcDbLine
 10
68500.0
 20
101000.0
 30
0.0
 11
68850.0
 21
101000.0
 31
0.0
  0
LINE
  5
13BE
330
17
100
AcDbEntity
  8
ARR_PRIMARY
100
AcDbLine
 10
69000.0
 20
101000.0
 30
0.0
 11
69350.0
 21
101000.0
 31
0.0
  0
LINE
  5
13BF
330
17
100
AcDbEntity
  8
ARR_PRIMARY
100
AcDbLine
 10
69500.0
 20
101000.0
 30
0.0
 11
69850.0
 21
101000.0
 31
0.0
  0
LINE
  5
13C0
330
17
100
AcDbEntity
  8
ARR_PRIMARY
100
AcDbLine
 10
70000.0
 20
101000.0
 30
0.0
 11
70350.0
 21
101000.0
 31
0.0
  0
LINE
  5
13C1
330
17
100
AcDbEntity
  8
ARR_PRIMARY
100
AcDbLine
 10
70500.0
 20
101000.0
 30
0.0
 11
70850.0
 21
101000.0
 31
0.0
  0
LINE
  5
13C2
330
17
100
AcDbEntity
  8
ARR_PRIMARY
100
AcDbLine
 10
71000.0
 20
101000.0
 30
0.0
 11
71350.0
 21
101000.0
 31
0.0
  0
LINE
  5
13C3
330
17
100
AcDbEntity
  8
ARR_PRIMARY
100
AcDbLine
 10
71500.0
 20
101000.0
 30
0.0
 11
71850.0
 21
101000.0
 31
0.0
  0
LINE
  5
13C4
330
17
100
AcDbEntity
  8
ARR_PRIMARY
100
AcDbLine
 10
72000.0
 20
101000.0
 30
0.0
 11
72350.0
 21
101000.0
 31
0.0
  0
LINE
  5
13C5
330
17
100
AcDbEntity
  8
ARR_PRIMARY
100
AcDbLine
 10
72500.0
 20
101000.0
 30
0.0
 11
72850.0
 21
101000.0
 31
0.0
  0
LINE
  5
13C6
330
17
100
AcDbEntity
  8
ARR_PRIMARY
100
AcDbLine
 10
73000.0
 20
101000.0
 30
0.0
 11
73350.0
 21
101000.0
 31
0.0
  0
LINE
  5
13C7
330
17
100
AcDbEntity
  8
ARR_PRIMARY
100
AcDbLine
 10
73500.0
 20
101000.0
 30
0.0
 11
73850.0
 21
101000.0
 31
0.0
  0
LINE
  5
13C8
330
17
100
AcDbEntity
  8
ARR_PRIMARY
100
AcDbLine
 10
74000.0
 20
101000.0
 30
0.0
 11
74350.0
 21
101000.0
 31
0.0
  0
LINE
  5
13C9
330
17
100
AcDbEntity
  8
ARR_PRIMARY
100
AcDbLine
 10
74500.0
 20
101000.0
 30
0.0
 11
74850.0
 21
101000.0
 31
0.0
  0
LINE
  5
13CA
330
17
100
AcDbEntity
  8
ARR_PRIMARY
100
AcDbLine
 10
75000.0
 20
101000.0
 30
0.0
 11
75350.0
 21
101000.0
 31
0.0
  0
LINE
  5
13CB
330
17
100
AcDbEntity
  8
ARR_PRIMARY
100
AcDbLine
 10
75500.0
 20
101000.0
 30
0.0
 11
75850.0
 21
101000.0
 31
0.0
  0
LINE
  5
13CC
330
17
100
AcDbEntity
  8
ARR_PRIMARY
100
AcDbLine
 10
76000.0
 20
101000.0
 30
0.0
 11
76350.0
 21
101000.0
 31
0.0
  0
LINE
  5
13CD
330
17
100
AcDbEntity
  8
ARR_PRIMARY
100
AcDbLine
 10
76500.0
 20
101000.0
 30
0.0
 11
76850.0
 21
101000.0
 31
0.0
  0
LINE
  5
13CE
330
17
100
AcDbEntity
  8
ARR_PRIMARY
100
AcDbLine
 10
77000.0
 20
101000.0
 30
0.0
 11
77350.0
 21
101000.0
 31
0.0
  0
LINE
  5
13CF
330
17
100
AcDbEntity
  8
ARR_PRIMARY
100
AcDbLine
 10
77500.0
 20
101000.0
 30
0.0
 11
77850.0
 21
101000.0
 31
0.0
  0
LINE
  5
13D0
330
17
100
AcDbEntity
  8
ARR_PRIMARY
100
AcDbLine
 10
78000.0
 20
101000.0
 30
0.0
 11
78350.0
 21
101000.0
 31
0.0
  0
LINE
  5
13D1
330
17
100
AcDbEntity
  8
ARR_PRIMARY
100
AcDbLine
 10
78500.0
 20
101000.0
 30
0.0
 11
78850.0
 21
101000.0
 31
0.0
  0
LINE
  5
13D2
330
17
100
AcDbEntity
  8
ARR_PRIMARY
100
AcDbLine
 10
79000.0
 20
101000.0
 30
0.0
 11
79350.0
 21
101000.0
 31
0.0
  0
LINE
  5
13D3
330
17
100
AcDbEntity
  8
ARR_PRIMARY
100
AcDbLine
 10
79500.0
 20
101000.0
 30
0.0
 11
79850.0
 21
101000.0
 31
0.0
  0
LINE
  5
13D4
330
17
100
AcDbEntity
  8
ARR_PRIMARY
100
AcDbLine
 10
80000.0
 20
101000.0
 30
0.0
 11
80350.0
 21
101000.0
 31
0.0
  0
LINE
  5
13D5
330
17
100
AcDbEntity
  8
ARR_PRIMARY
100
AcDbLine
 10
80500.0
 20
101000.0
 30
0.0
 11
80850.0
 21
101000.0
 31
0.0
  0
LINE
  5
13D6
330
17
100
AcDbEntity
  8
ARR_PRIMARY
100
AcDbLine
 10
81000.0
 20
101000.0
 30
0.0
 11
81350.0
 21
101000.0
 31
0.0
  0
LINE
  5
13D7
330
17
100
AcDbEntity
  8
ARR_PRIMARY
100
AcDbLine
 10
81500.0
 20
101000.0
 30
0.0
 11
81850.0
 21
101000.0
 31
0.0
  0
LINE
  5
13D8
330
17
100
AcDbEntity
  8
ARR_PRIMARY
100
AcDbLine
 10
82000.0
 20
101000.0
 30
0.0
 11
82350.0
 21
101000.0
 31
0.0
  0
LINE
  5
13D9
330
17
100
AcDbEntity
  8
ARR_PRIMARY
100
AcDbLine
 10
82500.0
 20
101000.0
 30
0.0
 11
82850.0
 21
101000.0
 31
0.0
  0
LINE
  5
13DA
330
17
100
AcDbEntity
  8
ARR_PRIMARY
100
AcDbLine
 10
83000.0
 20
101000.0
 30
0.0
 11
83350.0
 21
101000.0
 31
0.0
  0
LINE
  5
13DB
330
17
100
AcDbEntity
  8
ARR_PRIMARY
100
AcDbLine
 10
83500.0
 20
101000.0
 30
0.0
 11
83850.0
 21
101000.0
 31
0.0
  0
LINE
  5
13DC
330
17
100
AcDbEntity
  8
ARR_PRIMARY
100
AcDbLine
 10
66000.0
 20
112500.0
 30
0.0
 11
66350.0
 21
112500.0
 31
0.0
  0
LINE
  5
13DD
330
17
100
AcDbEntity
  8
ARR_PRIMARY
100
AcDbLine
 10
66500.0
 20
112500.0
 30
0.0
 11
66850.0
 21
112500.0
 31
0.0
  0
LINE
  5
13DE
330
17
100
AcDbEntity
  8
ARR_PRIMARY
100
AcDbLine
 10
67000.0
 20
112500.0
 30
0.0
 11
67350.0
 21
112500.0
 31
0.0
  0
LINE
  5
13DF
330
17
100
AcDbEntity
  8
ARR_PRIMARY
100
AcDbLine
 10
67500.0
 20
112500.0
 30
0.0
 11
67850.0
 21
112500.0
 31
0.0
  0
LINE
  5
13E0
330
17
100
AcDbEntity
  8
ARR_PRIMARY
100
AcDbLine
 10
68000.0
 20
112500.0
 30
0.0
 11
68350.0
 21
112500.0
 31
0.0
  0
LINE
  5
13E1
330
17
100
AcDbEntity
  8
ARR_PRIMARY
100
AcDbLine
 10
68500.0
 20
112500.0
 30
0.0
 11
68850.0
 21
112500.0
 31
0.0
  0
LINE
  5
13E2
330
17
100
AcDbEntity
  8
ARR_PRIMARY
100
AcDbLine
 10
69000.0
 20
112500.0
 30
0.0
 11
69350.0
 21
112500.0
 31
0.0
  0
LINE
  5
13E3
330
17
100
AcDbEntity
  8
ARR_PRIMARY
100
AcDbLine
 10
69500.0
 20
112500.0
 30
0.0
 11
69850.0
 21
112500.0
 31
0.0
  0
LINE
  5
13E4
330
17
100
AcDbEntity
  8
ARR_PRIMARY
100
AcDbLine
 10
70000.0
 20
112500.0
 30
0.0
 11
70350.0
 21
112500.0
 31
0.0
  0
LINE
  5
13E5
330
17
100
AcDbEntity
  8
ARR_PRIMARY
100
AcDbLine
 10
70500.0
 20
112500.0
 30
0.0
 11
70850.0
 21
112500.0
 31
0.0
  0
LINE
  5
13E6
330
17
100
AcDbEntity
  8
ARR_PRIMARY
100
AcDbLine
 10
71000.0
 20
112500.0
 30
0.0
 11
71350.0
 21
112500.0
 31
0.0
  0
LINE
  5
13E7
330
17
100
AcDbEntity
  8
ARR_PRIMARY
100
AcDbLine
 10
71500.0
 20
112500.0
 30
0.0
 11
71850.0
 21
112500.0
 31
0.0
  0
LINE
  5
13E8
330
17
100
AcDbEntity
  8
ARR_PRIMARY
100
AcDbLine
 10
72000.0
 20
112500.0
 30
0.0
 11
72350.0
 21
112500.0
 31
0.0
  0
LINE
  5
13E9
330
17
100
AcDbEntity
  8
ARR_PRIMARY
100
AcDbLine
 10
72500.0
 20
112500.0
 30
0.0
 11
72850.0
 21
112500.0
 31
0.0
  0
LINE
  5
13EA
330
17
100
AcDbEntity
  8
ARR_PRIMARY
100
AcDbLine
 10
73000.0
 20
112500.0
 30
0.0
 11
73350.0
 21
112500.0
 31
0.0
  0
LINE
  5
13EB
330
17
100
AcDbEntity
  8
ARR_PRIMARY
100
AcDbLine
 10
73500.0
 20
112500.0
 30
0.0
 11
73850.0
 21
112500.0
 31
0.0
  0
LINE
  5
13EC
330
17
100
AcDbEntity
  8
ARR_PRIMARY
100
AcDbLine
 10
74000.0
 20
112500.0
 30
0.0
 11
74350.0
 21
112500.0
 31
0.0
  0
LINE
  5
13ED
330
17
100
AcDbEntity
  8
ARR_PRIMARY
100
AcDbLine
 10
74500.0
 20
112500.0
 30
0.0
 11
74850.0
 21
112500.0
 31
0.0
  0
LINE
  5
13EE
330
17
100
AcDbEntity
  8
ARR_PRIMARY
100
AcDbLine
 10
75000.0
 20
112500.0
 30
0.0
 11
75350.0
 21
112500.0
 31
0.0
  0
LINE
  5
13EF
330
17
100
AcDbEntity
  8
ARR_PRIMARY
100
AcDbLine
 10
75500.0
 20
112500.0
 30
0.0
 11
75850.0
 21
112500.0
 31
0.0
  0
LINE
  5
13F0
330
17
100
AcDbEntity
  8
ARR_PRIMARY
100
AcDbLine
 10
76000.0
 20
112500.0
 30
0.0
 11
76350.0
 21
112500.0
 31
0.0
  0
LINE
  5
13F1
330
17
100
AcDbEntity
  8
ARR_PRIMARY
100
AcDbLine
 10
76500.0
 20
112500.0
 30
0.0
 11
76850.0
 21
112500.0
 31
0.0
  0
LINE
  5
13F2
330
17
100
AcDbEntity
  8
ARR_PRIMARY
100
AcDbLine
 10
77000.0
 20
112500.0
 30
0.0
 11
77350.0
 21
112500.0
 31
0.0
  0
LINE
  5
13F3
330
17
100
AcDbEntity
  8
ARR_PRIMARY
100
AcDbLine
 10
77500.0
 20
112500.0
 30
0.0
 11
77850.0
 21
112500.0
 31
0.0
  0
LINE
  5
13F4
330
17
100
AcDbEntity
  8
ARR_PRIMARY
100
AcDbLine
 10
78000.0
 20
112500.0
 30
0.0
 11
78350.0
 21
112500.0
 31
0.0
  0
LINE
  5
13F5
330
17
100
AcDbEntity
  8
ARR_PRIMARY
100
AcDbLine
 10
78500.0
 20
112500.0
 30
0.0
 11
78850.0
 21
112500.0
 31
0.0
  0
LINE
  5
13F6
330
17
100
AcDbEntity
  8
ARR_PRIMARY
100
AcDbLine
 10
79000.0
 20
112500.0
 30
0.0
 11
79350.0
 21
112500.0
 31
0.0
  0
LINE
  5
13F7
330
17
100
AcDbEntity
  8
ARR_PRIMARY
100
AcDbLine
 10
79500.0
 20
112500.0
 30
0.0
 11
79850.0
 21
112500.0
 31
0.0
  0
LINE
  5
13F8
330
17
100
AcDbEntity
  8
ARR_PRIMARY
100
AcDbLine
 10
80000.0
 20
112500.0
 30
0.0
 11
80350.0
 21
112500.0
 31
0.0
  0
LINE
  5
13F9
330
17
100
AcDbEntity
  8
ARR_PRIMARY
100
AcDbLine
 10
80500.0
 20
112500.0
 30
0.0
 11
80850.0
 21
112500.0
 31
0.0
  0
LINE
  5
13FA
330
17
100
AcDbEntity
  8
ARR_PRIMARY
100
AcDbLine
 10
81000.0
 20
112500.0
 30
0.0
 11
81350.0
 21
112500.0
 31
0.0
  0
LINE
  5
13FB
330
17
100
AcDbEntity
  8
ARR_PRIMARY
100
AcDbLine
 10
81500.0
 20
112500.0
 30
0.0
 11
81850.0
 21
112500.0
 31
0.0
  0
LINE
  5
13FC
330
17
100
AcDbEntity
  8
ARR_PRIMARY
100
AcDbLine
 10
82000.0
 20
112500.0
 30
0.0
 11
82350.0
 21
112500.0
 31
0.0
  0
LINE
  5
13FD
330
17
100
AcDbEntity
  8
ARR_PRIMARY
100
AcDbLine
 10
82500.0
 20
112500.0
 30
0.0
 11
82850.0
 21
112500.0
 31
0.0
  0
LINE
  5
13FE
330
17
100
AcDbEntity
  8
ARR_PRIMARY
100
AcDbLine
 10
83000.0
 20
112500.0
 30
0.0
 11
83350.0
 21
112500.0
 31
0.0
  0
LINE
  5
13FF
330
17
100
AcDbEntity
  8
ARR_PRIMARY
100
AcDbLine
 10
83500.0
 20
112500.0
 30
0.0
 11
83850.0
 21
112500.0
 31
0.0
  0
LINE
  5
1400
330
17
100
AcDbEntity
  8
ARR_BOUNDARY
100
AcDbLine
 10
79500.0
 20
100350.0
 30
0.0
 11
79500.0
 21
114500.0
 31
0.0
  0
LINE
  5
1401
330
17
100
AcDbEntity
  8
ARR_PRIMARY
100
AcDbLine
 10
68250.0
 20
100350.0
 30
0.0
 11
68250.0
 21
100700.0
 31
0.0
  0
LINE
  5
1402
330
17
100
AcDbEntity
  8
ARR_PRIMARY
100
AcDbLine
 10
68250.0
 20
100850.0
 30
0.0
 11
68250.0
 21
101200.0
 31
0.0
  0
LINE
  5
1403
330
17
100
AcDbEntity
  8
ARR_PRIMARY
100
AcDbLine
 10
68250.0
 20
101350.0
 30
0.0
 11
68250.0
 21
101700.0
 31
0.0
  0
LINE
  5
1404
330
17
100
AcDbEntity
  8
ARR_PRIMARY
100
AcDbLine
 10
68250.0
 20
101850.0
 30
0.0
 11
68250.0
 21
102200.0
 31
0.0
  0
LINE
  5
1405
330
17
100
AcDbEntity
  8
ARR_PRIMARY
100
AcDbLine
 10
68250.0
 20
102350.0
 30
0.0
 11
68250.0
 21
102700.0
 31
0.0
  0
LINE
  5
1406
330
17
100
AcDbEntity
  8
ARR_PRIMARY
100
AcDbLine
 10
68250.0
 20
102850.0
 30
0.0
 11
68250.0
 21
103200.0
 31
0.0
  0
LINE
  5
1407
330
17
100
AcDbEntity
  8
ARR_PRIMARY
100
AcDbLine
 10
68250.0
 20
103350.0
 30
0.0
 11
68250.0
 21
103700.0
 31
0.0
  0
LINE
  5
1408
330
17
100
AcDbEntity
  8
ARR_PRIMARY
100
AcDbLine
 10
68250.0
 20
103850.0
 30
0.0
 11
68250.0
 21
104200.0
 31
0.0
  0
LINE
  5
1409
330
17
100
AcDbEntity
  8
ARR_PRIMARY
100
AcDbLine
 10
68250.0
 20
104350.0
 30
0.0
 11
68250.0
 21
104700.0
 31
0.0
  0
LINE
  5
140A
330
17
100
AcDbEntity
  8
ARR_PRIMARY
100
AcDbLine
 10
68250.0
 20
104850.0
 30
0.0
 11
68250.0
 21
105200.0
 31
0.0
  0
LINE
  5
140B
330
17
100
AcDbEntity
  8
ARR_PRIMARY
100
AcDbLine
 10
68250.0
 20
105350.0
 30
0.0
 11
68250.0
 21
105700.0
 31
0.0
  0
LINE
  5
140C
330
17
100
AcDbEntity
  8
ARR_PRIMARY
100
AcDbLine
 10
68250.0
 20
105850.0
 30
0.0
 11
68250.0
 21
106200.0
 31
0.0
  0
LINE
  5
140D
330
17
100
AcDbEntity
  8
ARR_PRIMARY
100
AcDbLine
 10
68250.0
 20
106350.0
 30
0.0
 11
68250.0
 21
106700.0
 31
0.0
  0
LINE
  5
140E
330
17
100
AcDbEntity
  8
ARR_PRIMARY
100
AcDbLine
 10
68250.0
 20
106850.0
 30
0.0
 11
68250.0
 21
107200.0
 31
0.0
  0
LINE
  5
140F
330
17
100
AcDbEntity
  8
ARR_PRIMARY
100
AcDbLine
 10
68250.0
 20
107350.0
 30
0.0
 11
68250.0
 21
107700.0
 31
0.0
  0
LINE
  5
1410
330
17
100
AcDbEntity
  8
ARR_PRIMARY
100
AcDbLine
 10
68250.0
 20
107850.0
 30
0.0
 11
68250.0
 21
108200.0
 31
0.0
  0
LINE
  5
1411
330
17
100
AcDbEntity
  8
ARR_PRIMARY
100
AcDbLine
 10
68250.0
 20
108350.0
 30
0.0
 11
68250.0
 21
108700.0
 31
0.0
  0
LINE
  5
1412
330
17
100
AcDbEntity
  8
ARR_PRIMARY
100
AcDbLine
 10
68250.0
 20
108850.0
 30
0.0
 11
68250.0
 21
109200.0
 31
0.0
  0
LINE
  5
1413
330
17
100
AcDbEntity
  8
ARR_PRIMARY
100
AcDbLine
 10
68250.0
 20
109350.0
 30
0.0
 11
68250.0
 21
109700.0
 31
0.0
  0
LINE
  5
1414
330
17
100
AcDbEntity
  8
ARR_PRIMARY
100
AcDbLine
 10
68250.0
 20
109850.0
 30
0.0
 11
68250.0
 21
110200.0
 31
0.0
  0
LINE
  5
1415
330
17
100
AcDbEntity
  8
ARR_PRIMARY
100
AcDbLine
 10
68250.0
 20
110350.0
 30
0.0
 11
68250.0
 21
110700.0
 31
0.0
  0
LINE
  5
1416
330
17
100
AcDbEntity
  8
ARR_PRIMARY
100
AcDbLine
 10
68250.0
 20
110850.0
 30
0.0
 11
68250.0
 21
111200.0
 31
0.0
  0
LINE
  5
1417
330
17
100
AcDbEntity
  8
ARR_PRIMARY
100
AcDbLine
 10
68250.0
 20
111350.0
 30
0.0
 11
68250.0
 21
111700.0
 31
0.0
  0
LINE
  5
1418
330
17
100
AcDbEntity
  8
ARR_PRIMARY
100
AcDbLine
 10
68250.0
 20
111850.0
 30
0.0
 11
68250.0
 21
112200.0
 31
0.0
  0
LINE
  5
1419
330
17
100
AcDbEntity
  8
ARR_PRIMARY
100
AcDbLine
 10
68250.0
 20
112350.0
 30
0.0
 11
68250.0
 21
112700.0
 31
0.0
  0
LINE
  5
141A
330
17
100
AcDbEntity
  8
ARR_PRIMARY
100
AcDbLine
 10
68250.0
 20
112850.0
 30
0.0
 11
68250.0
 21
113200.0
 31
0.0
  0
LINE
  5
141B
330
17
100
AcDbEntity
  8
ARR_PRIMARY
100
AcDbLine
 10
68250.0
 20
113350.0
 30
0.0
 11
68250.0
 21
113700.0
 31
0.0
  0
LINE
  5
141C
330
17
100
AcDbEntity
  8
ARR_PRIMARY
100
AcDbLine
 10
68250.0
 20
113850.0
 30
0.0
 11
68250.0
 21
114200.0
 31
0.0
  0
LINE
  5
141D
330
17
100
AcDbEntity
  8
ARR_PRIMARY
100
AcDbLine
 10
68250.0
 20
114350.0
 30
0.0
 11
68250.0
 21
114500.0
 31
0.0
  0
LINE
  5
141E
330
17
100
AcDbEntity
  8
ARR_PRIMARY
100
AcDbLine
 10
70500.0
 20
100350.0
 30
0.0
 11
70500.0
 21
100700.0
 31
0.0
  0
LINE
  5
141F
330
17
100
AcDbEntity
  8
ARR_PRIMARY
100
AcDbLine
 10
70500.0
 20
100850.0
 30
0.0
 11
70500.0
 21
101200.0
 31
0.0
  0
LINE
  5
1420
330
17
100
AcDbEntity
  8
ARR_PRIMARY
100
AcDbLine
 10
70500.0
 20
101350.0
 30
0.0
 11
70500.0
 21
101700.0
 31
0.0
  0
LINE
  5
1421
330
17
100
AcDbEntity
  8
ARR_PRIMARY
100
AcDbLine
 10
70500.0
 20
101850.0
 30
0.0
 11
70500.0
 21
102200.0
 31
0.0
  0
LINE
  5
1422
330
17
100
AcDbEntity
  8
ARR_PRIMARY
100
AcDbLine
 10
70500.0
 20
102350.0
 30
0.0
 11
70500.0
 21
102700.0
 31
0.0
  0
LINE
  5
1423
330
17
100
AcDbEntity
  8
ARR_PRIMARY
100
AcDbLine
 10
70500.0
 20
102850.0
 30
0.0
 11
70500.0
 21
103200.0
 31
0.0
  0
LINE
  5
1424
330
17
100
AcDbEntity
  8
ARR_PRIMARY
100
AcDbLine
 10
70500.0
 20
103350.0
 30
0.0
 11
70500.0
 21
103700.0
 31
0.0
  0
LINE
  5
1425
330
17
100
AcDbEntity
  8
ARR_PRIMARY
100
AcDbLine
 10
70500.0
 20
103850.0
 30
0.0
 11
70500.0
 21
104200.0
 31
0.0
  0
LINE
  5
1426
330
17
100
AcDbEntity
  8
ARR_PRIMARY
100
AcDbLine
 10
70500.0
 20
104350.0
 30
0.0
 11
70500.0
 21
104700.0
 31
0.0
  0
LINE
  5
1427
330
17
100
AcDbEntity
  8
ARR_PRIMARY
100
AcDbLine
 10
70500.0
 20
104850.0
 30
0.0
 11
70500.0
 21
105200.0
 31
0.0
  0
LINE
  5
1428
330
17
100
AcDbEntity
  8
ARR_PRIMARY
100
AcDbLine
 10
70500.0
 20
105350.0
 30
0.0
 11
70500.0
 21
105700.0
 31
0.0
  0
LINE
  5
1429
330
17
100
AcDbEntity
  8
ARR_PRIMARY
100
AcDbLine
 10
70500.0
 20
105850.0
 30
0.0
 11
70500.0
 21
106200.0
 31
0.0
  0
LINE
  5
142A
330
17
100
AcDbEntity
  8
ARR_PRIMARY
100
AcDbLine
 10
70500.0
 20
106350.0
 30
0.0
 11
70500.0
 21
106700.0
 31
0.0
  0
LINE
  5
142B
330
17
100
AcDbEntity
  8
ARR_PRIMARY
100
AcDbLine
 10
70500.0
 20
106850.0
 30
0.0
 11
70500.0
 21
107200.0
 31
0.0
  0
LINE
  5
142C
330
17
100
AcDbEntity
  8
ARR_PRIMARY
100
AcDbLine
 10
70500.0
 20
107350.0
 30
0.0
 11
70500.0
 21
107700.0
 31
0.0
  0
LINE
  5
142D
330
17
100
AcDbEntity
  8
ARR_PRIMARY
100
AcDbLine
 10
70500.0
 20
107850.0
 30
0.0
 11
70500.0
 21
108200.0
 31
0.0
  0
LINE
  5
142E
330
17
100
AcDbEntity
  8
ARR_PRIMARY
100
AcDbLine
 10
70500.0
 20
108350.0
 30
0.0
 11
70500.0
 21
108700.0
 31
0.0
  0
LINE
  5
142F
330
17
100
AcDbEntity
  8
ARR_PRIMARY
100
AcDbLine
 10
70500.0
 20
108850.0
 30
0.0
 11
70500.0
 21
109200.0
 31
0.0
  0
LINE
  5
1430
330
17
100
AcDbEntity
  8
ARR_PRIMARY
100
AcDbLine
 10
70500.0
 20
109350.0
 30
0.0
 11
70500.0
 21
109700.0
 31
0.0
  0
LINE
  5
1431
330
17
100
AcDbEntity
  8
ARR_PRIMARY
100
AcDbLine
 10
70500.0
 20
109850.0
 30
0.0
 11
70500.0
 21
110200.0
 31
0.0
  0
LINE
  5
1432
330
17
100
AcDbEntity
  8
ARR_PRIMARY
100
AcDbLine
 10
70500.0
 20
110350.0
 30
0.0
 11
70500.0
 21
110700.0
 31
0.0
  0
LINE
  5
1433
330
17
100
AcDbEntity
  8
ARR_PRIMARY
100
AcDbLine
 10
70500.0
 20
110850.0
 30
0.0
 11
70500.0
 21
111200.0
 31
0.0
  0
LINE
  5
1434
330
17
100
AcDbEntity
  8
ARR_PRIMARY
100
AcDbLine
 10
70500.0
 20
111350.0
 30
0.0
 11
70500.0
 21
111700.0
 31
0.0
  0
LINE
  5
1435
330
17
100
AcDbEntity
  8
ARR_PRIMARY
100
AcDbLine
 10
70500.0
 20
111850.0
 30
0.0
 11
70500.0
 21
112200.0
 31
0.0
  0
LINE
  5
1436
330
17
100
AcDbEntity
  8
ARR_PRIMARY
100
AcDbLine
 10
70500.0
 20
112350.0
 30
0.0
 11
70500.0
 21
112700.0
 31
0.0
  0
LINE
  5
1437
330
17
100
AcDbEntity
  8
ARR_PRIMARY
100
AcDbLine
 10
70500.0
 20
112850.0
 30
0.0
 11
70500.0
 21
113200.0
 31
0.0
  0
LINE
  5
1438
330
17
100
AcDbEntity
  8
ARR_PRIMARY
100
AcDbLine
 10
70500.0
 20
113350.0
 30
0.0
 11
70500.0
 21
113700.0
 31
0.0
  0
LINE
  5
1439
330
17
100
AcDbEntity
  8
ARR_PRIMARY
100
AcDbLine
 10
70500.0
 20
113850.0
 30
0.0
 11
70500.0
 21
114200.0
 31
0.0
  0
LINE
  5
143A
330
17
100
AcDbEntity
  8
ARR_PRIMARY
100
AcDbLine
 10
70500.0
 20
114350.0
 30
0.0
 11
70500.0
 21
114500.0
 31
0.0
  0
LINE
  5
143B
330
17
100
AcDbEntity
  8
ARR_PRIMARY
100
AcDbLine
 10
72750.0
 20
100350.0
 30
0.0
 11
72750.0
 21
100700.0
 31
0.0
  0
LINE
  5
143C
330
17
100
AcDbEntity
  8
ARR_PRIMARY
100
AcDbLine
 10
72750.0
 20
100850.0
 30
0.0
 11
72750.0
 21
101200.0
 31
0.0
  0
LINE
  5
143D
330
17
100
AcDbEntity
  8
ARR_PRIMARY
100
AcDbLine
 10
72750.0
 20
101350.0
 30
0.0
 11
72750.0
 21
101700.0
 31
0.0
  0
LINE
  5
143E
330
17
100
AcDbEntity
  8
ARR_PRIMARY
100
AcDbLine
 10
72750.0
 20
101850.0
 30
0.0
 11
72750.0
 21
102200.0
 31
0.0
  0
LINE
  5
143F
330
17
100
AcDbEntity
  8
ARR_PRIMARY
100
AcDbLine
 10
72750.0
 20
102350.0
 30
0.0
 11
72750.0
 21
102700.0
 31
0.0
  0
LINE
  5
1440
330
17
100
AcDbEntity
  8
ARR_PRIMARY
100
AcDbLine
 10
72750.0
 20
102850.0
 30
0.0
 11
72750.0
 21
103200.0
 31
0.0
  0
LINE
  5
1441
330
17
100
AcDbEntity
  8
ARR_PRIMARY
100
AcDbLine
 10
72750.0
 20
103350.0
 30
0.0
 11
72750.0
 21
103700.0
 31
0.0
  0
LINE
  5
1442
330
17
100
AcDbEntity
  8
ARR_PRIMARY
100
AcDbLine
 10
72750.0
 20
103850.0
 30
0.0
 11
72750.0
 21
104200.0
 31
0.0
  0
LINE
  5
1443
330
17
100
AcDbEntity
  8
ARR_PRIMARY
100
AcDbLine
 10
72750.0
 20
104350.0
 30
0.0
 11
72750.0
 21
104700.0
 31
0.0
  0
LINE
  5
1444
330
17
100
AcDbEntity
  8
ARR_PRIMARY
100
AcDbLine
 10
72750.0
 20
104850.0
 30
0.0
 11
72750.0
 21
105200.0
 31
0.0
  0
LINE
  5
1445
330
17
100
AcDbEntity
  8
ARR_PRIMARY
100
AcDbLine
 10
72750.0
 20
105350.0
 30
0.0
 11
72750.0
 21
105700.0
 31
0.0
  0
LINE
  5
1446
330
17
100
AcDbEntity
  8
ARR_PRIMARY
100
AcDbLine
 10
72750.0
 20
105850.0
 30
0.0
 11
72750.0
 21
106200.0
 31
0.0
  0
LINE
  5
1447
330
17
100
AcDbEntity
  8
ARR_PRIMARY
100
AcDbLine
 10
72750.0
 20
106350.0
 30
0.0
 11
72750.0
 21
106700.0
 31
0.0
  0
LINE
  5
1448
330
17
100
AcDbEntity
  8
ARR_PRIMARY
100
AcDbLine
 10
72750.0
 20
106850.0
 30
0.0
 11
72750.0
 21
107200.0
 31
0.0
  0
LINE
  5
1449
330
17
100
AcDbEntity
  8
ARR_PRIMARY
100
AcDbLine
 10
72750.0
 20
107350.0
 30
0.0
 11
72750.0
 21
107700.0
 31
0.0
  0
LINE
  5
144A
330
17
100
AcDbEntity
  8
ARR_PRIMARY
100
AcDbLine
 10
72750.0
 20
107850.0
 30
0.0
 11
72750.0
 21
108200.0
 31
0.0
  0
LINE
  5
144B
330
17
100
AcDbEntity
  8
ARR_PRIMARY
100
AcDbLine
 10
72750.0
 20
108350.0
 30
0.0
 11
72750.0
 21
108700.0
 31
0.0
  0
LINE
  5
144C
330
17
100
AcDbEntity
  8
ARR_PRIMARY
100
AcDbLine
 10
72750.0
 20
108850.0
 30
0.0
 11
72750.0
 21
109200.0
 31
0.0
  0
LINE
  5
144D
330
17
100
AcDbEntity
  8
ARR_PRIMARY
100
AcDbLine
 10
72750.0
 20
109350.0
 30
0.0
 11
72750.0
 21
109700.0
 31
0.0
  0
LINE
  5
144E
330
17
100
AcDbEntity
  8
ARR_PRIMARY
100
AcDbLine
 10
72750.0
 20
109850.0
 30
0.0
 11
72750.0
 21
110200.0
 31
0.0
  0
LINE
  5
144F
330
17
100
AcDbEntity
  8
ARR_PRIMARY
100
AcDbLine
 10
72750.0
 20
110350.0
 30
0.0
 11
72750.0
 21
110700.0
 31
0.0
  0
LINE
  5
1450
330
17
100
AcDbEntity
  8
ARR_PRIMARY
100
AcDbLine
 10
72750.0
 20
110850.0
 30
0.0
 11
72750.0
 21
111200.0
 31
0.0
  0
LINE
  5
1451
330
17
100
AcDbEntity
  8
ARR_PRIMARY
100
AcDbLine
 10
72750.0
 20
111350.0
 30
0.0
 11
72750.0
 21
111700.0
 31
0.0
  0
LINE
  5
1452
330
17
100
AcDbEntity
  8
ARR_PRIMARY
100
AcDbLine
 10
72750.0
 20
111850.0
 30
0.0
 11
72750.0
 21
112200.0
 31
0.0
  0
LINE
  5
1453
330
17
100
AcDbEntity
  8
ARR_PRIMARY
100
AcDbLine
 10
72750.0
 20
112350.0
 30
0.0
 11
72750.0
 21
112700.0
 31
0.0
  0
LINE
  5
1454
330
17
100
AcDbEntity
  8
ARR_PRIMARY
100
AcDbLine
 10
72750.0
 20
112850.0
 30
0.0
 11
72750.0
 21
113200.0
 31
0.0
  0
LINE
  5
1455
330
17
100
AcDbEntity
  8
ARR_PRIMARY
100
AcDbLine
 10
72750.0
 20
113350.0
 30
0.0
 11
72750.0
 21
113700.0
 31
0.0
  0
LINE
  5
1456
330
17
100
AcDbEntity
  8
ARR_PRIMARY
100
AcDbLine
 10
72750.0
 20
113850.0
 30
0.0
 11
72750.0
 21
114200.0
 31
0.0
  0
LINE
  5
1457
330
17
100
AcDbEntity
  8
ARR_PRIMARY
100
AcDbLine
 10
72750.0
 20
114350.0
 30
0.0
 11
72750.0
 21
114500.0
 31
0.0
  0
LINE
  5
1458
330
17
100
AcDbEntity
  8
ARR_PRIMARY
100
AcDbLine
 10
75000.0
 20
100350.0
 30
0.0
 11
75000.0
 21
100700.0
 31
0.0
  0
LINE
  5
1459
330
17
100
AcDbEntity
  8
ARR_PRIMARY
100
AcDbLine
 10
75000.0
 20
100850.0
 30
0.0
 11
75000.0
 21
101200.0
 31
0.0
  0
LINE
  5
145A
330
17
100
AcDbEntity
  8
ARR_PRIMARY
100
AcDbLine
 10
75000.0
 20
101350.0
 30
0.0
 11
75000.0
 21
101700.0
 31
0.0
  0
LINE
  5
145B
330
17
100
AcDbEntity
  8
ARR_PRIMARY
100
AcDbLine
 10
75000.0
 20
101850.0
 30
0.0
 11
75000.0
 21
102200.0
 31
0.0
  0
LINE
  5
145C
330
17
100
AcDbEntity
  8
ARR_PRIMARY
100
AcDbLine
 10
75000.0
 20
102350.0
 30
0.0
 11
75000.0
 21
102700.0
 31
0.0
  0
LINE
  5
145D
330
17
100
AcDbEntity
  8
ARR_PRIMARY
100
AcDbLine
 10
75000.0
 20
102850.0
 30
0.0
 11
75000.0
 21
103200.0
 31
0.0
  0
LINE
  5
145E
330
17
100
AcDbEntity
  8
ARR_PRIMARY
100
AcDbLine
 10
75000.0
 20
103350.0
 30
0.0
 11
75000.0
 21
103700.0
 31
0.0
  0
LINE
  5
145F
330
17
100
AcDbEntity
  8
ARR_PRIMARY
100
AcDbLine
 10
75000.0
 20
103850.0
 30
0.0
 11
75000.0
 21
104200.0
 31
0.0
  0
LINE
  5
1460
330
17
100
AcDbEntity
  8
ARR_PRIMARY
100
AcDbLine
 10
75000.0
 20
104350.0
 30
0.0
 11
75000.0
 21
104700.0
 31
0.0
  0
LINE
  5
1461
330
17
100
AcDbEntity
  8
ARR_PRIMARY
100
AcDbLine
 10
75000.0
 20
104850.0
 30
0.0
 11
75000.0
 21
105200.0
 31
0.0
  0
LINE
  5
1462
330
17
100
AcDbEntity
  8
ARR_PRIMARY
100
AcDbLine
 10
75000.0
 20
105350.0
 30
0.0
 11
75000.0
 21
105700.0
 31
0.0
  0
LINE
  5
1463
330
17
100
AcDbEntity
  8
ARR_PRIMARY
100
AcDbLine
 10
75000.0
 20
105850.0
 30
0.0
 11
75000.0
 21
106200.0
 31
0.0
  0
LINE
  5
1464
330
17
100
AcDbEntity
  8
ARR_PRIMARY
100
AcDbLine
 10
75000.0
 20
106350.0
 30
0.0
 11
75000.0
 21
106700.0
 31
0.0
  0
LINE
  5
1465
330
17
100
AcDbEntity
  8
ARR_PRIMARY
100
AcDbLine
 10
75000.0
 20
106850.0
 30
0.0
 11
75000.0
 21
107200.0
 31
0.0
  0
LINE
  5
1466
330
17
100
AcDbEntity
  8
ARR_PRIMARY
100
AcDbLine
 10
75000.0
 20
107350.0
 30
0.0
 11
75000.0
 21
107700.0
 31
0.0
  0
LINE
  5
1467
330
17
100
AcDbEntity
  8
ARR_PRIMARY
100
AcDbLine
 10
75000.0
 20
107850.0
 30
0.0
 11
75000.0
 21
108200.0
 31
0.0
  0
LINE
  5
1468
330
17
100
AcDbEntity
  8
ARR_PRIMARY
100
AcDbLine
 10
75000.0
 20
108350.0
 30
0.0
 11
75000.0
 21
108700.0
 31
0.0
  0
LINE
  5
1469
330
17
100
AcDbEntity
  8
ARR_PRIMARY
100
AcDbLine
 10
75000.0
 20
108850.0
 30
0.0
 11
75000.0
 21
109200.0
 31
0.0
  0
LINE
  5
146A
330
17
100
AcDbEntity
  8
ARR_PRIMARY
100
AcDbLine
 10
75000.0
 20
109350.0
 30
0.0
 11
75000.0
 21
109700.0
 31
0.0
  0
LINE
  5
146B
330
17
100
AcDbEntity
  8
ARR_PRIMARY
100
AcDbLine
 10
75000.0
 20
109850.0
 30
0.0
 11
75000.0
 21
110200.0
 31
0.0
  0
LINE
  5
146C
330
17
100
AcDbEntity
  8
ARR_PRIMARY
100
AcDbLine
 10
75000.0
 20
110350.0
 30
0.0
 11
75000.0
 21
110700.0
 31
0.0
  0
LINE
  5
146D
330
17
100
AcDbEntity
  8
ARR_PRIMARY
100
AcDbLine
 10
75000.0
 20
110850.0
 30
0.0
 11
75000.0
 21
111200.0
 31
0.0
  0
LINE
  5
146E
330
17
100
AcDbEntity
  8
ARR_PRIMARY
100
AcDbLine
 10
75000.0
 20
111350.0
 30
0.0
 11
75000.0
 21
111700.0
 31
0.0
  0
LINE
  5
146F
330
17
100
AcDbEntity
  8
ARR_PRIMARY
100
AcDbLine
 10
75000.0
 20
111850.0
 30
0.0
 11
75000.0
 21
112200.0
 31
0.0
  0
LINE
  5
1470
330
17
100
AcDbEntity
  8
ARR_PRIMARY
100
AcDbLine
 10
75000.0
 20
112350.0
 30
0.0
 11
75000.0
 21
112700.0
 31
0.0
  0
LINE
  5
1471
330
17
100
AcDbEntity
  8
ARR_PRIMARY
100
AcDbLine
 10
75000.0
 20
112850.0
 30
0.0
 11
75000.0
 21
113200.0
 31
0.0
  0
LINE
  5
1472
330
17
100
AcDbEntity
  8
ARR_PRIMARY
100
AcDbLine
 10
75000.0
 20
113350.0
 30
0.0
 11
75000.0
 21
113700.0
 31
0.0
  0
LINE
  5
1473
330
17
100
AcDbEntity
  8
ARR_PRIMARY
100
AcDbLine
 10
75000.0
 20
113850.0
 30
0.0
 11
75000.0
 21
114200.0
 31
0.0
  0
LINE
  5
1474
330
17
100
AcDbEntity
  8
ARR_PRIMARY
100
AcDbLine
 10
75000.0
 20
114350.0
 30
0.0
 11
75000.0
 21
114500.0
 31
0.0
  0
LINE
  5
1475
330
17
100
AcDbEntity
  8
ARR_PRIMARY
100
AcDbLine
 10
77250.0
 20
100350.0
 30
0.0
 11
77250.0
 21
100700.0
 31
0.0
  0
LINE
  5
1476
330
17
100
AcDbEntity
  8
ARR_PRIMARY
100
AcDbLine
 10
77250.0
 20
100850.0
 30
0.0
 11
77250.0
 21
101200.0
 31
0.0
  0
LINE
  5
1477
330
17
100
AcDbEntity
  8
ARR_PRIMARY
100
AcDbLine
 10
77250.0
 20
101350.0
 30
0.0
 11
77250.0
 21
101700.0
 31
0.0
  0
LINE
  5
1478
330
17
100
AcDbEntity
  8
ARR_PRIMARY
100
AcDbLine
 10
77250.0
 20
101850.0
 30
0.0
 11
77250.0
 21
102200.0
 31
0.0
  0
LINE
  5
1479
330
17
100
AcDbEntity
  8
ARR_PRIMARY
100
AcDbLine
 10
77250.0
 20
102350.0
 30
0.0
 11
77250.0
 21
102700.0
 31
0.0
  0
LINE
  5
147A
330
17
100
AcDbEntity
  8
ARR_PRIMARY
100
AcDbLine
 10
77250.0
 20
102850.0
 30
0.0
 11
77250.0
 21
103200.0
 31
0.0
  0
LINE
  5
147B
330
17
100
AcDbEntity
  8
ARR_PRIMARY
100
AcDbLine
 10
77250.0
 20
103350.0
 30
0.0
 11
77250.0
 21
103700.0
 31
0.0
  0
LINE
  5
147C
330
17
100
AcDbEntity
  8
ARR_PRIMARY
100
AcDbLine
 10
77250.0
 20
103850.0
 30
0.0
 11
77250.0
 21
104200.0
 31
0.0
  0
LINE
  5
147D
330
17
100
AcDbEntity
  8
ARR_PRIMARY
100
AcDbLine
 10
77250.0
 20
104350.0
 30
0.0
 11
77250.0
 21
104700.0
 31
0.0
  0
LINE
  5
147E
330
17
100
AcDbEntity
  8
ARR_PRIMARY
100
AcDbLine
 10
77250.0
 20
104850.0
 30
0.0
 11
77250.0
 21
105200.0
 31
0.0
  0
LINE
  5
147F
330
17
100
AcDbEntity
  8
ARR_PRIMARY
100
AcDbLine
 10
77250.0
 20
105350.0
 30
0.0
 11
77250.0
 21
105700.0
 31
0.0
  0
LINE
  5
1480
330
17
100
AcDbEntity
  8
ARR_PRIMARY
100
AcDbLine
 10
77250.0
 20
105850.0
 30
0.0
 11
77250.0
 21
106200.0
 31
0.0
  0
LINE
  5
1481
330
17
100
AcDbEntity
  8
ARR_PRIMARY
100
AcDbLine
 10
77250.0
 20
106350.0
 30
0.0
 11
77250.0
 21
106700.0
 31
0.0
  0
LINE
  5
1482
330
17
100
AcDbEntity
  8
ARR_PRIMARY
100
AcDbLine
 10
77250.0
 20
106850.0
 30
0.0
 11
77250.0
 21
107200.0
 31
0.0
  0
LINE
  5
1483
330
17
100
AcDbEntity
  8
ARR_PRIMARY
100
AcDbLine
 10
77250.0
 20
107350.0
 30
0.0
 11
77250.0
 21
107700.0
 31
0.0
  0
LINE
  5
1484
330
17
100
AcDbEntity
  8
ARR_PRIMARY
100
AcDbLine
 10
77250.0
 20
107850.0
 30
0.0
 11
77250.0
 21
108200.0
 31
0.0
  0
LINE
  5
1485
330
17
100
AcDbEntity
  8
ARR_PRIMARY
100
AcDbLine
 10
77250.0
 20
108350.0
 30
0.0
 11
77250.0
 21
108700.0
 31
0.0
  0
LINE
  5
1486
330
17
100
AcDbEntity
  8
ARR_PRIMARY
100
AcDbLine
 10
77250.0
 20
108850.0
 30
0.0
 11
77250.0
 21
109200.0
 31
0.0
  0
LINE
  5
1487
330
17
100
AcDbEntity
  8
ARR_PRIMARY
100
AcDbLine
 10
77250.0
 20
109350.0
 30
0.0
 11
77250.0
 21
109700.0
 31
0.0
  0
LINE
  5
1488
330
17
100
AcDbEntity
  8
ARR_PRIMARY
100
AcDbLine
 10
77250.0
 20
109850.0
 30
0.0
 11
77250.0
 21
110200.0
 31
0.0
  0
LINE
  5
1489
330
17
100
AcDbEntity
  8
ARR_PRIMARY
100
AcDbLine
 10
77250.0
 20
110350.0
 30
0.0
 11
77250.0
 21
110700.0
 31
0.0
  0
LINE
  5
148A
330
17
100
AcDbEntity
  8
ARR_PRIMARY
100
AcDbLine
 10
77250.0
 20
110850.0
 30
0.0
 11
77250.0
 21
111200.0
 31
0.0
  0
LINE
  5
148B
330
17
100
AcDbEntity
  8
ARR_PRIMARY
100
AcDbLine
 10
77250.0
 20
111350.0
 30
0.0
 11
77250.0
 21
111700.0
 31
0.0
  0
LINE
  5
148C
330
17
100
AcDbEntity
  8
ARR_PRIMARY
100
AcDbLine
 10
77250.0
 20
111850.0
 30
0.0
 11
77250.0
 21
112200.0
 31
0.0
  0
LINE
  5
148D
330
17
100
AcDbEntity
  8
ARR_PRIMARY
100
AcDbLine
 10
77250.0
 20
112350.0
 30
0.0
 11
77250.0
 21
112700.0
 31
0.0
  0
LINE
  5
148E
330
17
100
AcDbEntity
  8
ARR_PRIMARY
100
AcDbLine
 10
77250.0
 20
112850.0
 30
0.0
 11
77250.0
 21
113200.0
 31
0.0
  0
LINE
  5
148F
330
17
100
AcDbEntity
  8
ARR_PRIMARY
100
AcDbLine
 10
77250.0
 20
113350.0
 30
0.0
 11
77250.0
 21
113700.0
 31
0.0
  0
LINE
  5
1490
330
17
100
AcDbEntity
  8
ARR_PRIMARY
100
AcDbLine
 10
77250.0
 20
113850.0
 30
0.0
 11
77250.0
 21
114200.0
 31
0.0
  0
LINE
  5
1491
330
17
100
AcDbEntity
  8
ARR_PRIMARY
100
AcDbLine
 10
77250.0
 20
114350.0
 30
0.0
 11
77250.0
 21
114500.0
 31
0.0
  0
LINE
  5
1492
330
17
100
AcDbEntity
  8
ARR_PRIMARY
100
AcDbLine
 10
81750.0
 20
100350.0
 30
0.0
 11
81750.0
 21
100700.0
 31
0.0
  0
LINE
  5
1493
330
17
100
AcDbEntity
  8
ARR_PRIMARY
100
AcDbLine
 10
81750.0
 20
100850.0
 30
0.0
 11
81750.0
 21
101200.0
 31
0.0
  0
LINE
  5
1494
330
17
100
AcDbEntity
  8
ARR_PRIMARY
100
AcDbLine
 10
81750.0
 20
101350.0
 30
0.0
 11
81750.0
 21
101700.0
 31
0.0
  0
LINE
  5
1495
330
17
100
AcDbEntity
  8
ARR_PRIMARY
100
AcDbLine
 10
81750.0
 20
101850.0
 30
0.0
 11
81750.0
 21
102200.0
 31
0.0
  0
LINE
  5
1496
330
17
100
AcDbEntity
  8
ARR_PRIMARY
100
AcDbLine
 10
81750.0
 20
102350.0
 30
0.0
 11
81750.0
 21
102700.0
 31
0.0
  0
LINE
  5
1497
330
17
100
AcDbEntity
  8
ARR_PRIMARY
100
AcDbLine
 10
81750.0
 20
102850.0
 30
0.0
 11
81750.0
 21
103200.0
 31
0.0
  0
LINE
  5
1498
330
17
100
AcDbEntity
  8
ARR_PRIMARY
100
AcDbLine
 10
81750.0
 20
103350.0
 30
0.0
 11
81750.0
 21
103700.0
 31
0.0
  0
LINE
  5
1499
330
17
100
AcDbEntity
  8
ARR_PRIMARY
100
AcDbLine
 10
81750.0
 20
103850.0
 30
0.0
 11
81750.0
 21
104200.0
 31
0.0
  0
LINE
  5
149A
330
17
100
AcDbEntity
  8
ARR_PRIMARY
100
AcDbLine
 10
81750.0
 20
104350.0
 30
0.0
 11
81750.0
 21
104700.0
 31
0.0
  0
LINE
  5
149B
330
17
100
AcDbEntity
  8
ARR_PRIMARY
100
AcDbLine
 10
81750.0
 20
104850.0
 30
0.0
 11
81750.0
 21
105200.0
 31
0.0
  0
LINE
  5
149C
330
17
100
AcDbEntity
  8
ARR_PRIMARY
100
AcDbLine
 10
81750.0
 20
105350.0
 30
0.0
 11
81750.0
 21
105700.0
 31
0.0
  0
LINE
  5
149D
330
17
100
AcDbEntity
  8
ARR_PRIMARY
100
AcDbLine
 10
81750.0
 20
105850.0
 30
0.0
 11
81750.0
 21
106200.0
 31
0.0
  0
LINE
  5
149E
330
17
100
AcDbEntity
  8
ARR_PRIMARY
100
AcDbLine
 10
81750.0
 20
106350.0
 30
0.0
 11
81750.0
 21
106700.0
 31
0.0
  0
LINE
  5
149F
330
17
100
AcDbEntity
  8
ARR_PRIMARY
100
AcDbLine
 10
81750.0
 20
106850.0
 30
0.0
 11
81750.0
 21
107200.0
 31
0.0
  0
LINE
  5
14A0
330
17
100
AcDbEntity
  8
ARR_PRIMARY
100
AcDbLine
 10
81750.0
 20
107350.0
 30
0.0
 11
81750.0
 21
107700.0
 31
0.0
  0
LINE
  5
14A1
330
17
100
AcDbEntity
  8
ARR_PRIMARY
100
AcDbLine
 10
81750.0
 20
107850.0
 30
0.0
 11
81750.0
 21
108200.0
 31
0.0
  0
LINE
  5
14A2
330
17
100
AcDbEntity
  8
ARR_PRIMARY
100
AcDbLine
 10
81750.0
 20
108350.0
 30
0.0
 11
81750.0
 21
108700.0
 31
0.0
  0
LINE
  5
14A3
330
17
100
AcDbEntity
  8
ARR_PRIMARY
100
AcDbLine
 10
81750.0
 20
108850.0
 30
0.0
 11
81750.0
 21
109200.0
 31
0.0
  0
LINE
  5
14A4
330
17
100
AcDbEntity
  8
ARR_PRIMARY
100
AcDbLine
 10
81750.0
 20
109350.0
 30
0.0
 11
81750.0
 21
109700.0
 31
0.0
  0
LINE
  5
14A5
330
17
100
AcDbEntity
  8
ARR_PRIMARY
100
AcDbLine
 10
81750.0
 20
109850.0
 30
0.0
 11
81750.0
 21
110200.0
 31
0.0
  0
LINE
  5
14A6
330
17
100
AcDbEntity
  8
ARR_PRIMARY
100
AcDbLine
 10
81750.0
 20
110350.0
 30
0.0
 11
81750.0
 21
110700.0
 31
0.0
  0
LINE
  5
14A7
330
17
100
AcDbEntity
  8
ARR_PRIMARY
100
AcDbLine
 10
81750.0
 20
110850.0
 30
0.0
 11
81750.0
 21
111200.0
 31
0.0
  0
LINE
  5
14A8
330
17
100
AcDbEntity
  8
ARR_PRIMARY
100
AcDbLine
 10
81750.0
 20
111350.0
 30
0.0
 11
81750.0
 21
111700.0
 31
0.0
  0
LINE
  5
14A9
330
17
100
AcDbEntity
  8
ARR_PRIMARY
100
AcDbLine
 10
81750.0
 20
111850.0
 30
0.0
 11
81750.0
 21
112200.0
 31
0.0
  0
LINE
  5
14AA
330
17
100
AcDbEntity
  8
ARR_PRIMARY
100
AcDbLine
 10
81750.0
 20
112350.0
 30
0.0
 11
81750.0
 21
112700.0
 31
0.0
  0
LINE
  5
14AB
330
17
100
AcDbEntity
  8
ARR_PRIMARY
100
AcDbLine
 10
81750.0
 20
112850.0
 30
0.0
 11
81750.0
 21
113200.0
 31
0.0
  0
LINE
  5
14AC
330
17
100
AcDbEntity
  8
ARR_PRIMARY
100
AcDbLine
 10
81750.0
 20
113350.0
 30
0.0
 11
81750.0
 21
113700.0
 31
0.0
  0
LINE
  5
14AD
330
17
100
AcDbEntity
  8
ARR_PRIMARY
100
AcDbLine
 10
81750.0
 20
113850.0
 30
0.0
 11
81750.0
 21
114200.0
 31
0.0
  0
LINE
  5
14AE
330
17
100
AcDbEntity
  8
ARR_PRIMARY
100
AcDbLine
 10
81750.0
 20
114350.0
 30
0.0
 11
81750.0
 21
114500.0
 31
0.0
  0
LINE
  5
14AF
330
17
100
AcDbEntity
  8
ARR_SECONDARY
100
AcDbLine
 10
66000.0
 20
101766.6666666667
 30
0.0
 11
66350.0
 21
101766.6666666667
 31
0.0
  0
LINE
  5
14B0
330
17
100
AcDbEntity
  8
ARR_SECONDARY
100
AcDbLine
 10
66500.0
 20
101766.6666666667
 30
0.0
 11
66850.0
 21
101766.6666666667
 31
0.0
  0
LINE
  5
14B1
330
17
100
AcDbEntity
  8
ARR_SECONDARY
100
AcDbLine
 10
67000.0
 20
101766.6666666667
 30
0.0
 11
67350.0
 21
101766.6666666667
 31
0.0
  0
LINE
  5
14B2
330
17
100
AcDbEntity
  8
ARR_SECONDARY
100
AcDbLine
 10
67500.0
 20
101766.6666666667
 30
0.0
 11
67850.0
 21
101766.6666666667
 31
0.0
  0
LINE
  5
14B3
330
17
100
AcDbEntity
  8
ARR_SECONDARY
100
AcDbLine
 10
68000.0
 20
101766.6666666667
 30
0.0
 11
68350.0
 21
101766.6666666667
 31
0.0
  0
LINE
  5
14B4
330
17
100
AcDbEntity
  8
ARR_SECONDARY
100
AcDbLine
 10
68500.0
 20
101766.6666666667
 30
0.0
 11
68850.0
 21
101766.6666666667
 31
0.0
  0
LINE
  5
14B5
330
17
100
AcDbEntity
  8
ARR_SECONDARY
100
AcDbLine
 10
69000.0
 20
101766.6666666667
 30
0.0
 11
69350.0
 21
101766.6666666667
 31
0.0
  0
LINE
  5
14B6
330
17
100
AcDbEntity
  8
ARR_SECONDARY
100
AcDbLine
 10
69500.0
 20
101766.6666666667
 30
0.0
 11
69850.0
 21
101766.6666666667
 31
0.0
  0
LINE
  5
14B7
330
17
100
AcDbEntity
  8
ARR_SECONDARY
100
AcDbLine
 10
70000.0
 20
101766.6666666667
 30
0.0
 11
70350.0
 21
101766.6666666667
 31
0.0
  0
LINE
  5
14B8
330
17
100
AcDbEntity
  8
ARR_SECONDARY
100
AcDbLine
 10
70500.0
 20
101766.6666666667
 30
0.0
 11
70850.0
 21
101766.6666666667
 31
0.0
  0
LINE
  5
14B9
330
17
100
AcDbEntity
  8
ARR_SECONDARY
100
AcDbLine
 10
71000.0
 20
101766.6666666667
 30
0.0
 11
71350.0
 21
101766.6666666667
 31
0.0
  0
LINE
  5
14BA
330
17
100
AcDbEntity
  8
ARR_SECONDARY
100
AcDbLine
 10
71500.0
 20
101766.6666666667
 30
0.0
 11
71850.0
 21
101766.6666666667
 31
0.0
  0
LINE
  5
14BB
330
17
100
AcDbEntity
  8
ARR_SECONDARY
100
AcDbLine
 10
72000.0
 20
101766.6666666667
 30
0.0
 11
72350.0
 21
101766.6666666667
 31
0.0
  0
LINE
  5
14BC
330
17
100
AcDbEntity
  8
ARR_SECONDARY
100
AcDbLine
 10
72500.0
 20
101766.6666666667
 30
0.0
 11
72850.0
 21
101766.6666666667
 31
0.0
  0
LINE
  5
14BD
330
17
100
AcDbEntity
  8
ARR_SECONDARY
100
AcDbLine
 10
73000.0
 20
101766.6666666667
 30
0.0
 11
73350.0
 21
101766.6666666667
 31
0.0
  0
LINE
  5
14BE
330
17
100
AcDbEntity
  8
ARR_SECONDARY
100
AcDbLine
 10
73500.0
 20
101766.6666666667
 30
0.0
 11
73850.0
 21
101766.6666666667
 31
0.0
  0
LINE
  5
14BF
330
17
100
AcDbEntity
  8
ARR_SECONDARY
100
AcDbLine
 10
74000.0
 20
101766.6666666667
 30
0.0
 11
74350.0
 21
101766.6666666667
 31
0.0
  0
LINE
  5
14C0
330
17
100
AcDbEntity
  8
ARR_SECONDARY
100
AcDbLine
 10
74500.0
 20
101766.6666666667
 30
0.0
 11
74850.0
 21
101766.6666666667
 31
0.0
  0
LINE
  5
14C1
330
17
100
AcDbEntity
  8
ARR_SECONDARY
100
AcDbLine
 10
75000.0
 20
101766.6666666667
 30
0.0
 11
75350.0
 21
101766.6666666667
 31
0.0
  0
LINE
  5
14C2
330
17
100
AcDbEntity
  8
ARR_SECONDARY
100
AcDbLine
 10
75500.0
 20
101766.6666666667
 30
0.0
 11
75850.0
 21
101766.6666666667
 31
0.0
  0
LINE
  5
14C3
330
17
100
AcDbEntity
  8
ARR_SECONDARY
100
AcDbLine
 10
76000.0
 20
101766.6666666667
 30
0.0
 11
76350.0
 21
101766.6666666667
 31
0.0
  0
LINE
  5
14C4
330
17
100
AcDbEntity
  8
ARR_SECONDARY
100
AcDbLine
 10
76500.0
 20
101766.6666666667
 30
0.0
 11
76850.0
 21
101766.6666666667
 31
0.0
  0
LINE
  5
14C5
330
17
100
AcDbEntity
  8
ARR_SECONDARY
100
AcDbLine
 10
77000.0
 20
101766.6666666667
 30
0.0
 11
77350.0
 21
101766.6666666667
 31
0.0
  0
LINE
  5
14C6
330
17
100
AcDbEntity
  8
ARR_SECONDARY
100
AcDbLine
 10
77500.0
 20
101766.6666666667
 30
0.0
 11
77850.0
 21
101766.6666666667
 31
0.0
  0
LINE
  5
14C7
330
17
100
AcDbEntity
  8
ARR_SECONDARY
100
AcDbLine
 10
78000.0
 20
101766.6666666667
 30
0.0
 11
78350.0
 21
101766.6666666667
 31
0.0
  0
LINE
  5
14C8
330
17
100
AcDbEntity
  8
ARR_SECONDARY
100
AcDbLine
 10
78500.0
 20
101766.6666666667
 30
0.0
 11
78850.0
 21
101766.6666666667
 31
0.0
  0
LINE
  5
14C9
330
17
100
AcDbEntity
  8
ARR_SECONDARY
100
AcDbLine
 10
79000.0
 20
101766.6666666667
 30
0.0
 11
79350.0
 21
101766.6666666667
 31
0.0
  0
LINE
  5
14CA
330
17
100
AcDbEntity
  8
ARR_SECONDARY
100
AcDbLine
 10
79500.0
 20
101766.6666666667
 30
0.0
 11
79850.0
 21
101766.6666666667
 31
0.0
  0
LINE
  5
14CB
330
17
100
AcDbEntity
  8
ARR_SECONDARY
100
AcDbLine
 10
80000.0
 20
101766.6666666667
 30
0.0
 11
80350.0
 21
101766.6666666667
 31
0.0
  0
LINE
  5
14CC
330
17
100
AcDbEntity
  8
ARR_SECONDARY
100
AcDbLine
 10
80500.0
 20
101766.6666666667
 30
0.0
 11
80850.0
 21
101766.6666666667
 31
0.0
  0
LINE
  5
14CD
330
17
100
AcDbEntity
  8
ARR_SECONDARY
100
AcDbLine
 10
81000.0
 20
101766.6666666667
 30
0.0
 11
81350.0
 21
101766.6666666667
 31
0.0
  0
LINE
  5
14CE
330
17
100
AcDbEntity
  8
ARR_SECONDARY
100
AcDbLine
 10
81500.0
 20
101766.6666666667
 30
0.0
 11
81850.0
 21
101766.6666666667
 31
0.0
  0
LINE
  5
14CF
330
17
100
AcDbEntity
  8
ARR_SECONDARY
100
AcDbLine
 10
82000.0
 20
101766.6666666667
 30
0.0
 11
82350.0
 21
101766.6666666667
 31
0.0
  0
LINE
  5
14D0
330
17
100
AcDbEntity
  8
ARR_SECONDARY
100
AcDbLine
 10
82500.0
 20
101766.6666666667
 30
0.0
 11
82850.0
 21
101766.6666666667
 31
0.0
  0
LINE
  5
14D1
330
17
100
AcDbEntity
  8
ARR_SECONDARY
100
AcDbLine
 10
83000.0
 20
101766.6666666667
 30
0.0
 11
83350.0
 21
101766.6666666667
 31
0.0
  0
LINE
  5
14D2
330
17
100
AcDbEntity
  8
ARR_SECONDARY
100
AcDbLine
 10
83500.0
 20
101766.6666666667
 30
0.0
 11
83850.0
 21
101766.6666666667
 31
0.0
  0
LINE
  5
14D3
330
17
100
AcDbEntity
  8
ARR_SECONDARY
100
AcDbLine
 10
66000.0
 20
102533.3333333333
 30
0.0
 11
66350.0
 21
102533.3333333333
 31
0.0
  0
LINE
  5
14D4
330
17
100
AcDbEntity
  8
ARR_SECONDARY
100
AcDbLine
 10
66500.0
 20
102533.3333333333
 30
0.0
 11
66850.0
 21
102533.3333333333
 31
0.0
  0
LINE
  5
14D5
330
17
100
AcDbEntity
  8
ARR_SECONDARY
100
AcDbLine
 10
67000.0
 20
102533.3333333333
 30
0.0
 11
67350.0
 21
102533.3333333333
 31
0.0
  0
LINE
  5
14D6
330
17
100
AcDbEntity
  8
ARR_SECONDARY
100
AcDbLine
 10
67500.0
 20
102533.3333333333
 30
0.0
 11
67850.0
 21
102533.3333333333
 31
0.0
  0
LINE
  5
14D7
330
17
100
AcDbEntity
  8
ARR_SECONDARY
100
AcDbLine
 10
68000.0
 20
102533.3333333333
 30
0.0
 11
68350.0
 21
102533.3333333333
 31
0.0
  0
LINE
  5
14D8
330
17
100
AcDbEntity
  8
ARR_SECONDARY
100
AcDbLine
 10
68500.0
 20
102533.3333333333
 30
0.0
 11
68850.0
 21
102533.3333333333
 31
0.0
  0
LINE
  5
14D9
330
17
100
AcDbEntity
  8
ARR_SECONDARY
100
AcDbLine
 10
69000.0
 20
102533.3333333333
 30
0.0
 11
69350.0
 21
102533.3333333333
 31
0.0
  0
LINE
  5
14DA
330
17
100
AcDbEntity
  8
ARR_SECONDARY
100
AcDbLine
 10
69500.0
 20
102533.3333333333
 30
0.0
 11
69850.0
 21
102533.3333333333
 31
0.0
  0
LINE
  5
14DB
330
17
100
AcDbEntity
  8
ARR_SECONDARY
100
AcDbLine
 10
70000.0
 20
102533.3333333333
 30
0.0
 11
70350.0
 21
102533.3333333333
 31
0.0
  0
LINE
  5
14DC
330
17
100
AcDbEntity
  8
ARR_SECONDARY
100
AcDbLine
 10
70500.0
 20
102533.3333333333
 30
0.0
 11
70850.0
 21
102533.3333333333
 31
0.0
  0
LINE
  5
14DD
330
17
100
AcDbEntity
  8
ARR_SECONDARY
100
AcDbLine
 10
71000.0
 20
102533.3333333333
 30
0.0
 11
71350.0
 21
102533.3333333333
 31
0.0
  0
LINE
  5
14DE
330
17
100
AcDbEntity
  8
ARR_SECONDARY
100
AcDbLine
 10
71500.0
 20
102533.3333333333
 30
0.0
 11
71850.0
 21
102533.3333333333
 31
0.0
  0
LINE
  5
14DF
330
17
100
AcDbEntity
  8
ARR_SECONDARY
100
AcDbLine
 10
72000.0
 20
102533.3333333333
 30
0.0
 11
72350.0
 21
102533.3333333333
 31
0.0
  0
LINE
  5
14E0
330
17
100
AcDbEntity
  8
ARR_SECONDARY
100
AcDbLine
 10
72500.0
 20
102533.3333333333
 30
0.0
 11
72850.0
 21
102533.3333333333
 31
0.0
  0
LINE
  5
14E1
330
17
100
AcDbEntity
  8
ARR_SECONDARY
100
AcDbLine
 10
73000.0
 20
102533.3333333333
 30
0.0
 11
73350.0
 21
102533.3333333333
 31
0.0
  0
LINE
  5
14E2
330
17
100
AcDbEntity
  8
ARR_SECONDARY
100
AcDbLine
 10
73500.0
 20
102533.3333333333
 30
0.0
 11
73850.0
 21
102533.3333333333
 31
0.0
  0
LINE
  5
14E3
330
17
100
AcDbEntity
  8
ARR_SECONDARY
100
AcDbLine
 10
74000.0
 20
102533.3333333333
 30
0.0
 11
74350.0
 21
102533.3333333333
 31
0.0
  0
LINE
  5
14E4
330
17
100
AcDbEntity
  8
ARR_SECONDARY
100
AcDbLine
 10
74500.0
 20
102533.3333333333
 30
0.0
 11
74850.0
 21
102533.3333333333
 31
0.0
  0
LINE
  5
14E5
330
17
100
AcDbEntity
  8
ARR_SECONDARY
100
AcDbLine
 10
75000.0
 20
102533.3333333333
 30
0.0
 11
75350.0
 21
102533.3333333333
 31
0.0
  0
LINE
  5
14E6
330
17
100
AcDbEntity
  8
ARR_SECONDARY
100
AcDbLine
 10
75500.0
 20
102533.3333333333
 30
0.0
 11
75850.0
 21
102533.3333333333
 31
0.0
  0
LINE
  5
14E7
330
17
100
AcDbEntity
  8
ARR_SECONDARY
100
AcDbLine
 10
76000.0
 20
102533.3333333333
 30
0.0
 11
76350.0
 21
102533.3333333333
 31
0.0
  0
LINE
  5
14E8
330
17
100
AcDbEntity
  8
ARR_SECONDARY
100
AcDbLine
 10
76500.0
 20
102533.3333333333
 30
0.0
 11
76850.0
 21
102533.3333333333
 31
0.0
  0
LINE
  5
14E9
330
17
100
AcDbEntity
  8
ARR_SECONDARY
100
AcDbLine
 10
77000.0
 20
102533.3333333333
 30
0.0
 11
77350.0
 21
102533.3333333333
 31
0.0
  0
LINE
  5
14EA
330
17
100
AcDbEntity
  8
ARR_SECONDARY
100
AcDbLine
 10
77500.0
 20
102533.3333333333
 30
0.0
 11
77850.0
 21
102533.3333333333
 31
0.0
  0
LINE
  5
14EB
330
17
100
AcDbEntity
  8
ARR_SECONDARY
100
AcDbLine
 10
78000.0
 20
102533.3333333333
 30
0.0
 11
78350.0
 21
102533.3333333333
 31
0.0
  0
LINE
  5
14EC
330
17
100
AcDbEntity
  8
ARR_SECONDARY
100
AcDbLine
 10
78500.0
 20
102533.3333333333
 30
0.0
 11
78850.0
 21
102533.3333333333
 31
0.0
  0
LINE
  5
14ED
330
17
100
AcDbEntity
  8
ARR_SECONDARY
100
AcDbLine
 10
79000.0
 20
102533.3333333333
 30
0.0
 11
79350.0
 21
102533.3333333333
 31
0.0
  0
LINE
  5
14EE
330
17
100
AcDbEntity
  8
ARR_SECONDARY
100
AcDbLine
 10
79500.0
 20
102533.3333333333
 30
0.0
 11
79850.0
 21
102533.3333333333
 31
0.0
  0
LINE
  5
14EF
330
17
100
AcDbEntity
  8
ARR_SECONDARY
100
AcDbLine
 10
80000.0
 20
102533.3333333333
 30
0.0
 11
80350.0
 21
102533.3333333333
 31
0.0
  0
LINE
  5
14F0
330
17
100
AcDbEntity
  8
ARR_SECONDARY
100
AcDbLine
 10
80500.0
 20
102533.3333333333
 30
0.0
 11
80850.0
 21
102533.3333333333
 31
0.0
  0
LINE
  5
14F1
330
17
100
AcDbEntity
  8
ARR_SECONDARY
100
AcDbLine
 10
81000.0
 20
102533.3333333333
 30
0.0
 11
81350.0
 21
102533.3333333333
 31
0.0
  0
LINE
  5
14F2
330
17
100
AcDbEntity
  8
ARR_SECONDARY
100
AcDbLine
 10
81500.0
 20
102533.3333333333
 30
0.0
 11
81850.0
 21
102533.3333333333
 31
0.0
  0
LINE
  5
14F3
330
17
100
AcDbEntity
  8
ARR_SECONDARY
100
AcDbLine
 10
82000.0
 20
102533.3333333333
 30
0.0
 11
82350.0
 21
102533.3333333333
 31
0.0
  0
LINE
  5
14F4
330
17
100
AcDbEntity
  8
ARR_SECONDARY
100
AcDbLine
 10
82500.0
 20
102533.3333333333
 30
0.0
 11
82850.0
 21
102533.3333333333
 31
0.0
  0
LINE
  5
14F5
330
17
100
AcDbEntity
  8
ARR_SECONDARY
100
AcDbLine
 10
83000.0
 20
102533.3333333333
 30
0.0
 11
83350.0
 21
102533.3333333333
 31
0.0
  0
LINE
  5
14F6
330
17
100
AcDbEntity
  8
ARR_SECONDARY
100
AcDbLine
 10
83500.0
 20
102533.3333333333
 30
0.0
 11
83850.0
 21
102533.3333333333
 31
0.0
  0
LINE
  5
14F7
330
17
100
AcDbEntity
  8
ARR_SECONDARY
100
AcDbLine
 10
66000.0
 20
103300.0
 30
0.0
 11
66350.0
 21
103300.0
 31
0.0
  0
LINE
  5
14F8
330
17
100
AcDbEntity
  8
ARR_SECONDARY
100
AcDbLine
 10
66500.0
 20
103300.0
 30
0.0
 11
66850.0
 21
103300.0
 31
0.0
  0
LINE
  5
14F9
330
17
100
AcDbEntity
  8
ARR_SECONDARY
100
AcDbLine
 10
67000.0
 20
103300.0
 30
0.0
 11
67350.0
 21
103300.0
 31
0.0
  0
LINE
  5
14FA
330
17
100
AcDbEntity
  8
ARR_SECONDARY
100
AcDbLine
 10
67500.0
 20
103300.0
 30
0.0
 11
67850.0
 21
103300.0
 31
0.0
  0
LINE
  5
14FB
330
17
100
AcDbEntity
  8
ARR_SECONDARY
100
AcDbLine
 10
68000.0
 20
103300.0
 30
0.0
 11
68350.0
 21
103300.0
 31
0.0
  0
LINE
  5
14FC
330
17
100
AcDbEntity
  8
ARR_SECONDARY
100
AcDbLine
 10
68500.0
 20
103300.0
 30
0.0
 11
68850.0
 21
103300.0
 31
0.0
  0
LINE
  5
14FD
330
17
100
AcDbEntity
  8
ARR_SECONDARY
100
AcDbLine
 10
69000.0
 20
103300.0
 30
0.0
 11
69350.0
 21
103300.0
 31
0.0
  0
LINE
  5
14FE
330
17
100
AcDbEntity
  8
ARR_SECONDARY
100
AcDbLine
 10
69500.0
 20
103300.0
 30
0.0
 11
69850.0
 21
103300.0
 31
0.0
  0
LINE
  5
14FF
330
17
100
AcDbEntity
  8
ARR_SECONDARY
100
AcDbLine
 10
70000.0
 20
103300.0
 30
0.0
 11
70350.0
 21
103300.0
 31
0.0
  0
LINE
  5
1500
330
17
100
AcDbEntity
  8
ARR_SECONDARY
100
AcDbLine
 10
70500.0
 20
103300.0
 30
0.0
 11
70850.0
 21
103300.0
 31
0.0
  0
LINE
  5
1501
330
17
100
AcDbEntity
  8
ARR_SECONDARY
100
AcDbLine
 10
71000.0
 20
103300.0
 30
0.0
 11
71350.0
 21
103300.0
 31
0.0
  0
LINE
  5
1502
330
17
100
AcDbEntity
  8
ARR_SECONDARY
100
AcDbLine
 10
71500.0
 20
103300.0
 30
0.0
 11
71850.0
 21
103300.0
 31
0.0
  0
LINE
  5
1503
330
17
100
AcDbEntity
  8
ARR_SECONDARY
100
AcDbLine
 10
72000.0
 20
103300.0
 30
0.0
 11
72350.0
 21
103300.0
 31
0.0
  0
LINE
  5
1504
330
17
100
AcDbEntity
  8
ARR_SECONDARY
100
AcDbLine
 10
72500.0
 20
103300.0
 30
0.0
 11
72850.0
 21
103300.0
 31
0.0
  0
LINE
  5
1505
330
17
100
AcDbEntity
  8
ARR_SECONDARY
100
AcDbLine
 10
73000.0
 20
103300.0
 30
0.0
 11
73350.0
 21
103300.0
 31
0.0
  0
LINE
  5
1506
330
17
100
AcDbEntity
  8
ARR_SECONDARY
100
AcDbLine
 10
73500.0
 20
103300.0
 30
0.0
 11
73850.0
 21
103300.0
 31
0.0
  0
LINE
  5
1507
330
17
100
AcDbEntity
  8
ARR_SECONDARY
100
AcDbLine
 10
74000.0
 20
103300.0
 30
0.0
 11
74350.0
 21
103300.0
 31
0.0
  0
LINE
  5
1508
330
17
100
AcDbEntity
  8
ARR_SECONDARY
100
AcDbLine
 10
74500.0
 20
103300.0
 30
0.0
 11
74850.0
 21
103300.0
 31
0.0
  0
LINE
  5
1509
330
17
100
AcDbEntity
  8
ARR_SECONDARY
100
AcDbLine
 10
75000.0
 20
103300.0
 30
0.0
 11
75350.0
 21
103300.0
 31
0.0
  0
LINE
  5
150A
330
17
100
AcDbEntity
  8
ARR_SECONDARY
100
AcDbLine
 10
75500.0
 20
103300.0
 30
0.0
 11
75850.0
 21
103300.0
 31
0.0
  0
LINE
  5
150B
330
17
100
AcDbEntity
  8
ARR_SECONDARY
100
AcDbLine
 10
76000.0
 20
103300.0
 30
0.0
 11
76350.0
 21
103300.0
 31
0.0
  0
LINE
  5
150C
330
17
100
AcDbEntity
  8
ARR_SECONDARY
100
AcDbLine
 10
76500.0
 20
103300.0
 30
0.0
 11
76850.0
 21
103300.0
 31
0.0
  0
LINE
  5
150D
330
17
100
AcDbEntity
  8
ARR_SECONDARY
100
AcDbLine
 10
77000.0
 20
103300.0
 30
0.0
 11
77350.0
 21
103300.0
 31
0.0
  0
LINE
  5
150E
330
17
100
AcDbEntity
  8
ARR_SECONDARY
100
AcDbLine
 10
77500.0
 20
103300.0
 30
0.0
 11
77850.0
 21
103300.0
 31
0.0
  0
LINE
  5
150F
330
17
100
AcDbEntity
  8
ARR_SECONDARY
100
AcDbLine
 10
78000.0
 20
103300.0
 30
0.0
 11
78350.0
 21
103300.0
 31
0.0
  0
LINE
  5
1510
330
17
100
AcDbEntity
  8
ARR_SECONDARY
100
AcDbLine
 10
78500.0
 20
103300.0
 30
0.0
 11
78850.0
 21
103300.0
 31
0.0
  0
LINE
  5
1511
330
17
100
AcDbEntity
  8
ARR_SECONDARY
100
AcDbLine
 10
79000.0
 20
103300.0
 30
0.0
 11
79350.0
 21
103300.0
 31
0.0
  0
LINE
  5
1512
330
17
100
AcDbEntity
  8
ARR_SECONDARY
100
AcDbLine
 10
79500.0
 20
103300.0
 30
0.0
 11
79850.0
 21
103300.0
 31
0.0
  0
LINE
  5
1513
330
17
100
AcDbEntity
  8
ARR_SECONDARY
100
AcDbLine
 10
80000.0
 20
103300.0
 30
0.0
 11
80350.0
 21
103300.0
 31
0.0
  0
LINE
  5
1514
330
17
100
AcDbEntity
  8
ARR_SECONDARY
100
AcDbLine
 10
80500.0
 20
103300.0
 30
0.0
 11
80850.0
 21
103300.0
 31
0.0
  0
LINE
  5
1515
330
17
100
AcDbEntity
  8
ARR_SECONDARY
100
AcDbLine
 10
81000.0
 20
103300.0
 30
0.0
 11
81350.0
 21
103300.0
 31
0.0
  0
LINE
  5
1516
330
17
100
AcDbEntity
  8
ARR_SECONDARY
100
AcDbLine
 10
81500.0
 20
103300.0
 30
0.0
 11
81850.0
 21
103300.0
 31
0.0
  0
LINE
  5
1517
330
17
100
AcDbEntity
  8
ARR_SECONDARY
100
AcDbLine
 10
82000.0
 20
103300.0
 30
0.0
 11
82350.0
 21
103300.0
 31
0.0
  0
LINE
  5
1518
330
17
100
AcDbEntity
  8
ARR_SECONDARY
100
AcDbLine
 10
82500.0
 20
103300.0
 30
0.0
 11
82850.0
 21
103300.0
 31
0.0
  0
LINE
  5
1519
330
17
100
AcDbEntity
  8
ARR_SECONDARY
100
AcDbLine
 10
83000.0
 20
103300.0
 30
0.0
 11
83350.0
 21
103300.0
 31
0.0
  0
LINE
  5
151A
330
17
100
AcDbEntity
  8
ARR_SECONDARY
100
AcDbLine
 10
83500.0
 20
103300.0
 30
0.0
 11
83850.0
 21
103300.0
 31
0.0
  0
LINE
  5
151B
330
17
100
AcDbEntity
  8
ARR_SECONDARY
100
AcDbLine
 10
66000.0
 20
104066.6666666667
 30
0.0
 11
66350.0
 21
104066.6666666667
 31
0.0
  0
LINE
  5
151C
330
17
100
AcDbEntity
  8
ARR_SECONDARY
100
AcDbLine
 10
66500.0
 20
104066.6666666667
 30
0.0
 11
66850.0
 21
104066.6666666667
 31
0.0
  0
LINE
  5
151D
330
17
100
AcDbEntity
  8
ARR_SECONDARY
100
AcDbLine
 10
67000.0
 20
104066.6666666667
 30
0.0
 11
67350.0
 21
104066.6666666667
 31
0.0
  0
LINE
  5
151E
330
17
100
AcDbEntity
  8
ARR_SECONDARY
100
AcDbLine
 10
67500.0
 20
104066.6666666667
 30
0.0
 11
67850.0
 21
104066.6666666667
 31
0.0
  0
LINE
  5
151F
330
17
100
AcDbEntity
  8
ARR_SECONDARY
100
AcDbLine
 10
68000.0
 20
104066.6666666667
 30
0.0
 11
68350.0
 21
104066.6666666667
 31
0.0
  0
LINE
  5
1520
330
17
100
AcDbEntity
  8
ARR_SECONDARY
100
AcDbLine
 10
68500.0
 20
104066.6666666667
 30
0.0
 11
68850.0
 21
104066.6666666667
 31
0.0
  0
LINE
  5
1521
330
17
100
AcDbEntity
  8
ARR_SECONDARY
100
AcDbLine
 10
69000.0
 20
104066.6666666667
 30
0.0
 11
69350.0
 21
104066.6666666667
 31
0.0
  0
LINE
  5
1522
330
17
100
AcDbEntity
  8
ARR_SECONDARY
100
AcDbLine
 10
69500.0
 20
104066.6666666667
 30
0.0
 11
69850.0
 21
104066.6666666667
 31
0.0
  0
LINE
  5
1523
330
17
100
AcDbEntity
  8
ARR_SECONDARY
100
AcDbLine
 10
70000.0
 20
104066.6666666667
 30
0.0
 11
70350.0
 21
104066.6666666667
 31
0.0
  0
LINE
  5
1524
330
17
100
AcDbEntity
  8
ARR_SECONDARY
100
AcDbLine
 10
70500.0
 20
104066.6666666667
 30
0.0
 11
70850.0
 21
104066.6666666667
 31
0.0
  0
LINE
  5
1525
330
17
100
AcDbEntity
  8
ARR_SECONDARY
100
AcDbLine
 10
71000.0
 20
104066.6666666667
 30
0.0
 11
71350.0
 21
104066.6666666667
 31
0.0
  0
LINE
  5
1526
330
17
100
AcDbEntity
  8
ARR_SECONDARY
100
AcDbLine
 10
71500.0
 20
104066.6666666667
 30
0.0
 11
71850.0
 21
104066.6666666667
 31
0.0
  0
LINE
  5
1527
330
17
100
AcDbEntity
  8
ARR_SECONDARY
100
AcDbLine
 10
72000.0
 20
104066.6666666667
 30
0.0
 11
72350.0
 21
104066.6666666667
 31
0.0
  0
LINE
  5
1528
330
17
100
AcDbEntity
  8
ARR_SECONDARY
100
AcDbLine
 10
72500.0
 20
104066.6666666667
 30
0.0
 11
72850.0
 21
104066.6666666667
 31
0.0
  0
LINE
  5
1529
330
17
100
AcDbEntity
  8
ARR_SECONDARY
100
AcDbLine
 10
73000.0
 20
104066.6666666667
 30
0.0
 11
73350.0
 21
104066.6666666667
 31
0.0
  0
LINE
  5
152A
330
17
100
AcDbEntity
  8
ARR_SECONDARY
100
AcDbLine
 10
73500.0
 20
104066.6666666667
 30
0.0
 11
73850.0
 21
104066.6666666667
 31
0.0
  0
LINE
  5
152B
330
17
100
AcDbEntity
  8
ARR_SECONDARY
100
AcDbLine
 10
74000.0
 20
104066.6666666667
 30
0.0
 11
74350.0
 21
104066.6666666667
 31
0.0
  0
LINE
  5
152C
330
17
100
AcDbEntity
  8
ARR_SECONDARY
100
AcDbLine
 10
74500.0
 20
104066.6666666667
 30
0.0
 11
74850.0
 21
104066.6666666667
 31
0.0
  0
LINE
  5
152D
330
17
100
AcDbEntity
  8
ARR_SECONDARY
100
AcDbLine
 10
75000.0
 20
104066.6666666667
 30
0.0
 11
75350.0
 21
104066.6666666667
 31
0.0
  0
LINE
  5
152E
330
17
100
AcDbEntity
  8
ARR_SECONDARY
100
AcDbLine
 10
75500.0
 20
104066.6666666667
 30
0.0
 11
75850.0
 21
104066.6666666667
 31
0.0
  0
LINE
  5
152F
330
17
100
AcDbEntity
  8
ARR_SECONDARY
100
AcDbLine
 10
76000.0
 20
104066.6666666667
 30
0.0
 11
76350.0
 21
104066.6666666667
 31
0.0
  0
LINE
  5
1530
330
17
100
AcDbEntity
  8
ARR_SECONDARY
100
AcDbLine
 10
76500.0
 20
104066.6666666667
 30
0.0
 11
76850.0
 21
104066.6666666667
 31
0.0
  0
LINE
  5
1531
330
17
100
AcDbEntity
  8
ARR_SECONDARY
100
AcDbLine
 10
77000.0
 20
104066.6666666667
 30
0.0
 11
77350.0
 21
104066.6666666667
 31
0.0
  0
LINE
  5
1532
330
17
100
AcDbEntity
  8
ARR_SECONDARY
100
AcDbLine
 10
77500.0
 20
104066.6666666667
 30
0.0
 11
77850.0
 21
104066.6666666667
 31
0.0
  0
LINE
  5
1533
330
17
100
AcDbEntity
  8
ARR_SECONDARY
100
AcDbLine
 10
78000.0
 20
104066.6666666667
 30
0.0
 11
78350.0
 21
104066.6666666667
 31
0.0
  0
LINE
  5
1534
330
17
100
AcDbEntity
  8
ARR_SECONDARY
100
AcDbLine
 10
78500.0
 20
104066.6666666667
 30
0.0
 11
78850.0
 21
104066.6666666667
 31
0.0
  0
LINE
  5
1535
330
17
100
AcDbEntity
  8
ARR_SECONDARY
100
AcDbLine
 10
79000.0
 20
104066.6666666667
 30
0.0
 11
79350.0
 21
104066.6666666667
 31
0.0
  0
LINE
  5
1536
330
17
100
AcDbEntity
  8
ARR_SECONDARY
100
AcDbLine
 10
79500.0
 20
104066.6666666667
 30
0.0
 11
79850.0
 21
104066.6666666667
 31
0.0
  0
LINE
  5
1537
330
17
100
AcDbEntity
  8
ARR_SECONDARY
100
AcDbLine
 10
80000.0
 20
104066.6666666667
 30
0.0
 11
80350.0
 21
104066.6666666667
 31
0.0
  0
LINE
  5
1538
330
17
100
AcDbEntity
  8
ARR_SECONDARY
100
AcDbLine
 10
80500.0
 20
104066.6666666667
 30
0.0
 11
80850.0
 21
104066.6666666667
 31
0.0
  0
LINE
  5
1539
330
17
100
AcDbEntity
  8
ARR_SECONDARY
100
AcDbLine
 10
81000.0
 20
104066.6666666667
 30
0.0
 11
81350.0
 21
104066.6666666667
 31
0.0
  0
LINE
  5
153A
330
17
100
AcDbEntity
  8
ARR_SECONDARY
100
AcDbLine
 10
81500.0
 20
104066.6666666667
 30
0.0
 11
81850.0
 21
104066.6666666667
 31
0.0
  0
LINE
  5
153B
330
17
100
AcDbEntity
  8
ARR_SECONDARY
100
AcDbLine
 10
82000.0
 20
104066.6666666667
 30
0.0
 11
82350.0
 21
104066.6666666667
 31
0.0
  0
LINE
  5
153C
330
17
100
AcDbEntity
  8
ARR_SECONDARY
100
AcDbLine
 10
82500.0
 20
104066.6666666667
 30
0.0
 11
82850.0
 21
104066.6666666667
 31
0.0
  0
LINE
  5
153D
330
17
100
AcDbEntity
  8
ARR_SECONDARY
100
AcDbLine
 10
83000.0
 20
104066.6666666667
 30
0.0
 11
83350.0
 21
104066.6666666667
 31
0.0
  0
LINE
  5
153E
330
17
100
AcDbEntity
  8
ARR_SECONDARY
100
AcDbLine
 10
83500.0
 20
104066.6666666667
 30
0.0
 11
83850.0
 21
104066.6666666667
 31
0.0
  0
LINE
  5
153F
330
17
100
AcDbEntity
  8
ARR_SECONDARY
100
AcDbLine
 10
66000.0
 20
104833.3333333333
 30
0.0
 11
66350.0
 21
104833.3333333333
 31
0.0
  0
LINE
  5
1540
330
17
100
AcDbEntity
  8
ARR_SECONDARY
100
AcDbLine
 10
66500.0
 20
104833.3333333333
 30
0.0
 11
66850.0
 21
104833.3333333333
 31
0.0
  0
LINE
  5
1541
330
17
100
AcDbEntity
  8
ARR_SECONDARY
100
AcDbLine
 10
67000.0
 20
104833.3333333333
 30
0.0
 11
67350.0
 21
104833.3333333333
 31
0.0
  0
LINE
  5
1542
330
17
100
AcDbEntity
  8
ARR_SECONDARY
100
AcDbLine
 10
67500.0
 20
104833.3333333333
 30
0.0
 11
67850.0
 21
104833.3333333333
 31
0.0
  0
LINE
  5
1543
330
17
100
AcDbEntity
  8
ARR_SECONDARY
100
AcDbLine
 10
68000.0
 20
104833.3333333333
 30
0.0
 11
68350.0
 21
104833.3333333333
 31
0.0
  0
LINE
  5
1544
330
17
100
AcDbEntity
  8
ARR_SECONDARY
100
AcDbLine
 10
68500.0
 20
104833.3333333333
 30
0.0
 11
68850.0
 21
104833.3333333333
 31
0.0
  0
LINE
  5
1545
330
17
100
AcDbEntity
  8
ARR_SECONDARY
100
AcDbLine
 10
69000.0
 20
104833.3333333333
 30
0.0
 11
69350.0
 21
104833.3333333333
 31
0.0
  0
LINE
  5
1546
330
17
100
AcDbEntity
  8
ARR_SECONDARY
100
AcDbLine
 10
69500.0
 20
104833.3333333333
 30
0.0
 11
69850.0
 21
104833.3333333333
 31
0.0
  0
LINE
  5
1547
330
17
100
AcDbEntity
  8
ARR_SECONDARY
100
AcDbLine
 10
70000.0
 20
104833.3333333333
 30
0.0
 11
70350.0
 21
104833.3333333333
 31
0.0
  0
LINE
  5
1548
330
17
100
AcDbEntity
  8
ARR_SECONDARY
100
AcDbLine
 10
70500.0
 20
104833.3333333333
 30
0.0
 11
70850.0
 21
104833.3333333333
 31
0.0
  0
LINE
  5
1549
330
17
100
AcDbEntity
  8
ARR_SECONDARY
100
AcDbLine
 10
71000.0
 20
104833.3333333333
 30
0.0
 11
71350.0
 21
104833.3333333333
 31
0.0
  0
LINE
  5
154A
330
17
100
AcDbEntity
  8
ARR_SECONDARY
100
AcDbLine
 10
71500.0
 20
104833.3333333333
 30
0.0
 11
71850.0
 21
104833.3333333333
 31
0.0
  0
LINE
  5
154B
330
17
100
AcDbEntity
  8
ARR_SECONDARY
100
AcDbLine
 10
72000.0
 20
104833.3333333333
 30
0.0
 11
72350.0
 21
104833.3333333333
 31
0.0
  0
LINE
  5
154C
330
17
100
AcDbEntity
  8
ARR_SECONDARY
100
AcDbLine
 10
72500.0
 20
104833.3333333333
 30
0.0
 11
72850.0
 21
104833.3333333333
 31
0.0
  0
LINE
  5
154D
330
17
100
AcDbEntity
  8
ARR_SECONDARY
100
AcDbLine
 10
73000.0
 20
104833.3333333333
 30
0.0
 11
73350.0
 21
104833.3333333333
 31
0.0
  0
LINE
  5
154E
330
17
100
AcDbEntity
  8
ARR_SECONDARY
100
AcDbLine
 10
73500.0
 20
104833.3333333333
 30
0.0
 11
73850.0
 21
104833.3333333333
 31
0.0
  0
LINE
  5
154F
330
17
100
AcDbEntity
  8
ARR_SECONDARY
100
AcDbLine
 10
74000.0
 20
104833.3333333333
 30
0.0
 11
74350.0
 21
104833.3333333333
 31
0.0
  0
LINE
  5
1550
330
17
100
AcDbEntity
  8
ARR_SECONDARY
100
AcDbLine
 10
74500.0
 20
104833.3333333333
 30
0.0
 11
74850.0
 21
104833.3333333333
 31
0.0
  0
LINE
  5
1551
330
17
100
AcDbEntity
  8
ARR_SECONDARY
100
AcDbLine
 10
75000.0
 20
104833.3333333333
 30
0.0
 11
75350.0
 21
104833.3333333333
 31
0.0
  0
LINE
  5
1552
330
17
100
AcDbEntity
  8
ARR_SECONDARY
100
AcDbLine
 10
75500.0
 20
104833.3333333333
 30
0.0
 11
75850.0
 21
104833.3333333333
 31
0.0
  0
LINE
  5
1553
330
17
100
AcDbEntity
  8
ARR_SECONDARY
100
AcDbLine
 10
76000.0
 20
104833.3333333333
 30
0.0
 11
76350.0
 21
104833.3333333333
 31
0.0
  0
LINE
  5
1554
330
17
100
AcDbEntity
  8
ARR_SECONDARY
100
AcDbLine
 10
76500.0
 20
104833.3333333333
 30
0.0
 11
76850.0
 21
104833.3333333333
 31
0.0
  0
LINE
  5
1555
330
17
100
AcDbEntity
  8
ARR_SECONDARY
100
AcDbLine
 10
77000.0
 20
104833.3333333333
 30
0.0
 11
77350.0
 21
104833.3333333333
 31
0.0
  0
LINE
  5
1556
330
17
100
AcDbEntity
  8
ARR_SECONDARY
100
AcDbLine
 10
77500.0
 20
104833.3333333333
 30
0.0
 11
77850.0
 21
104833.3333333333
 31
0.0
  0
LINE
  5
1557
330
17
100
AcDbEntity
  8
ARR_SECONDARY
100
AcDbLine
 10
78000.0
 20
104833.3333333333
 30
0.0
 11
78350.0
 21
104833.3333333333
 31
0.0
  0
LINE
  5
1558
330
17
100
AcDbEntity
  8
ARR_SECONDARY
100
AcDbLine
 10
78500.0
 20
104833.3333333333
 30
0.0
 11
78850.0
 21
104833.3333333333
 31
0.0
  0
LINE
  5
1559
330
17
100
AcDbEntity
  8
ARR_SECONDARY
100
AcDbLine
 10
79000.0
 20
104833.3333333333
 30
0.0
 11
79350.0
 21
104833.3333333333
 31
0.0
  0
LINE
  5
155A
330
17
100
AcDbEntity
  8
ARR_SECONDARY
100
AcDbLine
 10
79500.0
 20
104833.3333333333
 30
0.0
 11
79850.0
 21
104833.3333333333
 31
0.0
  0
LINE
  5
155B
330
17
100
AcDbEntity
  8
ARR_SECONDARY
100
AcDbLine
 10
80000.0
 20
104833.3333333333
 30
0.0
 11
80350.0
 21
104833.3333333333
 31
0.0
  0
LINE
  5
155C
330
17
100
AcDbEntity
  8
ARR_SECONDARY
100
AcDbLine
 10
80500.0
 20
104833.3333333333
 30
0.0
 11
80850.0
 21
104833.3333333333
 31
0.0
  0
LINE
  5
155D
330
17
100
AcDbEntity
  8
ARR_SECONDARY
100
AcDbLine
 10
81000.0
 20
104833.3333333333
 30
0.0
 11
81350.0
 21
104833.3333333333
 31
0.0
  0
LINE
  5
155E
330
17
100
AcDbEntity
  8
ARR_SECONDARY
100
AcDbLine
 10
81500.0
 20
104833.3333333333
 30
0.0
 11
81850.0
 21
104833.3333333333
 31
0.0
  0
LINE
  5
155F
330
17
100
AcDbEntity
  8
ARR_SECONDARY
100
AcDbLine
 10
82000.0
 20
104833.3333333333
 30
0.0
 11
82350.0
 21
104833.3333333333
 31
0.0
  0
LINE
  5
1560
330
17
100
AcDbEntity
  8
ARR_SECONDARY
100
AcDbLine
 10
82500.0
 20
104833.3333333333
 30
0.0
 11
82850.0
 21
104833.3333333333
 31
0.0
  0
LINE
  5
1561
330
17
100
AcDbEntity
  8
ARR_SECONDARY
100
AcDbLine
 10
83000.0
 20
104833.3333333333
 30
0.0
 11
83350.0
 21
104833.3333333333
 31
0.0
  0
LINE
  5
1562
330
17
100
AcDbEntity
  8
ARR_SECONDARY
100
AcDbLine
 10
83500.0
 20
104833.3333333333
 30
0.0
 11
83850.0
 21
104833.3333333333
 31
0.0
  0
LINE
  5
1563
330
17
100
AcDbEntity
  8
ARR_SECONDARY
100
AcDbLine
 10
66000.0
 20
105600.0
 30
0.0
 11
66350.0
 21
105600.0
 31
0.0
  0
LINE
  5
1564
330
17
100
AcDbEntity
  8
ARR_SECONDARY
100
AcDbLine
 10
66500.0
 20
105600.0
 30
0.0
 11
66850.0
 21
105600.0
 31
0.0
  0
LINE
  5
1565
330
17
100
AcDbEntity
  8
ARR_SECONDARY
100
AcDbLine
 10
67000.0
 20
105600.0
 30
0.0
 11
67350.0
 21
105600.0
 31
0.0
  0
LINE
  5
1566
330
17
100
AcDbEntity
  8
ARR_SECONDARY
100
AcDbLine
 10
67500.0
 20
105600.0
 30
0.0
 11
67850.0
 21
105600.0
 31
0.0
  0
LINE
  5
1567
330
17
100
AcDbEntity
  8
ARR_SECONDARY
100
AcDbLine
 10
68000.0
 20
105600.0
 30
0.0
 11
68350.0
 21
105600.0
 31
0.0
  0
LINE
  5
1568
330
17
100
AcDbEntity
  8
ARR_SECONDARY
100
AcDbLine
 10
68500.0
 20
105600.0
 30
0.0
 11
68850.0
 21
105600.0
 31
0.0
  0
LINE
  5
1569
330
17
100
AcDbEntity
  8
ARR_SECONDARY
100
AcDbLine
 10
69000.0
 20
105600.0
 30
0.0
 11
69350.0
 21
105600.0
 31
0.0
  0
LINE
  5
156A
330
17
100
AcDbEntity
  8
ARR_SECONDARY
100
AcDbLine
 10
69500.0
 20
105600.0
 30
0.0
 11
69850.0
 21
105600.0
 31
0.0
  0
LINE
  5
156B
330
17
100
AcDbEntity
  8
ARR_SECONDARY
100
AcDbLine
 10
70000.0
 20
105600.0
 30
0.0
 11
70350.0
 21
105600.0
 31
0.0
  0
LINE
  5
156C
330
17
100
AcDbEntity
  8
ARR_SECONDARY
100
AcDbLine
 10
70500.0
 20
105600.0
 30
0.0
 11
70850.0
 21
105600.0
 31
0.0
  0
LINE
  5
156D
330
17
100
AcDbEntity
  8
ARR_SECONDARY
100
AcDbLine
 10
71000.0
 20
105600.0
 30
0.0
 11
71350.0
 21
105600.0
 31
0.0
  0
LINE
  5
156E
330
17
100
AcDbEntity
  8
ARR_SECONDARY
100
AcDbLine
 10
71500.0
 20
105600.0
 30
0.0
 11
71850.0
 21
105600.0
 31
0.0
  0
LINE
  5
156F
330
17
100
AcDbEntity
  8
ARR_SECONDARY
100
AcDbLine
 10
72000.0
 20
105600.0
 30
0.0
 11
72350.0
 21
105600.0
 31
0.0
  0
LINE
  5
1570
330
17
100
AcDbEntity
  8
ARR_SECONDARY
100
AcDbLine
 10
72500.0
 20
105600.0
 30
0.0
 11
72850.0
 21
105600.0
 31
0.0
  0
LINE
  5
1571
330
17
100
AcDbEntity
  8
ARR_SECONDARY
100
AcDbLine
 10
73000.0
 20
105600.0
 30
0.0
 11
73350.0
 21
105600.0
 31
0.0
  0
LINE
  5
1572
330
17
100
AcDbEntity
  8
ARR_SECONDARY
100
AcDbLine
 10
73500.0
 20
105600.0
 30
0.0
 11
73850.0
 21
105600.0
 31
0.0
  0
LINE
  5
1573
330
17
100
AcDbEntity
  8
ARR_SECONDARY
100
AcDbLine
 10
74000.0
 20
105600.0
 30
0.0
 11
74350.0
 21
105600.0
 31
0.0
  0
LINE
  5
1574
330
17
100
AcDbEntity
  8
ARR_SECONDARY
100
AcDbLine
 10
74500.0
 20
105600.0
 30
0.0
 11
74850.0
 21
105600.0
 31
0.0
  0
LINE
  5
1575
330
17
100
AcDbEntity
  8
ARR_SECONDARY
100
AcDbLine
 10
75000.0
 20
105600.0
 30
0.0
 11
75350.0
 21
105600.0
 31
0.0
  0
LINE
  5
1576
330
17
100
AcDbEntity
  8
ARR_SECONDARY
100
AcDbLine
 10
75500.0
 20
105600.0
 30
0.0
 11
75850.0
 21
105600.0
 31
0.0
  0
LINE
  5
1577
330
17
100
AcDbEntity
  8
ARR_SECONDARY
100
AcDbLine
 10
76000.0
 20
105600.0
 30
0.0
 11
76350.0
 21
105600.0
 31
0.0
  0
LINE
  5
1578
330
17
100
AcDbEntity
  8
ARR_SECONDARY
100
AcDbLine
 10
76500.0
 20
105600.0
 30
0.0
 11
76850.0
 21
105600.0
 31
0.0
  0
LINE
  5
1579
330
17
100
AcDbEntity
  8
ARR_SECONDARY
100
AcDbLine
 10
77000.0
 20
105600.0
 30
0.0
 11
77350.0
 21
105600.0
 31
0.0
  0
LINE
  5
157A
330
17
100
AcDbEntity
  8
ARR_SECONDARY
100
AcDbLine
 10
77500.0
 20
105600.0
 30
0.0
 11
77850.0
 21
105600.0
 31
0.0
  0
LINE
  5
157B
330
17
100
AcDbEntity
  8
ARR_SECONDARY
100
AcDbLine
 10
78000.0
 20
105600.0
 30
0.0
 11
78350.0
 21
105600.0
 31
0.0
  0
LINE
  5
157C
330
17
100
AcDbEntity
  8
ARR_SECONDARY
100
AcDbLine
 10
78500.0
 20
105600.0
 30
0.0
 11
78850.0
 21
105600.0
 31
0.0
  0
LINE
  5
157D
330
17
100
AcDbEntity
  8
ARR_SECONDARY
100
AcDbLine
 10
79000.0
 20
105600.0
 30
0.0
 11
79350.0
 21
105600.0
 31
0.0
  0
LINE
  5
157E
330
17
100
AcDbEntity
  8
ARR_SECONDARY
100
AcDbLine
 10
79500.0
 20
105600.0
 30
0.0
 11
79850.0
 21
105600.0
 31
0.0
  0
LINE
  5
157F
330
17
100
AcDbEntity
  8
ARR_SECONDARY
100
AcDbLine
 10
80000.0
 20
105600.0
 30
0.0
 11
80350.0
 21
105600.0
 31
0.0
  0
LINE
  5
1580
330
17
100
AcDbEntity
  8
ARR_SECONDARY
100
AcDbLine
 10
80500.0
 20
105600.0
 30
0.0
 11
80850.0
 21
105600.0
 31
0.0
  0
LINE
  5
1581
330
17
100
AcDbEntity
  8
ARR_SECONDARY
100
AcDbLine
 10
81000.0
 20
105600.0
 30
0.0
 11
81350.0
 21
105600.0
 31
0.0
  0
LINE
  5
1582
330
17
100
AcDbEntity
  8
ARR_SECONDARY
100
AcDbLine
 10
81500.0
 20
105600.0
 30
0.0
 11
81850.0
 21
105600.0
 31
0.0
  0
LINE
  5
1583
330
17
100
AcDbEntity
  8
ARR_SECONDARY
100
AcDbLine
 10
82000.0
 20
105600.0
 30
0.0
 11
82350.0
 21
105600.0
 31
0.0
  0
LINE
  5
1584
330
17
100
AcDbEntity
  8
ARR_SECONDARY
100
AcDbLine
 10
82500.0
 20
105600.0
 30
0.0
 11
82850.0
 21
105600.0
 31
0.0
  0
LINE
  5
1585
330
17
100
AcDbEntity
  8
ARR_SECONDARY
100
AcDbLine
 10
83000.0
 20
105600.0
 30
0.0
 11
83350.0
 21
105600.0
 31
0.0
  0
LINE
  5
1586
330
17
100
AcDbEntity
  8
ARR_SECONDARY
100
AcDbLine
 10
83500.0
 20
105600.0
 30
0.0
 11
83850.0
 21
105600.0
 31
0.0
  0
LINE
  5
1587
330
17
100
AcDbEntity
  8
ARR_SECONDARY
100
AcDbLine
 10
66000.0
 20
106366.6666666666
 30
0.0
 11
66350.0
 21
106366.6666666666
 31
0.0
  0
LINE
  5
1588
330
17
100
AcDbEntity
  8
ARR_SECONDARY
100
AcDbLine
 10
66500.0
 20
106366.6666666666
 30
0.0
 11
66850.0
 21
106366.6666666666
 31
0.0
  0
LINE
  5
1589
330
17
100
AcDbEntity
  8
ARR_SECONDARY
100
AcDbLine
 10
67000.0
 20
106366.6666666666
 30
0.0
 11
67350.0
 21
106366.6666666666
 31
0.0
  0
LINE
  5
158A
330
17
100
AcDbEntity
  8
ARR_SECONDARY
100
AcDbLine
 10
67500.0
 20
106366.6666666666
 30
0.0
 11
67850.0
 21
106366.6666666666
 31
0.0
  0
LINE
  5
158B
330
17
100
AcDbEntity
  8
ARR_SECONDARY
100
AcDbLine
 10
68000.0
 20
106366.6666666666
 30
0.0
 11
68350.0
 21
106366.6666666666
 31
0.0
  0
LINE
  5
158C
330
17
100
AcDbEntity
  8
ARR_SECONDARY
100
AcDbLine
 10
68500.0
 20
106366.6666666666
 30
0.0
 11
68850.0
 21
106366.6666666666
 31
0.0
  0
LINE
  5
158D
330
17
100
AcDbEntity
  8
ARR_SECONDARY
100
AcDbLine
 10
69000.0
 20
106366.6666666666
 30
0.0
 11
69350.0
 21
106366.6666666666
 31
0.0
  0
LINE
  5
158E
330
17
100
AcDbEntity
  8
ARR_SECONDARY
100
AcDbLine
 10
69500.0
 20
106366.6666666666
 30
0.0
 11
69850.0
 21
106366.6666666666
 31
0.0
  0
LINE
  5
158F
330
17
100
AcDbEntity
  8
ARR_SECONDARY
100
AcDbLine
 10
70000.0
 20
106366.6666666666
 30
0.0
 11
70350.0
 21
106366.6666666666
 31
0.0
  0
LINE
  5
1590
330
17
100
AcDbEntity
  8
ARR_SECONDARY
100
AcDbLine
 10
70500.0
 20
106366.6666666666
 30
0.0
 11
70850.0
 21
106366.6666666666
 31
0.0
  0
LINE
  5
1591
330
17
100
AcDbEntity
  8
ARR_SECONDARY
100
AcDbLine
 10
71000.0
 20
106366.6666666666
 30
0.0
 11
71350.0
 21
106366.6666666666
 31
0.0
  0
LINE
  5
1592
330
17
100
AcDbEntity
  8
ARR_SECONDARY
100
AcDbLine
 10
71500.0
 20
106366.6666666666
 30
0.0
 11
71850.0
 21
106366.6666666666
 31
0.0
  0
LINE
  5
1593
330
17
100
AcDbEntity
  8
ARR_SECONDARY
100
AcDbLine
 10
72000.0
 20
106366.6666666666
 30
0.0
 11
72350.0
 21
106366.6666666666
 31
0.0
  0
LINE
  5
1594
330
17
100
AcDbEntity
  8
ARR_SECONDARY
100
AcDbLine
 10
72500.0
 20
106366.6666666666
 30
0.0
 11
72850.0
 21
106366.6666666666
 31
0.0
  0
LINE
  5
1595
330
17
100
AcDbEntity
  8
ARR_SECONDARY
100
AcDbLine
 10
73000.0
 20
106366.6666666666
 30
0.0
 11
73350.0
 21
106366.6666666666
 31
0.0
  0
LINE
  5
1596
330
17
100
AcDbEntity
  8
ARR_SECONDARY
100
AcDbLine
 10
73500.0
 20
106366.6666666666
 30
0.0
 11
73850.0
 21
106366.6666666666
 31
0.0
  0
LINE
  5
1597
330
17
100
AcDbEntity
  8
ARR_SECONDARY
100
AcDbLine
 10
74000.0
 20
106366.6666666666
 30
0.0
 11
74350.0
 21
106366.6666666666
 31
0.0
  0
LINE
  5
1598
330
17
100
AcDbEntity
  8
ARR_SECONDARY
100
AcDbLine
 10
74500.0
 20
106366.6666666666
 30
0.0
 11
74850.0
 21
106366.6666666666
 31
0.0
  0
LINE
  5
1599
330
17
100
AcDbEntity
  8
ARR_SECONDARY
100
AcDbLine
 10
75000.0
 20
106366.6666666666
 30
0.0
 11
75350.0
 21
106366.6666666666
 31
0.0
  0
LINE
  5
159A
330
17
100
AcDbEntity
  8
ARR_SECONDARY
100
AcDbLine
 10
75500.0
 20
106366.6666666666
 30
0.0
 11
75850.0
 21
106366.6666666666
 31
0.0
  0
LINE
  5
159B
330
17
100
AcDbEntity
  8
ARR_SECONDARY
100
AcDbLine
 10
76000.0
 20
106366.6666666666
 30
0.0
 11
76350.0
 21
106366.6666666666
 31
0.0
  0
LINE
  5
159C
330
17
100
AcDbEntity
  8
ARR_SECONDARY
100
AcDbLine
 10
76500.0
 20
106366.6666666666
 30
0.0
 11
76850.0
 21
106366.6666666666
 31
0.0
  0
LINE
  5
159D
330
17
100
AcDbEntity
  8
ARR_SECONDARY
100
AcDbLine
 10
77000.0
 20
106366.6666666666
 30
0.0
 11
77350.0
 21
106366.6666666666
 31
0.0
  0
LINE
  5
159E
330
17
100
AcDbEntity
  8
ARR_SECONDARY
100
AcDbLine
 10
77500.0
 20
106366.6666666666
 30
0.0
 11
77850.0
 21
106366.6666666666
 31
0.0
  0
LINE
  5
159F
330
17
100
AcDbEntity
  8
ARR_SECONDARY
100
AcDbLine
 10
78000.0
 20
106366.6666666666
 30
0.0
 11
78350.0
 21
106366.6666666666
 31
0.0
  0
LINE
  5
15A0
330
17
100
AcDbEntity
  8
ARR_SECONDARY
100
AcDbLine
 10
78500.0
 20
106366.6666666666
 30
0.0
 11
78850.0
 21
106366.6666666666
 31
0.0
  0
LINE
  5
15A1
330
17
100
AcDbEntity
  8
ARR_SECONDARY
100
AcDbLine
 10
79000.0
 20
106366.6666666666
 30
0.0
 11
79350.0
 21
106366.6666666666
 31
0.0
  0
LINE
  5
15A2
330
17
100
AcDbEntity
  8
ARR_SECONDARY
100
AcDbLine
 10
79500.0
 20
106366.6666666666
 30
0.0
 11
79850.0
 21
106366.6666666666
 31
0.0
  0
LINE
  5
15A3
330
17
100
AcDbEntity
  8
ARR_SECONDARY
100
AcDbLine
 10
80000.0
 20
106366.6666666666
 30
0.0
 11
80350.0
 21
106366.6666666666
 31
0.0
  0
LINE
  5
15A4
330
17
100
AcDbEntity
  8
ARR_SECONDARY
100
AcDbLine
 10
80500.0
 20
106366.6666666666
 30
0.0
 11
80850.0
 21
106366.6666666666
 31
0.0
  0
LINE
  5
15A5
330
17
100
AcDbEntity
  8
ARR_SECONDARY
100
AcDbLine
 10
81000.0
 20
106366.6666666666
 30
0.0
 11
81350.0
 21
106366.6666666666
 31
0.0
  0
LINE
  5
15A6
330
17
100
AcDbEntity
  8
ARR_SECONDARY
100
AcDbLine
 10
81500.0
 20
106366.6666666666
 30
0.0
 11
81850.0
 21
106366.6666666666
 31
0.0
  0
LINE
  5
15A7
330
17
100
AcDbEntity
  8
ARR_SECONDARY
100
AcDbLine
 10
82000.0
 20
106366.6666666666
 30
0.0
 11
82350.0
 21
106366.6666666666
 31
0.0
  0
LINE
  5
15A8
330
17
100
AcDbEntity
  8
ARR_SECONDARY
100
AcDbLine
 10
82500.0
 20
106366.6666666666
 30
0.0
 11
82850.0
 21
106366.6666666666
 31
0.0
  0
LINE
  5
15A9
330
17
100
AcDbEntity
  8
ARR_SECONDARY
100
AcDbLine
 10
83000.0
 20
106366.6666666666
 30
0.0
 11
83350.0
 21
106366.6666666666
 31
0.0
  0
LINE
  5
15AA
330
17
100
AcDbEntity
  8
ARR_SECONDARY
100
AcDbLine
 10
83500.0
 20
106366.6666666666
 30
0.0
 11
83850.0
 21
106366.6666666666
 31
0.0
  0
LINE
  5
15AB
330
17
100
AcDbEntity
  8
ARR_SECONDARY
100
AcDbLine
 10
66000.0
 20
107133.3333333333
 30
0.0
 11
66350.0
 21
107133.3333333333
 31
0.0
  0
LINE
  5
15AC
330
17
100
AcDbEntity
  8
ARR_SECONDARY
100
AcDbLine
 10
66500.0
 20
107133.3333333333
 30
0.0
 11
66850.0
 21
107133.3333333333
 31
0.0
  0
LINE
  5
15AD
330
17
100
AcDbEntity
  8
ARR_SECONDARY
100
AcDbLine
 10
67000.0
 20
107133.3333333333
 30
0.0
 11
67350.0
 21
107133.3333333333
 31
0.0
  0
LINE
  5
15AE
330
17
100
AcDbEntity
  8
ARR_SECONDARY
100
AcDbLine
 10
67500.0
 20
107133.3333333333
 30
0.0
 11
67850.0
 21
107133.3333333333
 31
0.0
  0
LINE
  5
15AF
330
17
100
AcDbEntity
  8
ARR_SECONDARY
100
AcDbLine
 10
68000.0
 20
107133.3333333333
 30
0.0
 11
68350.0
 21
107133.3333333333
 31
0.0
  0
LINE
  5
15B0
330
17
100
AcDbEntity
  8
ARR_SECONDARY
100
AcDbLine
 10
68500.0
 20
107133.3333333333
 30
0.0
 11
68850.0
 21
107133.3333333333
 31
0.0
  0
LINE
  5
15B1
330
17
100
AcDbEntity
  8
ARR_SECONDARY
100
AcDbLine
 10
69000.0
 20
107133.3333333333
 30
0.0
 11
69350.0
 21
107133.3333333333
 31
0.0
  0
LINE
  5
15B2
330
17
100
AcDbEntity
  8
ARR_SECONDARY
100
AcDbLine
 10
69500.0
 20
107133.3333333333
 30
0.0
 11
69850.0
 21
107133.3333333333
 31
0.0
  0
LINE
  5
15B3
330
17
100
AcDbEntity
  8
ARR_SECONDARY
100
AcDbLine
 10
70000.0
 20
107133.3333333333
 30
0.0
 11
70350.0
 21
107133.3333333333
 31
0.0
  0
LINE
  5
15B4
330
17
100
AcDbEntity
  8
ARR_SECONDARY
100
AcDbLine
 10
70500.0
 20
107133.3333333333
 30
0.0
 11
70850.0
 21
107133.3333333333
 31
0.0
  0
LINE
  5
15B5
330
17
100
AcDbEntity
  8
ARR_SECONDARY
100
AcDbLine
 10
71000.0
 20
107133.3333333333
 30
0.0
 11
71350.0
 21
107133.3333333333
 31
0.0
  0
LINE
  5
15B6
330
17
100
AcDbEntity
  8
ARR_SECONDARY
100
AcDbLine
 10
71500.0
 20
107133.3333333333
 30
0.0
 11
71850.0
 21
107133.3333333333
 31
0.0
  0
LINE
  5
15B7
330
17
100
AcDbEntity
  8
ARR_SECONDARY
100
AcDbLine
 10
72000.0
 20
107133.3333333333
 30
0.0
 11
72350.0
 21
107133.3333333333
 31
0.0
  0
LINE
  5
15B8
330
17
100
AcDbEntity
  8
ARR_SECONDARY
100
AcDbLine
 10
72500.0
 20
107133.3333333333
 30
0.0
 11
72850.0
 21
107133.3333333333
 31
0.0
  0
LINE
  5
15B9
330
17
100
AcDbEntity
  8
ARR_SECONDARY
100
AcDbLine
 10
73000.0
 20
107133.3333333333
 30
0.0
 11
73350.0
 21
107133.3333333333
 31
0.0
  0
LINE
  5
15BA
330
17
100
AcDbEntity
  8
ARR_SECONDARY
100
AcDbLine
 10
73500.0
 20
107133.3333333333
 30
0.0
 11
73850.0
 21
107133.3333333333
 31
0.0
  0
LINE
  5
15BB
330
17
100
AcDbEntity
  8
ARR_SECONDARY
100
AcDbLine
 10
74000.0
 20
107133.3333333333
 30
0.0
 11
74350.0
 21
107133.3333333333
 31
0.0
  0
LINE
  5
15BC
330
17
100
AcDbEntity
  8
ARR_SECONDARY
100
AcDbLine
 10
74500.0
 20
107133.3333333333
 30
0.0
 11
74850.0
 21
107133.3333333333
 31
0.0
  0
LINE
  5
15BD
330
17
100
AcDbEntity
  8
ARR_SECONDARY
100
AcDbLine
 10
75000.0
 20
107133.3333333333
 30
0.0
 11
75350.0
 21
107133.3333333333
 31
0.0
  0
LINE
  5
15BE
330
17
100
AcDbEntity
  8
ARR_SECONDARY
100
AcDbLine
 10
75500.0
 20
107133.3333333333
 30
0.0
 11
75850.0
 21
107133.3333333333
 31
0.0
  0
LINE
  5
15BF
330
17
100
AcDbEntity
  8
ARR_SECONDARY
100
AcDbLine
 10
76000.0
 20
107133.3333333333
 30
0.0
 11
76350.0
 21
107133.3333333333
 31
0.0
  0
LINE
  5
15C0
330
17
100
AcDbEntity
  8
ARR_SECONDARY
100
AcDbLine
 10
76500.0
 20
107133.3333333333
 30
0.0
 11
76850.0
 21
107133.3333333333
 31
0.0
  0
LINE
  5
15C1
330
17
100
AcDbEntity
  8
ARR_SECONDARY
100
AcDbLine
 10
77000.0
 20
107133.3333333333
 30
0.0
 11
77350.0
 21
107133.3333333333
 31
0.0
  0
LINE
  5
15C2
330
17
100
AcDbEntity
  8
ARR_SECONDARY
100
AcDbLine
 10
77500.0
 20
107133.3333333333
 30
0.0
 11
77850.0
 21
107133.3333333333
 31
0.0
  0
LINE
  5
15C3
330
17
100
AcDbEntity
  8
ARR_SECONDARY
100
AcDbLine
 10
78000.0
 20
107133.3333333333
 30
0.0
 11
78350.0
 21
107133.3333333333
 31
0.0
  0
LINE
  5
15C4
330
17
100
AcDbEntity
  8
ARR_SECONDARY
100
AcDbLine
 10
78500.0
 20
107133.3333333333
 30
0.0
 11
78850.0
 21
107133.3333333333
 31
0.0
  0
LINE
  5
15C5
330
17
100
AcDbEntity
  8
ARR_SECONDARY
100
AcDbLine
 10
79000.0
 20
107133.3333333333
 30
0.0
 11
79350.0
 21
107133.3333333333
 31
0.0
  0
LINE
  5
15C6
330
17
100
AcDbEntity
  8
ARR_SECONDARY
100
AcDbLine
 10
79500.0
 20
107133.3333333333
 30
0.0
 11
79850.0
 21
107133.3333333333
 31
0.0
  0
LINE
  5
15C7
330
17
100
AcDbEntity
  8
ARR_SECONDARY
100
AcDbLine
 10
80000.0
 20
107133.3333333333
 30
0.0
 11
80350.0
 21
107133.3333333333
 31
0.0
  0
LINE
  5
15C8
330
17
100
AcDbEntity
  8
ARR_SECONDARY
100
AcDbLine
 10
80500.0
 20
107133.3333333333
 30
0.0
 11
80850.0
 21
107133.3333333333
 31
0.0
  0
LINE
  5
15C9
330
17
100
AcDbEntity
  8
ARR_SECONDARY
100
AcDbLine
 10
81000.0
 20
107133.3333333333
 30
0.0
 11
81350.0
 21
107133.3333333333
 31
0.0
  0
LINE
  5
15CA
330
17
100
AcDbEntity
  8
ARR_SECONDARY
100
AcDbLine
 10
81500.0
 20
107133.3333333333
 30
0.0
 11
81850.0
 21
107133.3333333333
 31
0.0
  0
LINE
  5
15CB
330
17
100
AcDbEntity
  8
ARR_SECONDARY
100
AcDbLine
 10
82000.0
 20
107133.3333333333
 30
0.0
 11
82350.0
 21
107133.3333333333
 31
0.0
  0
LINE
  5
15CC
330
17
100
AcDbEntity
  8
ARR_SECONDARY
100
AcDbLine
 10
82500.0
 20
107133.3333333333
 30
0.0
 11
82850.0
 21
107133.3333333333
 31
0.0
  0
LINE
  5
15CD
330
17
100
AcDbEntity
  8
ARR_SECONDARY
100
AcDbLine
 10
83000.0
 20
107133.3333333333
 30
0.0
 11
83350.0
 21
107133.3333333333
 31
0.0
  0
LINE
  5
15CE
330
17
100
AcDbEntity
  8
ARR_SECONDARY
100
AcDbLine
 10
83500.0
 20
107133.3333333333
 30
0.0
 11
83850.0
 21
107133.3333333333
 31
0.0
  0
LINE
  5
15CF
330
17
100
AcDbEntity
  8
ARR_SECONDARY
100
AcDbLine
 10
66000.0
 20
107900.0
 30
0.0
 11
66350.0
 21
107900.0
 31
0.0
  0
LINE
  5
15D0
330
17
100
AcDbEntity
  8
ARR_SECONDARY
100
AcDbLine
 10
66500.0
 20
107900.0
 30
0.0
 11
66850.0
 21
107900.0
 31
0.0
  0
LINE
  5
15D1
330
17
100
AcDbEntity
  8
ARR_SECONDARY
100
AcDbLine
 10
67000.0
 20
107900.0
 30
0.0
 11
67350.0
 21
107900.0
 31
0.0
  0
LINE
  5
15D2
330
17
100
AcDbEntity
  8
ARR_SECONDARY
100
AcDbLine
 10
67500.0
 20
107900.0
 30
0.0
 11
67850.0
 21
107900.0
 31
0.0
  0
LINE
  5
15D3
330
17
100
AcDbEntity
  8
ARR_SECONDARY
100
AcDbLine
 10
68000.0
 20
107900.0
 30
0.0
 11
68350.0
 21
107900.0
 31
0.0
  0
LINE
  5
15D4
330
17
100
AcDbEntity
  8
ARR_SECONDARY
100
AcDbLine
 10
68500.0
 20
107900.0
 30
0.0
 11
68850.0
 21
107900.0
 31
0.0
  0
LINE
  5
15D5
330
17
100
AcDbEntity
  8
ARR_SECONDARY
100
AcDbLine
 10
69000.0
 20
107900.0
 30
0.0
 11
69350.0
 21
107900.0
 31
0.0
  0
LINE
  5
15D6
330
17
100
AcDbEntity
  8
ARR_SECONDARY
100
AcDbLine
 10
69500.0
 20
107900.0
 30
0.0
 11
69850.0
 21
107900.0
 31
0.0
  0
LINE
  5
15D7
330
17
100
AcDbEntity
  8
ARR_SECONDARY
100
AcDbLine
 10
70000.0
 20
107900.0
 30
0.0
 11
70350.0
 21
107900.0
 31
0.0
  0
LINE
  5
15D8
330
17
100
AcDbEntity
  8
ARR_SECONDARY
100
AcDbLine
 10
70500.0
 20
107900.0
 30
0.0
 11
70850.0
 21
107900.0
 31
0.0
  0
LINE
  5
15D9
330
17
100
AcDbEntity
  8
ARR_SECONDARY
100
AcDbLine
 10
71000.0
 20
107900.0
 30
0.0
 11
71350.0
 21
107900.0
 31
0.0
  0
LINE
  5
15DA
330
17
100
AcDbEntity
  8
ARR_SECONDARY
100
AcDbLine
 10
71500.0
 20
107900.0
 30
0.0
 11
71850.0
 21
107900.0
 31
0.0
  0
LINE
  5
15DB
330
17
100
AcDbEntity
  8
ARR_SECONDARY
100
AcDbLine
 10
72000.0
 20
107900.0
 30
0.0
 11
72350.0
 21
107900.0
 31
0.0
  0
LINE
  5
15DC
330
17
100
AcDbEntity
  8
ARR_SECONDARY
100
AcDbLine
 10
72500.0
 20
107900.0
 30
0.0
 11
72850.0
 21
107900.0
 31
0.0
  0
LINE
  5
15DD
330
17
100
AcDbEntity
  8
ARR_SECONDARY
100
AcDbLine
 10
73000.0
 20
107900.0
 30
0.0
 11
73350.0
 21
107900.0
 31
0.0
  0
LINE
  5
15DE
330
17
100
AcDbEntity
  8
ARR_SECONDARY
100
AcDbLine
 10
73500.0
 20
107900.0
 30
0.0
 11
73850.0
 21
107900.0
 31
0.0
  0
LINE
  5
15DF
330
17
100
AcDbEntity
  8
ARR_SECONDARY
100
AcDbLine
 10
74000.0
 20
107900.0
 30
0.0
 11
74350.0
 21
107900.0
 31
0.0
  0
LINE
  5
15E0
330
17
100
AcDbEntity
  8
ARR_SECONDARY
100
AcDbLine
 10
74500.0
 20
107900.0
 30
0.0
 11
74850.0
 21
107900.0
 31
0.0
  0
LINE
  5
15E1
330
17
100
AcDbEntity
  8
ARR_SECONDARY
100
AcDbLine
 10
75000.0
 20
107900.0
 30
0.0
 11
75350.0
 21
107900.0
 31
0.0
  0
LINE
  5
15E2
330
17
100
AcDbEntity
  8
ARR_SECONDARY
100
AcDbLine
 10
75500.0
 20
107900.0
 30
0.0
 11
75850.0
 21
107900.0
 31
0.0
  0
LINE
  5
15E3
330
17
100
AcDbEntity
  8
ARR_SECONDARY
100
AcDbLine
 10
76000.0
 20
107900.0
 30
0.0
 11
76350.0
 21
107900.0
 31
0.0
  0
LINE
  5
15E4
330
17
100
AcDbEntity
  8
ARR_SECONDARY
100
AcDbLine
 10
76500.0
 20
107900.0
 30
0.0
 11
76850.0
 21
107900.0
 31
0.0
  0
LINE
  5
15E5
330
17
100
AcDbEntity
  8
ARR_SECONDARY
100
AcDbLine
 10
77000.0
 20
107900.0
 30
0.0
 11
77350.0
 21
107900.0
 31
0.0
  0
LINE
  5
15E6
330
17
100
AcDbEntity
  8
ARR_SECONDARY
100
AcDbLine
 10
77500.0
 20
107900.0
 30
0.0
 11
77850.0
 21
107900.0
 31
0.0
  0
LINE
  5
15E7
330
17
100
AcDbEntity
  8
ARR_SECONDARY
100
AcDbLine
 10
78000.0
 20
107900.0
 30
0.0
 11
78350.0
 21
107900.0
 31
0.0
  0
LINE
  5
15E8
330
17
100
AcDbEntity
  8
ARR_SECONDARY
100
AcDbLine
 10
78500.0
 20
107900.0
 30
0.0
 11
78850.0
 21
107900.0
 31
0.0
  0
LINE
  5
15E9
330
17
100
AcDbEntity
  8
ARR_SECONDARY
100
AcDbLine
 10
79000.0
 20
107900.0
 30
0.0
 11
79350.0
 21
107900.0
 31
0.0
  0
LINE
  5
15EA
330
17
100
AcDbEntity
  8
ARR_SECONDARY
100
AcDbLine
 10
79500.0
 20
107900.0
 30
0.0
 11
79850.0
 21
107900.0
 31
0.0
  0
LINE
  5
15EB
330
17
100
AcDbEntity
  8
ARR_SECONDARY
100
AcDbLine
 10
80000.0
 20
107900.0
 30
0.0
 11
80350.0
 21
107900.0
 31
0.0
  0
LINE
  5
15EC
330
17
100
AcDbEntity
  8
ARR_SECONDARY
100
AcDbLine
 10
80500.0
 20
107900.0
 30
0.0
 11
80850.0
 21
107900.0
 31
0.0
  0
LINE
  5
15ED
330
17
100
AcDbEntity
  8
ARR_SECONDARY
100
AcDbLine
 10
81000.0
 20
107900.0
 30
0.0
 11
81350.0
 21
107900.0
 31
0.0
  0
LINE
  5
15EE
330
17
100
AcDbEntity
  8
ARR_SECONDARY
100
AcDbLine
 10
81500.0
 20
107900.0
 30
0.0
 11
81850.0
 21
107900.0
 31
0.0
  0
LINE
  5
15EF
330
17
100
AcDbEntity
  8
ARR_SECONDARY
100
AcDbLine
 10
82000.0
 20
107900.0
 30
0.0
 11
82350.0
 21
107900.0
 31
0.0
  0
LINE
  5
15F0
330
17
100
AcDbEntity
  8
ARR_SECONDARY
100
AcDbLine
 10
82500.0
 20
107900.0
 30
0.0
 11
82850.0
 21
107900.0
 31
0.0
  0
LINE
  5
15F1
330
17
100
AcDbEntity
  8
ARR_SECONDARY
100
AcDbLine
 10
83000.0
 20
107900.0
 30
0.0
 11
83350.0
 21
107900.0
 31
0.0
  0
LINE
  5
15F2
330
17
100
AcDbEntity
  8
ARR_SECONDARY
100
AcDbLine
 10
83500.0
 20
107900.0
 30
0.0
 11
83850.0
 21
107900.0
 31
0.0
  0
LINE
  5
15F3
330
17
100
AcDbEntity
  8
ARR_SECONDARY
100
AcDbLine
 10
66000.0
 20
108666.6666666666
 30
0.0
 11
66350.0
 21
108666.6666666666
 31
0.0
  0
LINE
  5
15F4
330
17
100
AcDbEntity
  8
ARR_SECONDARY
100
AcDbLine
 10
66500.0
 20
108666.6666666666
 30
0.0
 11
66850.0
 21
108666.6666666666
 31
0.0
  0
LINE
  5
15F5
330
17
100
AcDbEntity
  8
ARR_SECONDARY
100
AcDbLine
 10
67000.0
 20
108666.6666666666
 30
0.0
 11
67350.0
 21
108666.6666666666
 31
0.0
  0
LINE
  5
15F6
330
17
100
AcDbEntity
  8
ARR_SECONDARY
100
AcDbLine
 10
67500.0
 20
108666.6666666666
 30
0.0
 11
67850.0
 21
108666.6666666666
 31
0.0
  0
LINE
  5
15F7
330
17
100
AcDbEntity
  8
ARR_SECONDARY
100
AcDbLine
 10
68000.0
 20
108666.6666666666
 30
0.0
 11
68350.0
 21
108666.6666666666
 31
0.0
  0
LINE
  5
15F8
330
17
100
AcDbEntity
  8
ARR_SECONDARY
100
AcDbLine
 10
68500.0
 20
108666.6666666666
 30
0.0
 11
68850.0
 21
108666.6666666666
 31
0.0
  0
LINE
  5
15F9
330
17
100
AcDbEntity
  8
ARR_SECONDARY
100
AcDbLine
 10
69000.0
 20
108666.6666666666
 30
0.0
 11
69350.0
 21
108666.6666666666
 31
0.0
  0
LINE
  5
15FA
330
17
100
AcDbEntity
  8
ARR_SECONDARY
100
AcDbLine
 10
69500.0
 20
108666.6666666666
 30
0.0
 11
69850.0
 21
108666.6666666666
 31
0.0
  0
LINE
  5
15FB
330
17
100
AcDbEntity
  8
ARR_SECONDARY
100
AcDbLine
 10
70000.0
 20
108666.6666666666
 30
0.0
 11
70350.0
 21
108666.6666666666
 31
0.0
  0
LINE
  5
15FC
330
17
100
AcDbEntity
  8
ARR_SECONDARY
100
AcDbLine
 10
70500.0
 20
108666.6666666666
 30
0.0
 11
70850.0
 21
108666.6666666666
 31
0.0
  0
LINE
  5
15FD
330
17
100
AcDbEntity
  8
ARR_SECONDARY
100
AcDbLine
 10
71000.0
 20
108666.6666666666
 30
0.0
 11
71350.0
 21
108666.6666666666
 31
0.0
  0
LINE
  5
15FE
330
17
100
AcDbEntity
  8
ARR_SECONDARY
100
AcDbLine
 10
71500.0
 20
108666.6666666666
 30
0.0
 11
71850.0
 21
108666.6666666666
 31
0.0
  0
LINE
  5
15FF
330
17
100
AcDbEntity
  8
ARR_SECONDARY
100
AcDbLine
 10
72000.0
 20
108666.6666666666
 30
0.0
 11
72350.0
 21
108666.6666666666
 31
0.0
  0
LINE
  5
1600
330
17
100
AcDbEntity
  8
ARR_SECONDARY
100
AcDbLine
 10
72500.0
 20
108666.6666666666
 30
0.0
 11
72850.0
 21
108666.6666666666
 31
0.0
  0
LINE
  5
1601
330
17
100
AcDbEntity
  8
ARR_SECONDARY
100
AcDbLine
 10
73000.0
 20
108666.6666666666
 30
0.0
 11
73350.0
 21
108666.6666666666
 31
0.0
  0
LINE
  5
1602
330
17
100
AcDbEntity
  8
ARR_SECONDARY
100
AcDbLine
 10
73500.0
 20
108666.6666666666
 30
0.0
 11
73850.0
 21
108666.6666666666
 31
0.0
  0
LINE
  5
1603
330
17
100
AcDbEntity
  8
ARR_SECONDARY
100
AcDbLine
 10
74000.0
 20
108666.6666666666
 30
0.0
 11
74350.0
 21
108666.6666666666
 31
0.0
  0
LINE
  5
1604
330
17
100
AcDbEntity
  8
ARR_SECONDARY
100
AcDbLine
 10
74500.0
 20
108666.6666666666
 30
0.0
 11
74850.0
 21
108666.6666666666
 31
0.0
  0
LINE
  5
1605
330
17
100
AcDbEntity
  8
ARR_SECONDARY
100
AcDbLine
 10
75000.0
 20
108666.6666666666
 30
0.0
 11
75350.0
 21
108666.6666666666
 31
0.0
  0
LINE
  5
1606
330
17
100
AcDbEntity
  8
ARR_SECONDARY
100
AcDbLine
 10
75500.0
 20
108666.6666666666
 30
0.0
 11
75850.0
 21
108666.6666666666
 31
0.0
  0
LINE
  5
1607
330
17
100
AcDbEntity
  8
ARR_SECONDARY
100
AcDbLine
 10
76000.0
 20
108666.6666666666
 30
0.0
 11
76350.0
 21
108666.6666666666
 31
0.0
  0
LINE
  5
1608
330
17
100
AcDbEntity
  8
ARR_SECONDARY
100
AcDbLine
 10
76500.0
 20
108666.6666666666
 30
0.0
 11
76850.0
 21
108666.6666666666
 31
0.0
  0
LINE
  5
1609
330
17
100
AcDbEntity
  8
ARR_SECONDARY
100
AcDbLine
 10
77000.0
 20
108666.6666666666
 30
0.0
 11
77350.0
 21
108666.6666666666
 31
0.0
  0
LINE
  5
160A
330
17
100
AcDbEntity
  8
ARR_SECONDARY
100
AcDbLine
 10
77500.0
 20
108666.6666666666
 30
0.0
 11
77850.0
 21
108666.6666666666
 31
0.0
  0
LINE
  5
160B
330
17
100
AcDbEntity
  8
ARR_SECONDARY
100
AcDbLine
 10
78000.0
 20
108666.6666666666
 30
0.0
 11
78350.0
 21
108666.6666666666
 31
0.0
  0
LINE
  5
160C
330
17
100
AcDbEntity
  8
ARR_SECONDARY
100
AcDbLine
 10
78500.0
 20
108666.6666666666
 30
0.0
 11
78850.0
 21
108666.6666666666
 31
0.0
  0
LINE
  5
160D
330
17
100
AcDbEntity
  8
ARR_SECONDARY
100
AcDbLine
 10
79000.0
 20
108666.6666666666
 30
0.0
 11
79350.0
 21
108666.6666666666
 31
0.0
  0
LINE
  5
160E
330
17
100
AcDbEntity
  8
ARR_SECONDARY
100
AcDbLine
 10
79500.0
 20
108666.6666666666
 30
0.0
 11
79850.0
 21
108666.6666666666
 31
0.0
  0
LINE
  5
160F
330
17
100
AcDbEntity
  8
ARR_SECONDARY
100
AcDbLine
 10
80000.0
 20
108666.6666666666
 30
0.0
 11
80350.0
 21
108666.6666666666
 31
0.0
  0
LINE
  5
1610
330
17
100
AcDbEntity
  8
ARR_SECONDARY
100
AcDbLine
 10
80500.0
 20
108666.6666666666
 30
0.0
 11
80850.0
 21
108666.6666666666
 31
0.0
  0
LINE
  5
1611
330
17
100
AcDbEntity
  8
ARR_SECONDARY
100
AcDbLine
 10
81000.0
 20
108666.6666666666
 30
0.0
 11
81350.0
 21
108666.6666666666
 31
0.0
  0
LINE
  5
1612
330
17
100
AcDbEntity
  8
ARR_SECONDARY
100
AcDbLine
 10
81500.0
 20
108666.6666666666
 30
0.0
 11
81850.0
 21
108666.6666666666
 31
0.0
  0
LINE
  5
1613
330
17
100
AcDbEntity
  8
ARR_SECONDARY
100
AcDbLine
 10
82000.0
 20
108666.6666666666
 30
0.0
 11
82350.0
 21
108666.6666666666
 31
0.0
  0
LINE
  5
1614
330
17
100
AcDbEntity
  8
ARR_SECONDARY
100
AcDbLine
 10
82500.0
 20
108666.6666666666
 30
0.0
 11
82850.0
 21
108666.6666666666
 31
0.0
  0
LINE
  5
1615
330
17
100
AcDbEntity
  8
ARR_SECONDARY
100
AcDbLine
 10
83000.0
 20
108666.6666666666
 30
0.0
 11
83350.0
 21
108666.6666666666
 31
0.0
  0
LINE
  5
1616
330
17
100
AcDbEntity
  8
ARR_SECONDARY
100
AcDbLine
 10
83500.0
 20
108666.6666666666
 30
0.0
 11
83850.0
 21
108666.6666666666
 31
0.0
  0
LINE
  5
1617
330
17
100
AcDbEntity
  8
ARR_SECONDARY
100
AcDbLine
 10
66000.0
 20
109433.3333333333
 30
0.0
 11
66350.0
 21
109433.3333333333
 31
0.0
  0
LINE
  5
1618
330
17
100
AcDbEntity
  8
ARR_SECONDARY
100
AcDbLine
 10
66500.0
 20
109433.3333333333
 30
0.0
 11
66850.0
 21
109433.3333333333
 31
0.0
  0
LINE
  5
1619
330
17
100
AcDbEntity
  8
ARR_SECONDARY
100
AcDbLine
 10
67000.0
 20
109433.3333333333
 30
0.0
 11
67350.0
 21
109433.3333333333
 31
0.0
  0
LINE
  5
161A
330
17
100
AcDbEntity
  8
ARR_SECONDARY
100
AcDbLine
 10
67500.0
 20
109433.3333333333
 30
0.0
 11
67850.0
 21
109433.3333333333
 31
0.0
  0
LINE
  5
161B
330
17
100
AcDbEntity
  8
ARR_SECONDARY
100
AcDbLine
 10
68000.0
 20
109433.3333333333
 30
0.0
 11
68350.0
 21
109433.3333333333
 31
0.0
  0
LINE
  5
161C
330
17
100
AcDbEntity
  8
ARR_SECONDARY
100
AcDbLine
 10
68500.0
 20
109433.3333333333
 30
0.0
 11
68850.0
 21
109433.3333333333
 31
0.0
  0
LINE
  5
161D
330
17
100
AcDbEntity
  8
ARR_SECONDARY
100
AcDbLine
 10
69000.0
 20
109433.3333333333
 30
0.0
 11
69350.0
 21
109433.3333333333
 31
0.0
  0
LINE
  5
161E
330
17
100
AcDbEntity
  8
ARR_SECONDARY
100
AcDbLine
 10
69500.0
 20
109433.3333333333
 30
0.0
 11
69850.0
 21
109433.3333333333
 31
0.0
  0
LINE
  5
161F
330
17
100
AcDbEntity
  8
ARR_SECONDARY
100
AcDbLine
 10
70000.0
 20
109433.3333333333
 30
0.0
 11
70350.0
 21
109433.3333333333
 31
0.0
  0
LINE
  5
1620
330
17
100
AcDbEntity
  8
ARR_SECONDARY
100
AcDbLine
 10
70500.0
 20
109433.3333333333
 30
0.0
 11
70850.0
 21
109433.3333333333
 31
0.0
  0
LINE
  5
1621
330
17
100
AcDbEntity
  8
ARR_SECONDARY
100
AcDbLine
 10
71000.0
 20
109433.3333333333
 30
0.0
 11
71350.0
 21
109433.3333333333
 31
0.0
  0
LINE
  5
1622
330
17
100
AcDbEntity
  8
ARR_SECONDARY
100
AcDbLine
 10
71500.0
 20
109433.3333333333
 30
0.0
 11
71850.0
 21
109433.3333333333
 31
0.0
  0
LINE
  5
1623
330
17
100
AcDbEntity
  8
ARR_SECONDARY
100
AcDbLine
 10
72000.0
 20
109433.3333333333
 30
0.0
 11
72350.0
 21
109433.3333333333
 31
0.0
  0
LINE
  5
1624
330
17
100
AcDbEntity
  8
ARR_SECONDARY
100
AcDbLine
 10
72500.0
 20
109433.3333333333
 30
0.0
 11
72850.0
 21
109433.3333333333
 31
0.0
  0
LINE
  5
1625
330
17
100
AcDbEntity
  8
ARR_SECONDARY
100
AcDbLine
 10
73000.0
 20
109433.3333333333
 30
0.0
 11
73350.0
 21
109433.3333333333
 31
0.0
  0
LINE
  5
1626
330
17
100
AcDbEntity
  8
ARR_SECONDARY
100
AcDbLine
 10
73500.0
 20
109433.3333333333
 30
0.0
 11
73850.0
 21
109433.3333333333
 31
0.0
  0
LINE
  5
1627
330
17
100
AcDbEntity
  8
ARR_SECONDARY
100
AcDbLine
 10
74000.0
 20
109433.3333333333
 30
0.0
 11
74350.0
 21
109433.3333333333
 31
0.0
  0
LINE
  5
1628
330
17
100
AcDbEntity
  8
ARR_SECONDARY
100
AcDbLine
 10
74500.0
 20
109433.3333333333
 30
0.0
 11
74850.0
 21
109433.3333333333
 31
0.0
  0
LINE
  5
1629
330
17
100
AcDbEntity
  8
ARR_SECONDARY
100
AcDbLine
 10
75000.0
 20
109433.3333333333
 30
0.0
 11
75350.0
 21
109433.3333333333
 31
0.0
  0
LINE
  5
162A
330
17
100
AcDbEntity
  8
ARR_SECONDARY
100
AcDbLine
 10
75500.0
 20
109433.3333333333
 30
0.0
 11
75850.0
 21
109433.3333333333
 31
0.0
  0
LINE
  5
162B
330
17
100
AcDbEntity
  8
ARR_SECONDARY
100
AcDbLine
 10
76000.0
 20
109433.3333333333
 30
0.0
 11
76350.0
 21
109433.3333333333
 31
0.0
  0
LINE
  5
162C
330
17
100
AcDbEntity
  8
ARR_SECONDARY
100
AcDbLine
 10
76500.0
 20
109433.3333333333
 30
0.0
 11
76850.0
 21
109433.3333333333
 31
0.0
  0
LINE
  5
162D
330
17
100
AcDbEntity
  8
ARR_SECONDARY
100
AcDbLine
 10
77000.0
 20
109433.3333333333
 30
0.0
 11
77350.0
 21
109433.3333333333
 31
0.0
  0
LINE
  5
162E
330
17
100
AcDbEntity
  8
ARR_SECONDARY
100
AcDbLine
 10
77500.0
 20
109433.3333333333
 30
0.0
 11
77850.0
 21
109433.3333333333
 31
0.0
  0
LINE
  5
162F
330
17
100
AcDbEntity
  8
ARR_SECONDARY
100
AcDbLine
 10
78000.0
 20
109433.3333333333
 30
0.0
 11
78350.0
 21
109433.3333333333
 31
0.0
  0
LINE
  5
1630
330
17
100
AcDbEntity
  8
ARR_SECONDARY
100
AcDbLine
 10
78500.0
 20
109433.3333333333
 30
0.0
 11
78850.0
 21
109433.3333333333
 31
0.0
  0
LINE
  5
1631
330
17
100
AcDbEntity
  8
ARR_SECONDARY
100
AcDbLine
 10
79000.0
 20
109433.3333333333
 30
0.0
 11
79350.0
 21
109433.3333333333
 31
0.0
  0
LINE
  5
1632
330
17
100
AcDbEntity
  8
ARR_SECONDARY
100
AcDbLine
 10
79500.0
 20
109433.3333333333
 30
0.0
 11
79850.0
 21
109433.3333333333
 31
0.0
  0
LINE
  5
1633
330
17
100
AcDbEntity
  8
ARR_SECONDARY
100
AcDbLine
 10
80000.0
 20
109433.3333333333
 30
0.0
 11
80350.0
 21
109433.3333333333
 31
0.0
  0
LINE
  5
1634
330
17
100
AcDbEntity
  8
ARR_SECONDARY
100
AcDbLine
 10
80500.0
 20
109433.3333333333
 30
0.0
 11
80850.0
 21
109433.3333333333
 31
0.0
  0
LINE
  5
1635
330
17
100
AcDbEntity
  8
ARR_SECONDARY
100
AcDbLine
 10
81000.0
 20
109433.3333333333
 30
0.0
 11
81350.0
 21
109433.3333333333
 31
0.0
  0
LINE
  5
1636
330
17
100
AcDbEntity
  8
ARR_SECONDARY
100
AcDbLine
 10
81500.0
 20
109433.3333333333
 30
0.0
 11
81850.0
 21
109433.3333333333
 31
0.0
  0
LINE
  5
1637
330
17
100
AcDbEntity
  8
ARR_SECONDARY
100
AcDbLine
 10
82000.0
 20
109433.3333333333
 30
0.0
 11
82350.0
 21
109433.3333333333
 31
0.0
  0
LINE
  5
1638
330
17
100
AcDbEntity
  8
ARR_SECONDARY
100
AcDbLine
 10
82500.0
 20
109433.3333333333
 30
0.0
 11
82850.0
 21
109433.3333333333
 31
0.0
  0
LINE
  5
1639
330
17
100
AcDbEntity
  8
ARR_SECONDARY
100
AcDbLine
 10
83000.0
 20
109433.3333333333
 30
0.0
 11
83350.0
 21
109433.3333333333
 31
0.0
  0
LINE
  5
163A
330
17
100
AcDbEntity
  8
ARR_SECONDARY
100
AcDbLine
 10
83500.0
 20
109433.3333333333
 30
0.0
 11
83850.0
 21
109433.3333333333
 31
0.0
  0
LINE
  5
163B
330
17
100
AcDbEntity
  8
ARR_SECONDARY
100
AcDbLine
 10
66000.0
 20
110200.0
 30
0.0
 11
66350.0
 21
110200.0
 31
0.0
  0
LINE
  5
163C
330
17
100
AcDbEntity
  8
ARR_SECONDARY
100
AcDbLine
 10
66500.0
 20
110200.0
 30
0.0
 11
66850.0
 21
110200.0
 31
0.0
  0
LINE
  5
163D
330
17
100
AcDbEntity
  8
ARR_SECONDARY
100
AcDbLine
 10
67000.0
 20
110200.0
 30
0.0
 11
67350.0
 21
110200.0
 31
0.0
  0
LINE
  5
163E
330
17
100
AcDbEntity
  8
ARR_SECONDARY
100
AcDbLine
 10
67500.0
 20
110200.0
 30
0.0
 11
67850.0
 21
110200.0
 31
0.0
  0
LINE
  5
163F
330
17
100
AcDbEntity
  8
ARR_SECONDARY
100
AcDbLine
 10
68000.0
 20
110200.0
 30
0.0
 11
68350.0
 21
110200.0
 31
0.0
  0
LINE
  5
1640
330
17
100
AcDbEntity
  8
ARR_SECONDARY
100
AcDbLine
 10
68500.0
 20
110200.0
 30
0.0
 11
68850.0
 21
110200.0
 31
0.0
  0
LINE
  5
1641
330
17
100
AcDbEntity
  8
ARR_SECONDARY
100
AcDbLine
 10
69000.0
 20
110200.0
 30
0.0
 11
69350.0
 21
110200.0
 31
0.0
  0
LINE
  5
1642
330
17
100
AcDbEntity
  8
ARR_SECONDARY
100
AcDbLine
 10
69500.0
 20
110200.0
 30
0.0
 11
69850.0
 21
110200.0
 31
0.0
  0
LINE
  5
1643
330
17
100
AcDbEntity
  8
ARR_SECONDARY
100
AcDbLine
 10
70000.0
 20
110200.0
 30
0.0
 11
70350.0
 21
110200.0
 31
0.0
  0
LINE
  5
1644
330
17
100
AcDbEntity
  8
ARR_SECONDARY
100
AcDbLine
 10
70500.0
 20
110200.0
 30
0.0
 11
70850.0
 21
110200.0
 31
0.0
  0
LINE
  5
1645
330
17
100
AcDbEntity
  8
ARR_SECONDARY
100
AcDbLine
 10
71000.0
 20
110200.0
 30
0.0
 11
71350.0
 21
110200.0
 31
0.0
  0
LINE
  5
1646
330
17
100
AcDbEntity
  8
ARR_SECONDARY
100
AcDbLine
 10
71500.0
 20
110200.0
 30
0.0
 11
71850.0
 21
110200.0
 31
0.0
  0
LINE
  5
1647
330
17
100
AcDbEntity
  8
ARR_SECONDARY
100
AcDbLine
 10
72000.0
 20
110200.0
 30
0.0
 11
72350.0
 21
110200.0
 31
0.0
  0
LINE
  5
1648
330
17
100
AcDbEntity
  8
ARR_SECONDARY
100
AcDbLine
 10
72500.0
 20
110200.0
 30
0.0
 11
72850.0
 21
110200.0
 31
0.0
  0
LINE
  5
1649
330
17
100
AcDbEntity
  8
ARR_SECONDARY
100
AcDbLine
 10
73000.0
 20
110200.0
 30
0.0
 11
73350.0
 21
110200.0
 31
0.0
  0
LINE
  5
164A
330
17
100
AcDbEntity
  8
ARR_SECONDARY
100
AcDbLine
 10
73500.0
 20
110200.0
 30
0.0
 11
73850.0
 21
110200.0
 31
0.0
  0
LINE
  5
164B
330
17
100
AcDbEntity
  8
ARR_SECONDARY
100
AcDbLine
 10
74000.0
 20
110200.0
 30
0.0
 11
74350.0
 21
110200.0
 31
0.0
  0
LINE
  5
164C
330
17
100
AcDbEntity
  8
ARR_SECONDARY
100
AcDbLine
 10
74500.0
 20
110200.0
 30
0.0
 11
74850.0
 21
110200.0
 31
0.0
  0
LINE
  5
164D
330
17
100
AcDbEntity
  8
ARR_SECONDARY
100
AcDbLine
 10
75000.0
 20
110200.0
 30
0.0
 11
75350.0
 21
110200.0
 31
0.0
  0
LINE
  5
164E
330
17
100
AcDbEntity
  8
ARR_SECONDARY
100
AcDbLine
 10
75500.0
 20
110200.0
 30
0.0
 11
75850.0
 21
110200.0
 31
0.0
  0
LINE
  5
164F
330
17
100
AcDbEntity
  8
ARR_SECONDARY
100
AcDbLine
 10
76000.0
 20
110200.0
 30
0.0
 11
76350.0
 21
110200.0
 31
0.0
  0
LINE
  5
1650
330
17
100
AcDbEntity
  8
ARR_SECONDARY
100
AcDbLine
 10
76500.0
 20
110200.0
 30
0.0
 11
76850.0
 21
110200.0
 31
0.0
  0
LINE
  5
1651
330
17
100
AcDbEntity
  8
ARR_SECONDARY
100
AcDbLine
 10
77000.0
 20
110200.0
 30
0.0
 11
77350.0
 21
110200.0
 31
0.0
  0
LINE
  5
1652
330
17
100
AcDbEntity
  8
ARR_SECONDARY
100
AcDbLine
 10
77500.0
 20
110200.0
 30
0.0
 11
77850.0
 21
110200.0
 31
0.0
  0
LINE
  5
1653
330
17
100
AcDbEntity
  8
ARR_SECONDARY
100
AcDbLine
 10
78000.0
 20
110200.0
 30
0.0
 11
78350.0
 21
110200.0
 31
0.0
  0
LINE
  5
1654
330
17
100
AcDbEntity
  8
ARR_SECONDARY
100
AcDbLine
 10
78500.0
 20
110200.0
 30
0.0
 11
78850.0
 21
110200.0
 31
0.0
  0
LINE
  5
1655
330
17
100
AcDbEntity
  8
ARR_SECONDARY
100
AcDbLine
 10
79000.0
 20
110200.0
 30
0.0
 11
79350.0
 21
110200.0
 31
0.0
  0
LINE
  5
1656
330
17
100
AcDbEntity
  8
ARR_SECONDARY
100
AcDbLine
 10
79500.0
 20
110200.0
 30
0.0
 11
79850.0
 21
110200.0
 31
0.0
  0
LINE
  5
1657
330
17
100
AcDbEntity
  8
ARR_SECONDARY
100
AcDbLine
 10
80000.0
 20
110200.0
 30
0.0
 11
80350.0
 21
110200.0
 31
0.0
  0
LINE
  5
1658
330
17
100
AcDbEntity
  8
ARR_SECONDARY
100
AcDbLine
 10
80500.0
 20
110200.0
 30
0.0
 11
80850.0
 21
110200.0
 31
0.0
  0
LINE
  5
1659
330
17
100
AcDbEntity
  8
ARR_SECONDARY
100
AcDbLine
 10
81000.0
 20
110200.0
 30
0.0
 11
81350.0
 21
110200.0
 31
0.0
  0
LINE
  5
165A
330
17
100
AcDbEntity
  8
ARR_SECONDARY
100
AcDbLine
 10
81500.0
 20
110200.0
 30
0.0
 11
81850.0
 21
110200.0
 31
0.0
  0
LINE
  5
165B
330
17
100
AcDbEntity
  8
ARR_SECONDARY
100
AcDbLine
 10
82000.0
 20
110200.0
 30
0.0
 11
82350.0
 21
110200.0
 31
0.0
  0
LINE
  5
165C
330
17
100
AcDbEntity
  8
ARR_SECONDARY
100
AcDbLine
 10
82500.0
 20
110200.0
 30
0.0
 11
82850.0
 21
110200.0
 31
0.0
  0
LINE
  5
165D
330
17
100
AcDbEntity
  8
ARR_SECONDARY
100
AcDbLine
 10
83000.0
 20
110200.0
 30
0.0
 11
83350.0
 21
110200.0
 31
0.0
  0
LINE
  5
165E
330
17
100
AcDbEntity
  8
ARR_SECONDARY
100
AcDbLine
 10
83500.0
 20
110200.0
 30
0.0
 11
83850.0
 21
110200.0
 31
0.0
  0
LINE
  5
165F
330
17
100
AcDbEntity
  8
ARR_SECONDARY
100
AcDbLine
 10
66000.0
 20
110966.6666666667
 30
0.0
 11
66350.0
 21
110966.6666666667
 31
0.0
  0
LINE
  5
1660
330
17
100
AcDbEntity
  8
ARR_SECONDARY
100
AcDbLine
 10
66500.0
 20
110966.6666666667
 30
0.0
 11
66850.0
 21
110966.6666666667
 31
0.0
  0
LINE
  5
1661
330
17
100
AcDbEntity
  8
ARR_SECONDARY
100
AcDbLine
 10
67000.0
 20
110966.6666666667
 30
0.0
 11
67350.0
 21
110966.6666666667
 31
0.0
  0
LINE
  5
1662
330
17
100
AcDbEntity
  8
ARR_SECONDARY
100
AcDbLine
 10
67500.0
 20
110966.6666666667
 30
0.0
 11
67850.0
 21
110966.6666666667
 31
0.0
  0
LINE
  5
1663
330
17
100
AcDbEntity
  8
ARR_SECONDARY
100
AcDbLine
 10
68000.0
 20
110966.6666666667
 30
0.0
 11
68350.0
 21
110966.6666666667
 31
0.0
  0
LINE
  5
1664
330
17
100
AcDbEntity
  8
ARR_SECONDARY
100
AcDbLine
 10
68500.0
 20
110966.6666666667
 30
0.0
 11
68850.0
 21
110966.6666666667
 31
0.0
  0
LINE
  5
1665
330
17
100
AcDbEntity
  8
ARR_SECONDARY
100
AcDbLine
 10
69000.0
 20
110966.6666666667
 30
0.0
 11
69350.0
 21
110966.6666666667
 31
0.0
  0
LINE
  5
1666
330
17
100
AcDbEntity
  8
ARR_SECONDARY
100
AcDbLine
 10
69500.0
 20
110966.6666666667
 30
0.0
 11
69850.0
 21
110966.6666666667
 31
0.0
  0
LINE
  5
1667
330
17
100
AcDbEntity
  8
ARR_SECONDARY
100
AcDbLine
 10
70000.0
 20
110966.6666666667
 30
0.0
 11
70350.0
 21
110966.6666666667
 31
0.0
  0
LINE
  5
1668
330
17
100
AcDbEntity
  8
ARR_SECONDARY
100
AcDbLine
 10
70500.0
 20
110966.6666666667
 30
0.0
 11
70850.0
 21
110966.6666666667
 31
0.0
  0
LINE
  5
1669
330
17
100
AcDbEntity
  8
ARR_SECONDARY
100
AcDbLine
 10
71000.0
 20
110966.6666666667
 30
0.0
 11
71350.0
 21
110966.6666666667
 31
0.0
  0
LINE
  5
166A
330
17
100
AcDbEntity
  8
ARR_SECONDARY
100
AcDbLine
 10
71500.0
 20
110966.6666666667
 30
0.0
 11
71850.0
 21
110966.6666666667
 31
0.0
  0
LINE
  5
166B
330
17
100
AcDbEntity
  8
ARR_SECONDARY
100
AcDbLine
 10
72000.0
 20
110966.6666666667
 30
0.0
 11
72350.0
 21
110966.6666666667
 31
0.0
  0
LINE
  5
166C
330
17
100
AcDbEntity
  8
ARR_SECONDARY
100
AcDbLine
 10
72500.0
 20
110966.6666666667
 30
0.0
 11
72850.0
 21
110966.6666666667
 31
0.0
  0
LINE
  5
166D
330
17
100
AcDbEntity
  8
ARR_SECONDARY
100
AcDbLine
 10
73000.0
 20
110966.6666666667
 30
0.0
 11
73350.0
 21
110966.6666666667
 31
0.0
  0
LINE
  5
166E
330
17
100
AcDbEntity
  8
ARR_SECONDARY
100
AcDbLine
 10
73500.0
 20
110966.6666666667
 30
0.0
 11
73850.0
 21
110966.6666666667
 31
0.0
  0
LINE
  5
166F
330
17
100
AcDbEntity
  8
ARR_SECONDARY
100
AcDbLine
 10
74000.0
 20
110966.6666666667
 30
0.0
 11
74350.0
 21
110966.6666666667
 31
0.0
  0
LINE
  5
1670
330
17
100
AcDbEntity
  8
ARR_SECONDARY
100
AcDbLine
 10
74500.0
 20
110966.6666666667
 30
0.0
 11
74850.0
 21
110966.6666666667
 31
0.0
  0
LINE
  5
1671
330
17
100
AcDbEntity
  8
ARR_SECONDARY
100
AcDbLine
 10
75000.0
 20
110966.6666666667
 30
0.0
 11
75350.0
 21
110966.6666666667
 31
0.0
  0
LINE
  5
1672
330
17
100
AcDbEntity
  8
ARR_SECONDARY
100
AcDbLine
 10
75500.0
 20
110966.6666666667
 30
0.0
 11
75850.0
 21
110966.6666666667
 31
0.0
  0
LINE
  5
1673
330
17
100
AcDbEntity
  8
ARR_SECONDARY
100
AcDbLine
 10
76000.0
 20
110966.6666666667
 30
0.0
 11
76350.0
 21
110966.6666666667
 31
0.0
  0
LINE
  5
1674
330
17
100
AcDbEntity
  8
ARR_SECONDARY
100
AcDbLine
 10
76500.0
 20
110966.6666666667
 30
0.0
 11
76850.0
 21
110966.6666666667
 31
0.0
  0
LINE
  5
1675
330
17
100
AcDbEntity
  8
ARR_SECONDARY
100
AcDbLine
 10
77000.0
 20
110966.6666666667
 30
0.0
 11
77350.0
 21
110966.6666666667
 31
0.0
  0
LINE
  5
1676
330
17
100
AcDbEntity
  8
ARR_SECONDARY
100
AcDbLine
 10
77500.0
 20
110966.6666666667
 30
0.0
 11
77850.0
 21
110966.6666666667
 31
0.0
  0
LINE
  5
1677
330
17
100
AcDbEntity
  8
ARR_SECONDARY
100
AcDbLine
 10
78000.0
 20
110966.6666666667
 30
0.0
 11
78350.0
 21
110966.6666666667
 31
0.0
  0
LINE
  5
1678
330
17
100
AcDbEntity
  8
ARR_SECONDARY
100
AcDbLine
 10
78500.0
 20
110966.6666666667
 30
0.0
 11
78850.0
 21
110966.6666666667
 31
0.0
  0
LINE
  5
1679
330
17
100
AcDbEntity
  8
ARR_SECONDARY
100
AcDbLine
 10
79000.0
 20
110966.6666666667
 30
0.0
 11
79350.0
 21
110966.6666666667
 31
0.0
  0
LINE
  5
167A
330
17
100
AcDbEntity
  8
ARR_SECONDARY
100
AcDbLine
 10
79500.0
 20
110966.6666666667
 30
0.0
 11
79850.0
 21
110966.6666666667
 31
0.0
  0
LINE
  5
167B
330
17
100
AcDbEntity
  8
ARR_SECONDARY
100
AcDbLine
 10
80000.0
 20
110966.6666666667
 30
0.0
 11
80350.0
 21
110966.6666666667
 31
0.0
  0
LINE
  5
167C
330
17
100
AcDbEntity
  8
ARR_SECONDARY
100
AcDbLine
 10
80500.0
 20
110966.6666666667
 30
0.0
 11
80850.0
 21
110966.6666666667
 31
0.0
  0
LINE
  5
167D
330
17
100
AcDbEntity
  8
ARR_SECONDARY
100
AcDbLine
 10
81000.0
 20
110966.6666666667
 30
0.0
 11
81350.0
 21
110966.6666666667
 31
0.0
  0
LINE
  5
167E
330
17
100
AcDbEntity
  8
ARR_SECONDARY
100
AcDbLine
 10
81500.0
 20
110966.6666666667
 30
0.0
 11
81850.0
 21
110966.6666666667
 31
0.0
  0
LINE
  5
167F
330
17
100
AcDbEntity
  8
ARR_SECONDARY
100
AcDbLine
 10
82000.0
 20
110966.6666666667
 30
0.0
 11
82350.0
 21
110966.6666666667
 31
0.0
  0
LINE
  5
1680
330
17
100
AcDbEntity
  8
ARR_SECONDARY
100
AcDbLine
 10
82500.0
 20
110966.6666666667
 30
0.0
 11
82850.0
 21
110966.6666666667
 31
0.0
  0
LINE
  5
1681
330
17
100
AcDbEntity
  8
ARR_SECONDARY
100
AcDbLine
 10
83000.0
 20
110966.6666666667
 30
0.0
 11
83350.0
 21
110966.6666666667
 31
0.0
  0
LINE
  5
1682
330
17
100
AcDbEntity
  8
ARR_SECONDARY
100
AcDbLine
 10
83500.0
 20
110966.6666666667
 30
0.0
 11
83850.0
 21
110966.6666666667
 31
0.0
  0
LINE
  5
1683
330
17
100
AcDbEntity
  8
ARR_SECONDARY
100
AcDbLine
 10
66000.0
 20
111733.3333333333
 30
0.0
 11
66350.0
 21
111733.3333333333
 31
0.0
  0
LINE
  5
1684
330
17
100
AcDbEntity
  8
ARR_SECONDARY
100
AcDbLine
 10
66500.0
 20
111733.3333333333
 30
0.0
 11
66850.0
 21
111733.3333333333
 31
0.0
  0
LINE
  5
1685
330
17
100
AcDbEntity
  8
ARR_SECONDARY
100
AcDbLine
 10
67000.0
 20
111733.3333333333
 30
0.0
 11
67350.0
 21
111733.3333333333
 31
0.0
  0
LINE
  5
1686
330
17
100
AcDbEntity
  8
ARR_SECONDARY
100
AcDbLine
 10
67500.0
 20
111733.3333333333
 30
0.0
 11
67850.0
 21
111733.3333333333
 31
0.0
  0
LINE
  5
1687
330
17
100
AcDbEntity
  8
ARR_SECONDARY
100
AcDbLine
 10
68000.0
 20
111733.3333333333
 30
0.0
 11
68350.0
 21
111733.3333333333
 31
0.0
  0
LINE
  5
1688
330
17
100
AcDbEntity
  8
ARR_SECONDARY
100
AcDbLine
 10
68500.0
 20
111733.3333333333
 30
0.0
 11
68850.0
 21
111733.3333333333
 31
0.0
  0
LINE
  5
1689
330
17
100
AcDbEntity
  8
ARR_SECONDARY
100
AcDbLine
 10
69000.0
 20
111733.3333333333
 30
0.0
 11
69350.0
 21
111733.3333333333
 31
0.0
  0
LINE
  5
168A
330
17
100
AcDbEntity
  8
ARR_SECONDARY
100
AcDbLine
 10
69500.0
 20
111733.3333333333
 30
0.0
 11
69850.0
 21
111733.3333333333
 31
0.0
  0
LINE
  5
168B
330
17
100
AcDbEntity
  8
ARR_SECONDARY
100
AcDbLine
 10
70000.0
 20
111733.3333333333
 30
0.0
 11
70350.0
 21
111733.3333333333
 31
0.0
  0
LINE
  5
168C
330
17
100
AcDbEntity
  8
ARR_SECONDARY
100
AcDbLine
 10
70500.0
 20
111733.3333333333
 30
0.0
 11
70850.0
 21
111733.3333333333
 31
0.0
  0
LINE
  5
168D
330
17
100
AcDbEntity
  8
ARR_SECONDARY
100
AcDbLine
 10
71000.0
 20
111733.3333333333
 30
0.0
 11
71350.0
 21
111733.3333333333
 31
0.0
  0
LINE
  5
168E
330
17
100
AcDbEntity
  8
ARR_SECONDARY
100
AcDbLine
 10
71500.0
 20
111733.3333333333
 30
0.0
 11
71850.0
 21
111733.3333333333
 31
0.0
  0
LINE
  5
168F
330
17
100
AcDbEntity
  8
ARR_SECONDARY
100
AcDbLine
 10
72000.0
 20
111733.3333333333
 30
0.0
 11
72350.0
 21
111733.3333333333
 31
0.0
  0
LINE
  5
1690
330
17
100
AcDbEntity
  8
ARR_SECONDARY
100
AcDbLine
 10
72500.0
 20
111733.3333333333
 30
0.0
 11
72850.0
 21
111733.3333333333
 31
0.0
  0
LINE
  5
1691
330
17
100
AcDbEntity
  8
ARR_SECONDARY
100
AcDbLine
 10
73000.0
 20
111733.3333333333
 30
0.0
 11
73350.0
 21
111733.3333333333
 31
0.0
  0
LINE
  5
1692
330
17
100
AcDbEntity
  8
ARR_SECONDARY
100
AcDbLine
 10
73500.0
 20
111733.3333333333
 30
0.0
 11
73850.0
 21
111733.3333333333
 31
0.0
  0
LINE
  5
1693
330
17
100
AcDbEntity
  8
ARR_SECONDARY
100
AcDbLine
 10
74000.0
 20
111733.3333333333
 30
0.0
 11
74350.0
 21
111733.3333333333
 31
0.0
  0
LINE
  5
1694
330
17
100
AcDbEntity
  8
ARR_SECONDARY
100
AcDbLine
 10
74500.0
 20
111733.3333333333
 30
0.0
 11
74850.0
 21
111733.3333333333
 31
0.0
  0
LINE
  5
1695
330
17
100
AcDbEntity
  8
ARR_SECONDARY
100
AcDbLine
 10
75000.0
 20
111733.3333333333
 30
0.0
 11
75350.0
 21
111733.3333333333
 31
0.0
  0
LINE
  5
1696
330
17
100
AcDbEntity
  8
ARR_SECONDARY
100
AcDbLine
 10
75500.0
 20
111733.3333333333
 30
0.0
 11
75850.0
 21
111733.3333333333
 31
0.0
  0
LINE
  5
1697
330
17
100
AcDbEntity
  8
ARR_SECONDARY
100
AcDbLine
 10
76000.0
 20
111733.3333333333
 30
0.0
 11
76350.0
 21
111733.3333333333
 31
0.0
  0
LINE
  5
1698
330
17
100
AcDbEntity
  8
ARR_SECONDARY
100
AcDbLine
 10
76500.0
 20
111733.3333333333
 30
0.0
 11
76850.0
 21
111733.3333333333
 31
0.0
  0
LINE
  5
1699
330
17
100
AcDbEntity
  8
ARR_SECONDARY
100
AcDbLine
 10
77000.0
 20
111733.3333333333
 30
0.0
 11
77350.0
 21
111733.3333333333
 31
0.0
  0
LINE
  5
169A
330
17
100
AcDbEntity
  8
ARR_SECONDARY
100
AcDbLine
 10
77500.0
 20
111733.3333333333
 30
0.0
 11
77850.0
 21
111733.3333333333
 31
0.0
  0
LINE
  5
169B
330
17
100
AcDbEntity
  8
ARR_SECONDARY
100
AcDbLine
 10
78000.0
 20
111733.3333333333
 30
0.0
 11
78350.0
 21
111733.3333333333
 31
0.0
  0
LINE
  5
169C
330
17
100
AcDbEntity
  8
ARR_SECONDARY
100
AcDbLine
 10
78500.0
 20
111733.3333333333
 30
0.0
 11
78850.0
 21
111733.3333333333
 31
0.0
  0
LINE
  5
169D
330
17
100
AcDbEntity
  8
ARR_SECONDARY
100
AcDbLine
 10
79000.0
 20
111733.3333333333
 30
0.0
 11
79350.0
 21
111733.3333333333
 31
0.0
  0
LINE
  5
169E
330
17
100
AcDbEntity
  8
ARR_SECONDARY
100
AcDbLine
 10
79500.0
 20
111733.3333333333
 30
0.0
 11
79850.0
 21
111733.3333333333
 31
0.0
  0
LINE
  5
169F
330
17
100
AcDbEntity
  8
ARR_SECONDARY
100
AcDbLine
 10
80000.0
 20
111733.3333333333
 30
0.0
 11
80350.0
 21
111733.3333333333
 31
0.0
  0
LINE
  5
16A0
330
17
100
AcDbEntity
  8
ARR_SECONDARY
100
AcDbLine
 10
80500.0
 20
111733.3333333333
 30
0.0
 11
80850.0
 21
111733.3333333333
 31
0.0
  0
LINE
  5
16A1
330
17
100
AcDbEntity
  8
ARR_SECONDARY
100
AcDbLine
 10
81000.0
 20
111733.3333333333
 30
0.0
 11
81350.0
 21
111733.3333333333
 31
0.0
  0
LINE
  5
16A2
330
17
100
AcDbEntity
  8
ARR_SECONDARY
100
AcDbLine
 10
81500.0
 20
111733.3333333333
 30
0.0
 11
81850.0
 21
111733.3333333333
 31
0.0
  0
LINE
  5
16A3
330
17
100
AcDbEntity
  8
ARR_SECONDARY
100
AcDbLine
 10
82000.0
 20
111733.3333333333
 30
0.0
 11
82350.0
 21
111733.3333333333
 31
0.0
  0
LINE
  5
16A4
330
17
100
AcDbEntity
  8
ARR_SECONDARY
100
AcDbLine
 10
82500.0
 20
111733.3333333333
 30
0.0
 11
82850.0
 21
111733.3333333333
 31
0.0
  0
LINE
  5
16A5
330
17
100
AcDbEntity
  8
ARR_SECONDARY
100
AcDbLine
 10
83000.0
 20
111733.3333333333
 30
0.0
 11
83350.0
 21
111733.3333333333
 31
0.0
  0
LINE
  5
16A6
330
17
100
AcDbEntity
  8
ARR_SECONDARY
100
AcDbLine
 10
83500.0
 20
111733.3333333333
 30
0.0
 11
83850.0
 21
111733.3333333333
 31
0.0
  0
LINE
  5
16A7
330
17
100
AcDbEntity
  8
ARR_CENTER
100
AcDbLine
 10
65350.0
 20
101000.0
 30
0.0
 11
65796.875
 21
101000.0
 31
0.0
  0
LINE
  5
16A8
330
17
100
AcDbEntity
  8
ARR_CENTER
100
AcDbLine
 10
66037.5
 20
101000.0
 30
0.0
 11
66484.375
 21
101000.0
 31
0.0
  0
LINE
  5
16A9
330
17
100
AcDbEntity
  8
ARR_CENTER
100
AcDbLine
 10
66725.0
 20
101000.0
 30
0.0
 11
67171.875
 21
101000.0
 31
0.0
  0
LINE
  5
16AA
330
17
100
AcDbEntity
  8
ARR_CENTER
100
AcDbLine
 10
67412.49999999999
 20
101000.0
 30
0.0
 11
67859.375
 21
101000.0
 31
0.0
  0
LINE
  5
16AB
330
17
100
AcDbEntity
  8
ARR_CENTER
100
AcDbLine
 10
68100.0
 20
101000.0
 30
0.0
 11
68546.875
 21
101000.0
 31
0.0
  0
LINE
  5
16AC
330
17
100
AcDbEntity
  8
ARR_CENTER
100
AcDbLine
 10
68787.5
 20
101000.0
 30
0.0
 11
69234.375
 21
101000.0
 31
0.0
  0
LINE
  5
16AD
330
17
100
AcDbEntity
  8
ARR_CENTER
100
AcDbLine
 10
69475.0
 20
101000.0
 30
0.0
 11
69921.875
 21
101000.0
 31
0.0
  0
LINE
  5
16AE
330
17
100
AcDbEntity
  8
ARR_CENTER
100
AcDbLine
 10
70162.5
 20
101000.0
 30
0.0
 11
70609.375
 21
101000.0
 31
0.0
  0
LINE
  5
16AF
330
17
100
AcDbEntity
  8
ARR_CENTER
100
AcDbLine
 10
70850.0
 20
101000.0
 30
0.0
 11
71296.875
 21
101000.0
 31
0.0
  0
LINE
  5
16B0
330
17
100
AcDbEntity
  8
ARR_CENTER
100
AcDbLine
 10
71537.5
 20
101000.0
 30
0.0
 11
71984.375
 21
101000.0
 31
0.0
  0
LINE
  5
16B1
330
17
100
AcDbEntity
  8
ARR_CENTER
100
AcDbLine
 10
72225.0
 20
101000.0
 30
0.0
 11
72671.875
 21
101000.0
 31
0.0
  0
LINE
  5
16B2
330
17
100
AcDbEntity
  8
ARR_CENTER
100
AcDbLine
 10
72912.5
 20
101000.0
 30
0.0
 11
73359.375
 21
101000.0
 31
0.0
  0
LINE
  5
16B3
330
17
100
AcDbEntity
  8
ARR_CENTER
100
AcDbLine
 10
73600.0
 20
101000.0
 30
0.0
 11
74046.875
 21
101000.0
 31
0.0
  0
LINE
  5
16B4
330
17
100
AcDbEntity
  8
ARR_CENTER
100
AcDbLine
 10
74287.49999999999
 20
101000.0
 30
0.0
 11
74734.375
 21
101000.0
 31
0.0
  0
LINE
  5
16B5
330
17
100
AcDbEntity
  8
ARR_CENTER
100
AcDbLine
 10
74975.0
 20
101000.0
 30
0.0
 11
75421.875
 21
101000.0
 31
0.0
  0
LINE
  5
16B6
330
17
100
AcDbEntity
  8
ARR_CENTER
100
AcDbLine
 10
75662.5
 20
101000.0
 30
0.0
 11
76109.375
 21
101000.0
 31
0.0
  0
LINE
  5
16B7
330
17
100
AcDbEntity
  8
ARR_CENTER
100
AcDbLine
 10
76350.0
 20
101000.0
 30
0.0
 11
76796.875
 21
101000.0
 31
0.0
  0
LINE
  5
16B8
330
17
100
AcDbEntity
  8
ARR_CENTER
100
AcDbLine
 10
77037.5
 20
101000.0
 30
0.0
 11
77484.375
 21
101000.0
 31
0.0
  0
LINE
  5
16B9
330
17
100
AcDbEntity
  8
ARR_CENTER
100
AcDbLine
 10
77725.0
 20
101000.0
 30
0.0
 11
78171.875
 21
101000.0
 31
0.0
  0
LINE
  5
16BA
330
17
100
AcDbEntity
  8
ARR_CENTER
100
AcDbLine
 10
78412.5
 20
101000.0
 30
0.0
 11
78859.375
 21
101000.0
 31
0.0
  0
LINE
  5
16BB
330
17
100
AcDbEntity
  8
ARR_CENTER
100
AcDbLine
 10
79100.0
 20
101000.0
 30
0.0
 11
79546.875
 21
101000.0
 31
0.0
  0
LINE
  5
16BC
330
17
100
AcDbEntity
  8
ARR_CENTER
100
AcDbLine
 10
79787.5
 20
101000.0
 30
0.0
 11
80234.375
 21
101000.0
 31
0.0
  0
LINE
  5
16BD
330
17
100
AcDbEntity
  8
ARR_CENTER
100
AcDbLine
 10
80475.0
 20
101000.0
 30
0.0
 11
80921.87499999999
 21
101000.0
 31
0.0
  0
LINE
  5
16BE
330
17
100
AcDbEntity
  8
ARR_CENTER
100
AcDbLine
 10
81162.5
 20
101000.0
 30
0.0
 11
81609.37500000001
 21
101000.0
 31
0.0
  0
LINE
  5
16BF
330
17
100
AcDbEntity
  8
ARR_CENTER
100
AcDbLine
 10
81850.0
 20
101000.0
 30
0.0
 11
82296.875
 21
101000.0
 31
0.0
  0
LINE
  5
16C0
330
17
100
AcDbEntity
  8
ARR_CENTER
100
AcDbLine
 10
82537.5
 20
101000.0
 30
0.0
 11
82984.375
 21
101000.0
 31
0.0
  0
LINE
  5
16C1
330
17
100
AcDbEntity
  8
ARR_CENTER
100
AcDbLine
 10
83225.0
 20
101000.0
 30
0.0
 11
83671.875
 21
101000.0
 31
0.0
  0
LINE
  5
16C2
330
17
100
AcDbEntity
  8
ARR_CENTER
100
AcDbLine
 10
83912.50000000001
 20
101000.0
 30
0.0
 11
84359.37499999999
 21
101000.0
 31
0.0
  0
TEXT
  5
16C3
330
17
100
AcDbEntity
  8
ARR_NOTE
100
AcDbText
 10
84250.0
 20
101200.0
 30
0.0
 40
190.0
  1
ДП
  7
unicode
100
AcDbText
  0
TEXT
  5
16C4
330
17
100
AcDbEntity
  8
ARR_NOTE
100
AcDbText
 10
66000.0
 20
98800.0
 30
0.0
 40
220.0
  1
x = 52 500...70 500
  7
unicode
100
AcDbText
  0
TEXT
  5
16C5
330
17
100
AcDbEntity
  8
ARR_NOTE
100
AcDbText
 10
78909.29058663028
 20
115060.0
 30
0.0
 40
180.0
  1
x = 66 000
  7
unicode
 72
     1
 11
79500.0
 21
115150.0
 31
0.0
100
AcDbText
 73
     2
  0
TEXT
  5
16C6
330
17
100
AcDbEntity
  8
ARR_NOTE
100
AcDbText
 10
72000.0
 20
116300.0
 30
0.0
 40
210.0
  1
Продольная система
  7
unicode
100
AcDbText
  0
LWPOLYLINE
  5
16C7
330
17
100
AcDbEntity
  8
ARR_NOTE
100
AcDbPolyline
 90
        2
 70
     0
 43
0.0
 10
42500.0
 20
110000.0
 10
44000.0
 20
111000.0
  0
TEXT
  5
16C8
330
17
100
AcDbEntity
  8
ARR_NOTE
100
AcDbText
 10
44200.0
 20
111100.0
 30
0.0
 40
260.0
  1
2
  7
unicode
100
AcDbText
  0
LWPOLYLINE
  5
16C9
330
17
100
AcDbEntity
  8
ARR_NOTE
100
AcDbPolyline
 90
        2
 70
     0
 43
0.0
 10
46500.0
 20
108666.6666666666
 10
48000.0
 20
109300.0
  0
TEXT
  5
16CA
330
17
100
AcDbEntity
  8
ARR_NOTE
100
AcDbText
 10
48100.0
 20
109400.0
 30
0.0
 40
260.0
  1
5
  7
unicode
100
AcDbText
  0
LWPOLYLINE
  5
16CB
330
17
100
AcDbEntity
  8
ARR_NOTE
100
AcDbPolyline
 90
        2
 70
     0
 43
0.0
 10
46000.0
 20
112500.0
 10
47500.0
 20
113700.0
  0
TEXT
  5
16CC
330
17
100
AcDbEntity
  8
ARR_NOTE
100
AcDbText
 10
47600.0
 20
113800.0
 30
0.0
 40
260.0
  1
3
  7
unicode
100
AcDbText
  0
LWPOLYLINE
  5
16CD
330
17
100
AcDbEntity
  8
ARR_NOTE
100
AcDbPolyline
 90
        2
 70
     0
 43
0.0
 10
46000.0
 20
101000.0
 10
47200.0
 20
102500.0
  0
TEXT
  5
16CE
330
17
100
AcDbEntity
  8
ARR_NOTE
100
AcDbText
 10
47400.0
 20
102650.0
 30
0.0
 40
260.0
  1
4
  7
unicode
100
AcDbText
  0
LWPOLYLINE
  5
16CF
330
17
100
AcDbEntity
  8
ARR_NOTE
100
AcDbPolyline
 90
        2
 70
     0
 43
0.0
 10
51500.0
 20
110500.0
 10
53000.0
 20
111000.0
  0
TEXT
  5
16D0
330
17
100
AcDbEntity
  8
ARR_NOTE
100
AcDbText
 10
53200.0
 20
111100.0
 30
0.0
 40
260.0
  1
1
  7
unicode
100
AcDbText
  0
LWPOLYLINE
  5
16D1
330
17
100
AcDbEntity
  8
ARR_SECONDARY
100
AcDbPolyline
 90
        2
 70
     0
 43
0.0
 10
66750.0
 20
100550.0
 10
66750.0
 20
101450.0
  0
LWPOLYLINE
  5
16D2
330
17
100
AcDbEntity
  8
ARR_SECONDARY
100
AcDbPolyline
 90
        2
 70
     0
 43
0.0
 10
66750.0
 20
112500.0
 10
66750.0
 20
114500.0
  0
LWPOLYLINE
  5
16D3
330
17
100
AcDbEntity
  8
ARR_SECONDARY
100
AcDbPolyline
 90
        2
 70
     0
 43
0.0
 10
67500.0
 20
100550.0
 10
67500.0
 20
101450.0
  0
LWPOLYLINE
  5
16D4
330
17
100
AcDbEntity
  8
ARR_SECONDARY
100
AcDbPolyline
 90
        2
 70
     0
 43
0.0
 10
67500.0
 20
112500.0
 10
67500.0
 20
114500.0
  0
LWPOLYLINE
  5
16D5
330
17
100
AcDbEntity
  8
ARR_SECONDARY
100
AcDbPolyline
 90
        2
 70
     0
 43
0.0
 10
69000.0
 20
100550.0
 10
69000.0
 20
101450.0
  0
LWPOLYLINE
  5
16D6
330
17
100
AcDbEntity
  8
ARR_SECONDARY
100
AcDbPolyline
 90
        2
 70
     0
 43
0.0
 10
69000.0
 20
112500.0
 10
69000.0
 20
114500.0
  0
LWPOLYLINE
  5
16D7
330
17
100
AcDbEntity
  8
ARR_SECONDARY
100
AcDbPolyline
 90
        2
 70
     0
 43
0.0
 10
69750.0
 20
100550.0
 10
69750.0
 20
101450.0
  0
LWPOLYLINE
  5
16D8
330
17
100
AcDbEntity
  8
ARR_SECONDARY
100
AcDbPolyline
 90
        2
 70
     0
 43
0.0
 10
69750.0
 20
112500.0
 10
69750.0
 20
114500.0
  0
LWPOLYLINE
  5
16D9
330
17
100
AcDbEntity
  8
ARR_SECONDARY
100
AcDbPolyline
 90
        2
 70
     0
 43
0.0
 10
71250.0
 20
100550.0
 10
71250.0
 20
101450.0
  0
LWPOLYLINE
  5
16DA
330
17
100
AcDbEntity
  8
ARR_SECONDARY
100
AcDbPolyline
 90
        2
 70
     0
 43
0.0
 10
71250.0
 20
112500.0
 10
71250.0
 20
114500.0
  0
LWPOLYLINE
  5
16DB
330
17
100
AcDbEntity
  8
ARR_SECONDARY
100
AcDbPolyline
 90
        2
 70
     0
 43
0.0
 10
72000.0
 20
100550.0
 10
72000.0
 20
101450.0
  0
LWPOLYLINE
  5
16DC
330
17
100
AcDbEntity
  8
ARR_SECONDARY
100
AcDbPolyline
 90
        2
 70
     0
 43
0.0
 10
72000.0
 20
112500.0
 10
72000.0
 20
114500.0
  0
LWPOLYLINE
  5
16DD
330
17
100
AcDbEntity
  8
ARR_SECONDARY
100
AcDbPolyline
 90
        2
 70
     0
 43
0.0
 10
73500.0
 20
100550.0
 10
73500.0
 20
101450.0
  0
LWPOLYLINE
  5
16DE
330
17
100
AcDbEntity
  8
ARR_SECONDARY
100
AcDbPolyline
 90
        2
 70
     0
 43
0.0
 10
73500.0
 20
112500.0
 10
73500.0
 20
114500.0
  0
LWPOLYLINE
  5
16DF
330
17
100
AcDbEntity
  8
ARR_SECONDARY
100
AcDbPolyline
 90
        2
 70
     0
 43
0.0
 10
74250.0
 20
100550.0
 10
74250.0
 20
101450.0
  0
LWPOLYLINE
  5
16E0
330
17
100
AcDbEntity
  8
ARR_SECONDARY
100
AcDbPolyline
 90
        2
 70
     0
 43
0.0
 10
74250.0
 20
112500.0
 10
74250.0
 20
114500.0
  0
LWPOLYLINE
  5
16E1
330
17
100
AcDbEntity
  8
ARR_SECONDARY
100
AcDbPolyline
 90
        2
 70
     0
 43
0.0
 10
75750.0
 20
100550.0
 10
75750.0
 20
101450.0
  0
LWPOLYLINE
  5
16E2
330
17
100
AcDbEntity
  8
ARR_SECONDARY
100
AcDbPolyline
 90
        2
 70
     0
 43
0.0
 10
75750.0
 20
112500.0
 10
75750.0
 20
114500.0
  0
LWPOLYLINE
  5
16E3
330
17
100
AcDbEntity
  8
ARR_SECONDARY
100
AcDbPolyline
 90
        2
 70
     0
 43
0.0
 10
76500.0
 20
100550.0
 10
76500.0
 20
101450.0
  0
LWPOLYLINE
  5
16E4
330
17
100
AcDbEntity
  8
ARR_SECONDARY
100
AcDbPolyline
 90
        2
 70
     0
 43
0.0
 10
76500.0
 20
112500.0
 10
76500.0
 20
114500.0
  0
LWPOLYLINE
  5
16E5
330
17
100
AcDbEntity
  8
ARR_SECONDARY
100
AcDbPolyline
 90
        2
 70
     0
 43
0.0
 10
78000.0
 20
100550.0
 10
78000.0
 20
101450.0
  0
LWPOLYLINE
  5
16E6
330
17
100
AcDbEntity
  8
ARR_SECONDARY
100
AcDbPolyline
 90
        2
 70
     0
 43
0.0
 10
78000.0
 20
112500.0
 10
78000.0
 20
114500.0
  0
LWPOLYLINE
  5
16E7
330
17
100
AcDbEntity
  8
ARR_SECONDARY
100
AcDbPolyline
 90
        2
 70
     0
 43
0.0
 10
78750.0
 20
100550.0
 10
78750.0
 20
101450.0
  0
LWPOLYLINE
  5
16E8
330
17
100
AcDbEntity
  8
ARR_SECONDARY
100
AcDbPolyline
 90
        2
 70
     0
 43
0.0
 10
78750.0
 20
112500.0
 10
78750.0
 20
114500.0
  0
LWPOLYLINE
  5
16E9
330
17
100
AcDbEntity
  8
ARR_SECONDARY
100
AcDbPolyline
 90
        2
 70
     0
 43
0.0
 10
80250.0
 20
100550.0
 10
80250.0
 20
101450.0
  0
LWPOLYLINE
  5
16EA
330
17
100
AcDbEntity
  8
ARR_SECONDARY
100
AcDbPolyline
 90
        2
 70
     0
 43
0.0
 10
80250.0
 20
112500.0
 10
80250.0
 20
114500.0
  0
LWPOLYLINE
  5
16EB
330
17
100
AcDbEntity
  8
ARR_SECONDARY
100
AcDbPolyline
 90
        2
 70
     0
 43
0.0
 10
81000.0
 20
100550.0
 10
81000.0
 20
101450.0
  0
LWPOLYLINE
  5
16EC
330
17
100
AcDbEntity
  8
ARR_SECONDARY
100
AcDbPolyline
 90
        2
 70
     0
 43
0.0
 10
81000.0
 20
112500.0
 10
81000.0
 20
114500.0
  0
LWPOLYLINE
  5
16ED
330
17
100
AcDbEntity
  8
ARR_SECONDARY
100
AcDbPolyline
 90
        2
 70
     0
 43
0.0
 10
82500.0
 20
100550.0
 10
82500.0
 20
101450.0
  0
LWPOLYLINE
  5
16EE
330
17
100
AcDbEntity
  8
ARR_SECONDARY
100
AcDbPolyline
 90
        2
 70
     0
 43
0.0
 10
82500.0
 20
112500.0
 10
82500.0
 20
114500.0
  0
LWPOLYLINE
  5
16EF
330
17
100
AcDbEntity
  8
ARR_SECONDARY
100
AcDbPolyline
 90
        2
 70
     0
 43
0.0
 10
83250.0
 20
100550.0
 10
83250.0
 20
101450.0
  0
LWPOLYLINE
  5
16F0
330
17
100
AcDbEntity
  8
ARR_SECONDARY
100
AcDbPolyline
 90
        2
 70
     0
 43
0.0
 10
83250.0
 20
112500.0
 10
83250.0
 20
114500.0
  0
LWPOLYLINE
  5
16F1
330
17
100
AcDbEntity
  8
ARR_NOTE
100
AcDbPolyline
 90
        2
 70
     0
 43
0.0
 10
70500.0
 20
110000.0
 10
72000.0
 20
111000.0
  0
TEXT
  5
16F2
330
17
100
AcDbEntity
  8
ARR_NOTE
100
AcDbText
 10
72200.0
 20
111100.0
 30
0.0
 40
260.0
  1
2
  7
unicode
100
AcDbText
  0
LWPOLYLINE
  5
16F3
330
17
100
AcDbEntity
  8
ARR_NOTE
100
AcDbPolyline
 90
        2
 70
     0
 43
0.0
 10
66750.0
 20
101300.0
 10
68100.0
 20
102900.0
  0
TEXT
  5
16F4
330
17
100
AcDbEntity
  8
ARR_NOTE
100
AcDbText
 10
68300.0
 20
103000.0
 30
0.0
 40
260.0
  1
5
  7
unicode
100
AcDbText
  0
LWPOLYLINE
  5
16F5
330
17
100
AcDbEntity
  8
ARR_NOTE
100
AcDbPolyline
 90
        2
 70
     0
 43
0.0
 10
66750.0
 20
113600.0
 10
68100.0
 20
111800.0
  0
TEXT
  5
16F6
330
17
100
AcDbEntity
  8
ARR_NOTE
100
AcDbText
 10
68300.0
 20
111700.0
 30
0.0
 40
260.0
  1
6
  7
unicode
100
AcDbText
  0
LWPOLYLINE
  5
16F7
330
17
100
AcDbEntity
  8
ARR_NOTE
100
AcDbPolyline
 90
        2
 70
     0
 43
0.0
 10
74000.0
 20
112500.0
 10
75500.0
 20
113700.0
  0
TEXT
  5
16F8
330
17
100
AcDbEntity
  8
ARR_NOTE
100
AcDbText
 10
75600.0
 20
113800.0
 30
0.0
 40
260.0
  1
3
  7
unicode
100
AcDbText
  0
LWPOLYLINE
  5
16F9
330
17
100
AcDbEntity
  8
ARR_NOTE
100
AcDbPolyline
 90
        2
 70
     0
 43
0.0
 10
74000.0
 20
101000.0
 10
75200.0
 20
102500.0
  0
TEXT
  5
16FA
330
17
100
AcDbEntity
  8
ARR_NOTE
100
AcDbText
 10
75400.0
 20
102650.0
 30
0.0
 40
260.0
  1
4
  7
unicode
100
AcDbText
  0
LWPOLYLINE
  5
16FB
330
17
100
AcDbEntity
  8
ARR_NOTE
100
AcDbPolyline
 90
        2
 70
     0
 43
0.0
 10
79500.0
 20
110500.0
 10
81000.0
 20
111000.0
  0
TEXT
  5
16FC
330
17
100
AcDbEntity
  8
ARR_NOTE
100
AcDbText
 10
81200.0
 20
111100.0
 30
0.0
 40
260.0
  1
1
  7
unicode
100
AcDbText
  0
LINE
  5
16FD
330
17
100
AcDbEntity
  8
ARR_HULL
100
AcDbLine
 10
98000.0
 20
116500.0
 30
0.0
 11
116000.0
 21
116500.0
 31
0.0
  0
LWPOLYLINE
  5
16FE
330
17
100
AcDbEntity
  8
ARR_HULL
100
AcDbPolyline
 90
       33
 70
     0
 43
0.0
 10
98000.0
 20
102800.0
 10
97998.27067523628
 20
103228.125
 10
97993.14915792601
 20
103656.25
 10
97984.83226510722
 20
104084.375
 10
97973.63961030679
 20
104512.5
 10
97960.00132097177
 20
104940.625
 10
97944.44150891287
 20
105368.75
 10
97927.55812898146
 20
105796.875
 10
97910.0
 20
106225.0
 10
97892.44187101854
 20
106653.125
 10
97875.55849108713
 20
107081.25
 10
97859.99867902825
 20
107509.375
 10
97846.3603896932
 20
107937.5
 10
97835.16773489278
 20
108365.625
 10
97826.85084207399
 20
108793.75
 10
97821.72932476372
 20
109221.875
 10
97820.0
 20
109650.0
 10
97821.72932476372
 20
110078.125
 10
97826.85084207399
 20
110506.25
 10
97835.16773489278
 20
110934.375
 10
97846.3603896932
 20
111362.5
 10
97859.99867902825
 20
111790.625
 10
97875.55849108713
 20
112218.75
 10
97892.44187101854
 20
112646.875
 10
97910.0
 20
113075.0
 10
97927.55812898146
 20
113503.125
 10
97944.44150891287
 20
113931.25
 10
97960.00132097177
 20
114359.375
 10
97973.63961030679
 20
114787.5
 10
97984.83226510722
 20
115215.625
 10
97993.14915792601
 20
115643.75
 10
97998.27067523628
 20
116071.875
 10
98000.0
 20
116500.0
  0
LWPOLYLINE
  5
16FF
330
17
100
AcDbEntity
  8
ARR_HULL
100
AcDbPolyline
 90
       33
 70
     0
 43
0.0
 10
116000.0
 20
102800.0
 10
116001.7293247637
 20
103228.125
 10
116006.850842074
 20
103656.25
 10
116015.1677348927
 20
104084.375
 10
116026.3603896932
 20
104512.5
 10
116039.9986790282
 20
104940.625
 10
116055.5584910871
 20
105368.75
 10
116072.4418710185
 20
105796.875
 10
116090.0
 20
106225.0
 10
116107.5581289814
 20
106653.125
 10
116124.4415089128
 20
107081.25
 10
116140.0013209717
 20
107509.375
 10
116153.6396103068
 20
107937.5
 10
116164.8322651072
 20
108365.625
 10
116173.149157926
 20
108793.75
 10
116178.2706752362
 20
109221.875
 10
116180.0
 20
109650.0
 10
116178.2706752362
 20
110078.125
 10
116173.149157926
 20
110506.25
 10
116164.8322651072
 20
110934.375
 10
116153.6396103068
 20
111362.5
 10
116140.0013209717
 20
111790.625
 10
116124.4415089128
 20
112218.75
 10
116107.5581289814
 20
112646.875
 10
116090.0
 20
113075.0
 10
116072.4418710185
 20
113503.125
 10
116055.5584910871
 20
113931.25
 10
116039.9986790282
 20
114359.375
 10
116026.3603896932
 20
114787.5
 10
116015.1677348927
 20
115215.625
 10
116006.850842074
 20
115643.75
 10
116001.7293247637
 20
116071.875
 10
116000.0
 20
116500.0
  0
LINE
  5
1700
330
17
100
AcDbEntity
  8
ARR_BOUNDARY
100
AcDbLine
 10
98000.0
 20
102800.0
 30
0.0
 11
116000.0
 21
102800.0
 31
0.0
  0
LINE
  5
1701
330
17
100
AcDbEntity
  8
ARR_PRIMARY
100
AcDbLine
 10
98000.0
 20
106200.0
 30
0.0
 11
98350.0
 21
106200.0
 31
0.0
  0
LINE
  5
1702
330
17
100
AcDbEntity
  8
ARR_PRIMARY
100
AcDbLine
 10
98500.0
 20
106200.0
 30
0.0
 11
98850.0
 21
106200.0
 31
0.0
  0
LINE
  5
1703
330
17
100
AcDbEntity
  8
ARR_PRIMARY
100
AcDbLine
 10
99000.0
 20
106200.0
 30
0.0
 11
99350.0
 21
106200.0
 31
0.0
  0
LINE
  5
1704
330
17
100
AcDbEntity
  8
ARR_PRIMARY
100
AcDbLine
 10
99500.0
 20
106200.0
 30
0.0
 11
99850.0
 21
106200.0
 31
0.0
  0
LINE
  5
1705
330
17
100
AcDbEntity
  8
ARR_PRIMARY
100
AcDbLine
 10
100000.0
 20
106200.0
 30
0.0
 11
100350.0
 21
106200.0
 31
0.0
  0
LINE
  5
1706
330
17
100
AcDbEntity
  8
ARR_PRIMARY
100
AcDbLine
 10
100500.0
 20
106200.0
 30
0.0
 11
100850.0
 21
106200.0
 31
0.0
  0
LINE
  5
1707
330
17
100
AcDbEntity
  8
ARR_PRIMARY
100
AcDbLine
 10
101000.0
 20
106200.0
 30
0.0
 11
101350.0
 21
106200.0
 31
0.0
  0
LINE
  5
1708
330
17
100
AcDbEntity
  8
ARR_PRIMARY
100
AcDbLine
 10
101500.0
 20
106200.0
 30
0.0
 11
101850.0
 21
106200.0
 31
0.0
  0
LINE
  5
1709
330
17
100
AcDbEntity
  8
ARR_PRIMARY
100
AcDbLine
 10
102000.0
 20
106200.0
 30
0.0
 11
102350.0
 21
106200.0
 31
0.0
  0
LINE
  5
170A
330
17
100
AcDbEntity
  8
ARR_PRIMARY
100
AcDbLine
 10
102500.0
 20
106200.0
 30
0.0
 11
102850.0
 21
106200.0
 31
0.0
  0
LINE
  5
170B
330
17
100
AcDbEntity
  8
ARR_PRIMARY
100
AcDbLine
 10
103000.0
 20
106200.0
 30
0.0
 11
103350.0
 21
106200.0
 31
0.0
  0
LINE
  5
170C
330
17
100
AcDbEntity
  8
ARR_PRIMARY
100
AcDbLine
 10
103500.0
 20
106200.0
 30
0.0
 11
103850.0
 21
106200.0
 31
0.0
  0
LINE
  5
170D
330
17
100
AcDbEntity
  8
ARR_PRIMARY
100
AcDbLine
 10
104000.0
 20
106200.0
 30
0.0
 11
104350.0
 21
106200.0
 31
0.0
  0
LINE
  5
170E
330
17
100
AcDbEntity
  8
ARR_PRIMARY
100
AcDbLine
 10
104500.0
 20
106200.0
 30
0.0
 11
104850.0
 21
106200.0
 31
0.0
  0
LINE
  5
170F
330
17
100
AcDbEntity
  8
ARR_PRIMARY
100
AcDbLine
 10
105000.0
 20
106200.0
 30
0.0
 11
105350.0
 21
106200.0
 31
0.0
  0
LINE
  5
1710
330
17
100
AcDbEntity
  8
ARR_PRIMARY
100
AcDbLine
 10
105500.0
 20
106200.0
 30
0.0
 11
105850.0
 21
106200.0
 31
0.0
  0
LINE
  5
1711
330
17
100
AcDbEntity
  8
ARR_PRIMARY
100
AcDbLine
 10
106000.0
 20
106200.0
 30
0.0
 11
106350.0
 21
106200.0
 31
0.0
  0
LINE
  5
1712
330
17
100
AcDbEntity
  8
ARR_PRIMARY
100
AcDbLine
 10
106500.0
 20
106200.0
 30
0.0
 11
106850.0
 21
106200.0
 31
0.0
  0
LINE
  5
1713
330
17
100
AcDbEntity
  8
ARR_PRIMARY
100
AcDbLine
 10
107000.0
 20
106200.0
 30
0.0
 11
107350.0
 21
106200.0
 31
0.0
  0
LINE
  5
1714
330
17
100
AcDbEntity
  8
ARR_PRIMARY
100
AcDbLine
 10
107500.0
 20
106200.0
 30
0.0
 11
107850.0
 21
106200.0
 31
0.0
  0
LINE
  5
1715
330
17
100
AcDbEntity
  8
ARR_PRIMARY
100
AcDbLine
 10
108000.0
 20
106200.0
 30
0.0
 11
108350.0
 21
106200.0
 31
0.0
  0
LINE
  5
1716
330
17
100
AcDbEntity
  8
ARR_PRIMARY
100
AcDbLine
 10
108500.0
 20
106200.0
 30
0.0
 11
108850.0
 21
106200.0
 31
0.0
  0
LINE
  5
1717
330
17
100
AcDbEntity
  8
ARR_PRIMARY
100
AcDbLine
 10
109000.0
 20
106200.0
 30
0.0
 11
109350.0
 21
106200.0
 31
0.0
  0
LINE
  5
1718
330
17
100
AcDbEntity
  8
ARR_PRIMARY
100
AcDbLine
 10
109500.0
 20
106200.0
 30
0.0
 11
109850.0
 21
106200.0
 31
0.0
  0
LINE
  5
1719
330
17
100
AcDbEntity
  8
ARR_PRIMARY
100
AcDbLine
 10
110000.0
 20
106200.0
 30
0.0
 11
110350.0
 21
106200.0
 31
0.0
  0
LINE
  5
171A
330
17
100
AcDbEntity
  8
ARR_PRIMARY
100
AcDbLine
 10
110500.0
 20
106200.0
 30
0.0
 11
110850.0
 21
106200.0
 31
0.0
  0
LINE
  5
171B
330
17
100
AcDbEntity
  8
ARR_PRIMARY
100
AcDbLine
 10
111000.0
 20
106200.0
 30
0.0
 11
111350.0
 21
106200.0
 31
0.0
  0
LINE
  5
171C
330
17
100
AcDbEntity
  8
ARR_PRIMARY
100
AcDbLine
 10
111500.0
 20
106200.0
 30
0.0
 11
111850.0
 21
106200.0
 31
0.0
  0
LINE
  5
171D
330
17
100
AcDbEntity
  8
ARR_PRIMARY
100
AcDbLine
 10
112000.0
 20
106200.0
 30
0.0
 11
112350.0
 21
106200.0
 31
0.0
  0
LINE
  5
171E
330
17
100
AcDbEntity
  8
ARR_PRIMARY
100
AcDbLine
 10
112500.0
 20
106200.0
 30
0.0
 11
112850.0
 21
106200.0
 31
0.0
  0
LINE
  5
171F
330
17
100
AcDbEntity
  8
ARR_PRIMARY
100
AcDbLine
 10
113000.0
 20
106200.0
 30
0.0
 11
113350.0
 21
106200.0
 31
0.0
  0
LINE
  5
1720
330
17
100
AcDbEntity
  8
ARR_PRIMARY
100
AcDbLine
 10
113500.0
 20
106200.0
 30
0.0
 11
113850.0
 21
106200.0
 31
0.0
  0
LINE
  5
1721
330
17
100
AcDbEntity
  8
ARR_PRIMARY
100
AcDbLine
 10
114000.0
 20
106200.0
 30
0.0
 11
114350.0
 21
106200.0
 31
0.0
  0
LINE
  5
1722
330
17
100
AcDbEntity
  8
ARR_PRIMARY
100
AcDbLine
 10
114500.0
 20
106200.0
 30
0.0
 11
114850.0
 21
106200.0
 31
0.0
  0
LINE
  5
1723
330
17
100
AcDbEntity
  8
ARR_PRIMARY
100
AcDbLine
 10
115000.0
 20
106200.0
 30
0.0
 11
115350.0
 21
106200.0
 31
0.0
  0
LINE
  5
1724
330
17
100
AcDbEntity
  8
ARR_PRIMARY
100
AcDbLine
 10
115500.0
 20
106200.0
 30
0.0
 11
115850.0
 21
106200.0
 31
0.0
  0
LINE
  5
1725
330
17
100
AcDbEntity
  8
ARR_PRIMARY
100
AcDbLine
 10
98000.0
 20
109600.0
 30
0.0
 11
98350.0
 21
109600.0
 31
0.0
  0
LINE
  5
1726
330
17
100
AcDbEntity
  8
ARR_PRIMARY
100
AcDbLine
 10
98500.0
 20
109600.0
 30
0.0
 11
98850.0
 21
109600.0
 31
0.0
  0
LINE
  5
1727
330
17
100
AcDbEntity
  8
ARR_PRIMARY
100
AcDbLine
 10
99000.0
 20
109600.0
 30
0.0
 11
99350.0
 21
109600.0
 31
0.0
  0
LINE
  5
1728
330
17
100
AcDbEntity
  8
ARR_PRIMARY
100
AcDbLine
 10
99500.0
 20
109600.0
 30
0.0
 11
99850.0
 21
109600.0
 31
0.0
  0
LINE
  5
1729
330
17
100
AcDbEntity
  8
ARR_PRIMARY
100
AcDbLine
 10
100000.0
 20
109600.0
 30
0.0
 11
100350.0
 21
109600.0
 31
0.0
  0
LINE
  5
172A
330
17
100
AcDbEntity
  8
ARR_PRIMARY
100
AcDbLine
 10
100500.0
 20
109600.0
 30
0.0
 11
100850.0
 21
109600.0
 31
0.0
  0
LINE
  5
172B
330
17
100
AcDbEntity
  8
ARR_PRIMARY
100
AcDbLine
 10
101000.0
 20
109600.0
 30
0.0
 11
101350.0
 21
109600.0
 31
0.0
  0
LINE
  5
172C
330
17
100
AcDbEntity
  8
ARR_PRIMARY
100
AcDbLine
 10
101500.0
 20
109600.0
 30
0.0
 11
101850.0
 21
109600.0
 31
0.0
  0
LINE
  5
172D
330
17
100
AcDbEntity
  8
ARR_PRIMARY
100
AcDbLine
 10
102000.0
 20
109600.0
 30
0.0
 11
102350.0
 21
109600.0
 31
0.0
  0
LINE
  5
172E
330
17
100
AcDbEntity
  8
ARR_PRIMARY
100
AcDbLine
 10
102500.0
 20
109600.0
 30
0.0
 11
102850.0
 21
109600.0
 31
0.0
  0
LINE
  5
172F
330
17
100
AcDbEntity
  8
ARR_PRIMARY
100
AcDbLine
 10
103000.0
 20
109600.0
 30
0.0
 11
103350.0
 21
109600.0
 31
0.0
  0
LINE
  5
1730
330
17
100
AcDbEntity
  8
ARR_PRIMARY
100
AcDbLine
 10
103500.0
 20
109600.0
 30
0.0
 11
103850.0
 21
109600.0
 31
0.0
  0
LINE
  5
1731
330
17
100
AcDbEntity
  8
ARR_PRIMARY
100
AcDbLine
 10
104000.0
 20
109600.0
 30
0.0
 11
104350.0
 21
109600.0
 31
0.0
  0
LINE
  5
1732
330
17
100
AcDbEntity
  8
ARR_PRIMARY
100
AcDbLine
 10
104500.0
 20
109600.0
 30
0.0
 11
104850.0
 21
109600.0
 31
0.0
  0
LINE
  5
1733
330
17
100
AcDbEntity
  8
ARR_PRIMARY
100
AcDbLine
 10
105000.0
 20
109600.0
 30
0.0
 11
105350.0
 21
109600.0
 31
0.0
  0
LINE
  5
1734
330
17
100
AcDbEntity
  8
ARR_PRIMARY
100
AcDbLine
 10
105500.0
 20
109600.0
 30
0.0
 11
105850.0
 21
109600.0
 31
0.0
  0
LINE
  5
1735
330
17
100
AcDbEntity
  8
ARR_PRIMARY
100
AcDbLine
 10
106000.0
 20
109600.0
 30
0.0
 11
106350.0
 21
109600.0
 31
0.0
  0
LINE
  5
1736
330
17
100
AcDbEntity
  8
ARR_PRIMARY
100
AcDbLine
 10
106500.0
 20
109600.0
 30
0.0
 11
106850.0
 21
109600.0
 31
0.0
  0
LINE
  5
1737
330
17
100
AcDbEntity
  8
ARR_PRIMARY
100
AcDbLine
 10
107000.0
 20
109600.0
 30
0.0
 11
107350.0
 21
109600.0
 31
0.0
  0
LINE
  5
1738
330
17
100
AcDbEntity
  8
ARR_PRIMARY
100
AcDbLine
 10
107500.0
 20
109600.0
 30
0.0
 11
107850.0
 21
109600.0
 31
0.0
  0
LINE
  5
1739
330
17
100
AcDbEntity
  8
ARR_PRIMARY
100
AcDbLine
 10
108000.0
 20
109600.0
 30
0.0
 11
108350.0
 21
109600.0
 31
0.0
  0
LINE
  5
173A
330
17
100
AcDbEntity
  8
ARR_PRIMARY
100
AcDbLine
 10
108500.0
 20
109600.0
 30
0.0
 11
108850.0
 21
109600.0
 31
0.0
  0
LINE
  5
173B
330
17
100
AcDbEntity
  8
ARR_PRIMARY
100
AcDbLine
 10
109000.0
 20
109600.0
 30
0.0
 11
109350.0
 21
109600.0
 31
0.0
  0
LINE
  5
173C
330
17
100
AcDbEntity
  8
ARR_PRIMARY
100
AcDbLine
 10
109500.0
 20
109600.0
 30
0.0
 11
109850.0
 21
109600.0
 31
0.0
  0
LINE
  5
173D
330
17
100
AcDbEntity
  8
ARR_PRIMARY
100
AcDbLine
 10
110000.0
 20
109600.0
 30
0.0
 11
110350.0
 21
109600.0
 31
0.0
  0
LINE
  5
173E
330
17
100
AcDbEntity
  8
ARR_PRIMARY
100
AcDbLine
 10
110500.0
 20
109600.0
 30
0.0
 11
110850.0
 21
109600.0
 31
0.0
  0
LINE
  5
173F
330
17
100
AcDbEntity
  8
ARR_PRIMARY
100
AcDbLine
 10
111000.0
 20
109600.0
 30
0.0
 11
111350.0
 21
109600.0
 31
0.0
  0
LINE
  5
1740
330
17
100
AcDbEntity
  8
ARR_PRIMARY
100
AcDbLine
 10
111500.0
 20
109600.0
 30
0.0
 11
111850.0
 21
109600.0
 31
0.0
  0
LINE
  5
1741
330
17
100
AcDbEntity
  8
ARR_PRIMARY
100
AcDbLine
 10
112000.0
 20
109600.0
 30
0.0
 11
112350.0
 21
109600.0
 31
0.0
  0
LINE
  5
1742
330
17
100
AcDbEntity
  8
ARR_PRIMARY
100
AcDbLine
 10
112500.0
 20
109600.0
 30
0.0
 11
112850.0
 21
109600.0
 31
0.0
  0
LINE
  5
1743
330
17
100
AcDbEntity
  8
ARR_PRIMARY
100
AcDbLine
 10
113000.0
 20
109600.0
 30
0.0
 11
113350.0
 21
109600.0
 31
0.0
  0
LINE
  5
1744
330
17
100
AcDbEntity
  8
ARR_PRIMARY
100
AcDbLine
 10
113500.0
 20
109600.0
 30
0.0
 11
113850.0
 21
109600.0
 31
0.0
  0
LINE
  5
1745
330
17
100
AcDbEntity
  8
ARR_PRIMARY
100
AcDbLine
 10
114000.0
 20
109600.0
 30
0.0
 11
114350.0
 21
109600.0
 31
0.0
  0
LINE
  5
1746
330
17
100
AcDbEntity
  8
ARR_PRIMARY
100
AcDbLine
 10
114500.0
 20
109600.0
 30
0.0
 11
114850.0
 21
109600.0
 31
0.0
  0
LINE
  5
1747
330
17
100
AcDbEntity
  8
ARR_PRIMARY
100
AcDbLine
 10
115000.0
 20
109600.0
 30
0.0
 11
115350.0
 21
109600.0
 31
0.0
  0
LINE
  5
1748
330
17
100
AcDbEntity
  8
ARR_PRIMARY
100
AcDbLine
 10
115500.0
 20
109600.0
 30
0.0
 11
115850.0
 21
109600.0
 31
0.0
  0
LINE
  5
1749
330
17
100
AcDbEntity
  8
ARR_PRIMARY
100
AcDbLine
 10
98000.0
 20
113000.0
 30
0.0
 11
98350.0
 21
113000.0
 31
0.0
  0
LINE
  5
174A
330
17
100
AcDbEntity
  8
ARR_PRIMARY
100
AcDbLine
 10
98500.0
 20
113000.0
 30
0.0
 11
98850.0
 21
113000.0
 31
0.0
  0
LINE
  5
174B
330
17
100
AcDbEntity
  8
ARR_PRIMARY
100
AcDbLine
 10
99000.0
 20
113000.0
 30
0.0
 11
99350.0
 21
113000.0
 31
0.0
  0
LINE
  5
174C
330
17
100
AcDbEntity
  8
ARR_PRIMARY
100
AcDbLine
 10
99500.0
 20
113000.0
 30
0.0
 11
99850.0
 21
113000.0
 31
0.0
  0
LINE
  5
174D
330
17
100
AcDbEntity
  8
ARR_PRIMARY
100
AcDbLine
 10
100000.0
 20
113000.0
 30
0.0
 11
100350.0
 21
113000.0
 31
0.0
  0
LINE
  5
174E
330
17
100
AcDbEntity
  8
ARR_PRIMARY
100
AcDbLine
 10
100500.0
 20
113000.0
 30
0.0
 11
100850.0
 21
113000.0
 31
0.0
  0
LINE
  5
174F
330
17
100
AcDbEntity
  8
ARR_PRIMARY
100
AcDbLine
 10
101000.0
 20
113000.0
 30
0.0
 11
101350.0
 21
113000.0
 31
0.0
  0
LINE
  5
1750
330
17
100
AcDbEntity
  8
ARR_PRIMARY
100
AcDbLine
 10
101500.0
 20
113000.0
 30
0.0
 11
101850.0
 21
113000.0
 31
0.0
  0
LINE
  5
1751
330
17
100
AcDbEntity
  8
ARR_PRIMARY
100
AcDbLine
 10
102000.0
 20
113000.0
 30
0.0
 11
102350.0
 21
113000.0
 31
0.0
  0
LINE
  5
1752
330
17
100
AcDbEntity
  8
ARR_PRIMARY
100
AcDbLine
 10
102500.0
 20
113000.0
 30
0.0
 11
102850.0
 21
113000.0
 31
0.0
  0
LINE
  5
1753
330
17
100
AcDbEntity
  8
ARR_PRIMARY
100
AcDbLine
 10
103000.0
 20
113000.0
 30
0.0
 11
103350.0
 21
113000.0
 31
0.0
  0
LINE
  5
1754
330
17
100
AcDbEntity
  8
ARR_PRIMARY
100
AcDbLine
 10
103500.0
 20
113000.0
 30
0.0
 11
103850.0
 21
113000.0
 31
0.0
  0
LINE
  5
1755
330
17
100
AcDbEntity
  8
ARR_PRIMARY
100
AcDbLine
 10
104000.0
 20
113000.0
 30
0.0
 11
104350.0
 21
113000.0
 31
0.0
  0
LINE
  5
1756
330
17
100
AcDbEntity
  8
ARR_PRIMARY
100
AcDbLine
 10
104500.0
 20
113000.0
 30
0.0
 11
104850.0
 21
113000.0
 31
0.0
  0
LINE
  5
1757
330
17
100
AcDbEntity
  8
ARR_PRIMARY
100
AcDbLine
 10
105000.0
 20
113000.0
 30
0.0
 11
105350.0
 21
113000.0
 31
0.0
  0
LINE
  5
1758
330
17
100
AcDbEntity
  8
ARR_PRIMARY
100
AcDbLine
 10
105500.0
 20
113000.0
 30
0.0
 11
105850.0
 21
113000.0
 31
0.0
  0
LINE
  5
1759
330
17
100
AcDbEntity
  8
ARR_PRIMARY
100
AcDbLine
 10
106000.0
 20
113000.0
 30
0.0
 11
106350.0
 21
113000.0
 31
0.0
  0
LINE
  5
175A
330
17
100
AcDbEntity
  8
ARR_PRIMARY
100
AcDbLine
 10
106500.0
 20
113000.0
 30
0.0
 11
106850.0
 21
113000.0
 31
0.0
  0
LINE
  5
175B
330
17
100
AcDbEntity
  8
ARR_PRIMARY
100
AcDbLine
 10
107000.0
 20
113000.0
 30
0.0
 11
107350.0
 21
113000.0
 31
0.0
  0
LINE
  5
175C
330
17
100
AcDbEntity
  8
ARR_PRIMARY
100
AcDbLine
 10
107500.0
 20
113000.0
 30
0.0
 11
107850.0
 21
113000.0
 31
0.0
  0
LINE
  5
175D
330
17
100
AcDbEntity
  8
ARR_PRIMARY
100
AcDbLine
 10
108000.0
 20
113000.0
 30
0.0
 11
108350.0
 21
113000.0
 31
0.0
  0
LINE
  5
175E
330
17
100
AcDbEntity
  8
ARR_PRIMARY
100
AcDbLine
 10
108500.0
 20
113000.0
 30
0.0
 11
108850.0
 21
113000.0
 31
0.0
  0
LINE
  5
175F
330
17
100
AcDbEntity
  8
ARR_PRIMARY
100
AcDbLine
 10
109000.0
 20
113000.0
 30
0.0
 11
109350.0
 21
113000.0
 31
0.0
  0
LINE
  5
1760
330
17
100
AcDbEntity
  8
ARR_PRIMARY
100
AcDbLine
 10
109500.0
 20
113000.0
 30
0.0
 11
109850.0
 21
113000.0
 31
0.0
  0
LINE
  5
1761
330
17
100
AcDbEntity
  8
ARR_PRIMARY
100
AcDbLine
 10
110000.0
 20
113000.0
 30
0.0
 11
110350.0
 21
113000.0
 31
0.0
  0
LINE
  5
1762
330
17
100
AcDbEntity
  8
ARR_PRIMARY
100
AcDbLine
 10
110500.0
 20
113000.0
 30
0.0
 11
110850.0
 21
113000.0
 31
0.0
  0
LINE
  5
1763
330
17
100
AcDbEntity
  8
ARR_PRIMARY
100
AcDbLine
 10
111000.0
 20
113000.0
 30
0.0
 11
111350.0
 21
113000.0
 31
0.0
  0
LINE
  5
1764
330
17
100
AcDbEntity
  8
ARR_PRIMARY
100
AcDbLine
 10
111500.0
 20
113000.0
 30
0.0
 11
111850.0
 21
113000.0
 31
0.0
  0
LINE
  5
1765
330
17
100
AcDbEntity
  8
ARR_PRIMARY
100
AcDbLine
 10
112000.0
 20
113000.0
 30
0.0
 11
112350.0
 21
113000.0
 31
0.0
  0
LINE
  5
1766
330
17
100
AcDbEntity
  8
ARR_PRIMARY
100
AcDbLine
 10
112500.0
 20
113000.0
 30
0.0
 11
112850.0
 21
113000.0
 31
0.0
  0
LINE
  5
1767
330
17
100
AcDbEntity
  8
ARR_PRIMARY
100
AcDbLine
 10
113000.0
 20
113000.0
 30
0.0
 11
113350.0
 21
113000.0
 31
0.0
  0
LINE
  5
1768
330
17
100
AcDbEntity
  8
ARR_PRIMARY
100
AcDbLine
 10
113500.0
 20
113000.0
 30
0.0
 11
113850.0
 21
113000.0
 31
0.0
  0
LINE
  5
1769
330
17
100
AcDbEntity
  8
ARR_PRIMARY
100
AcDbLine
 10
114000.0
 20
113000.0
 30
0.0
 11
114350.0
 21
113000.0
 31
0.0
  0
LINE
  5
176A
330
17
100
AcDbEntity
  8
ARR_PRIMARY
100
AcDbLine
 10
114500.0
 20
113000.0
 30
0.0
 11
114850.0
 21
113000.0
 31
0.0
  0
LINE
  5
176B
330
17
100
AcDbEntity
  8
ARR_PRIMARY
100
AcDbLine
 10
115000.0
 20
113000.0
 30
0.0
 11
115350.0
 21
113000.0
 31
0.0
  0
LINE
  5
176C
330
17
100
AcDbEntity
  8
ARR_PRIMARY
100
AcDbLine
 10
115500.0
 20
113000.0
 30
0.0
 11
115850.0
 21
113000.0
 31
0.0
  0
LINE
  5
176D
330
17
100
AcDbEntity
  8
ARR_SECONDARY
100
AcDbLine
 10
98750.0
 20
102800.0
 30
0.0
 11
98750.0
 21
103150.0
 31
0.0
  0
LINE
  5
176E
330
17
100
AcDbEntity
  8
ARR_SECONDARY
100
AcDbLine
 10
98750.0
 20
103300.0
 30
0.0
 11
98750.0
 21
103650.0
 31
0.0
  0
LINE
  5
176F
330
17
100
AcDbEntity
  8
ARR_SECONDARY
100
AcDbLine
 10
98750.0
 20
103800.0
 30
0.0
 11
98750.0
 21
104150.0
 31
0.0
  0
LINE
  5
1770
330
17
100
AcDbEntity
  8
ARR_SECONDARY
100
AcDbLine
 10
98750.0
 20
104300.0
 30
0.0
 11
98750.0
 21
104650.0
 31
0.0
  0
LINE
  5
1771
330
17
100
AcDbEntity
  8
ARR_SECONDARY
100
AcDbLine
 10
98750.0
 20
104800.0
 30
0.0
 11
98750.0
 21
105150.0
 31
0.0
  0
LINE
  5
1772
330
17
100
AcDbEntity
  8
ARR_SECONDARY
100
AcDbLine
 10
98750.0
 20
105300.0
 30
0.0
 11
98750.0
 21
105650.0
 31
0.0
  0
LINE
  5
1773
330
17
100
AcDbEntity
  8
ARR_SECONDARY
100
AcDbLine
 10
98750.0
 20
105800.0
 30
0.0
 11
98750.0
 21
106150.0
 31
0.0
  0
LINE
  5
1774
330
17
100
AcDbEntity
  8
ARR_SECONDARY
100
AcDbLine
 10
98750.0
 20
106200.0
 30
0.0
 11
98750.0
 21
106550.0
 31
0.0
  0
LINE
  5
1775
330
17
100
AcDbEntity
  8
ARR_SECONDARY
100
AcDbLine
 10
98750.0
 20
106700.0
 30
0.0
 11
98750.0
 21
107050.0
 31
0.0
  0
LINE
  5
1776
330
17
100
AcDbEntity
  8
ARR_SECONDARY
100
AcDbLine
 10
98750.0
 20
107200.0
 30
0.0
 11
98750.0
 21
107550.0
 31
0.0
  0
LINE
  5
1777
330
17
100
AcDbEntity
  8
ARR_SECONDARY
100
AcDbLine
 10
98750.0
 20
107700.0
 30
0.0
 11
98750.0
 21
108050.0
 31
0.0
  0
LINE
  5
1778
330
17
100
AcDbEntity
  8
ARR_SECONDARY
100
AcDbLine
 10
98750.0
 20
108200.0
 30
0.0
 11
98750.0
 21
108550.0
 31
0.0
  0
LINE
  5
1779
330
17
100
AcDbEntity
  8
ARR_SECONDARY
100
AcDbLine
 10
98750.0
 20
108700.0
 30
0.0
 11
98750.0
 21
109050.0
 31
0.0
  0
LINE
  5
177A
330
17
100
AcDbEntity
  8
ARR_SECONDARY
100
AcDbLine
 10
98750.0
 20
109200.0
 30
0.0
 11
98750.0
 21
109550.0
 31
0.0
  0
LINE
  5
177B
330
17
100
AcDbEntity
  8
ARR_SECONDARY
100
AcDbLine
 10
98750.0
 20
109600.0
 30
0.0
 11
98750.0
 21
109950.0
 31
0.0
  0
LINE
  5
177C
330
17
100
AcDbEntity
  8
ARR_SECONDARY
100
AcDbLine
 10
98750.0
 20
110100.0
 30
0.0
 11
98750.0
 21
110450.0
 31
0.0
  0
LINE
  5
177D
330
17
100
AcDbEntity
  8
ARR_SECONDARY
100
AcDbLine
 10
98750.0
 20
110600.0
 30
0.0
 11
98750.0
 21
110950.0
 31
0.0
  0
LINE
  5
177E
330
17
100
AcDbEntity
  8
ARR_SECONDARY
100
AcDbLine
 10
98750.0
 20
111100.0
 30
0.0
 11
98750.0
 21
111450.0
 31
0.0
  0
LINE
  5
177F
330
17
100
AcDbEntity
  8
ARR_SECONDARY
100
AcDbLine
 10
98750.0
 20
111600.0
 30
0.0
 11
98750.0
 21
111950.0
 31
0.0
  0
LINE
  5
1780
330
17
100
AcDbEntity
  8
ARR_SECONDARY
100
AcDbLine
 10
98750.0
 20
112100.0
 30
0.0
 11
98750.0
 21
112450.0
 31
0.0
  0
LINE
  5
1781
330
17
100
AcDbEntity
  8
ARR_SECONDARY
100
AcDbLine
 10
98750.0
 20
112600.0
 30
0.0
 11
98750.0
 21
112950.0
 31
0.0
  0
LINE
  5
1782
330
17
100
AcDbEntity
  8
ARR_SECONDARY
100
AcDbLine
 10
98750.0
 20
113000.0
 30
0.0
 11
98750.0
 21
113350.0
 31
0.0
  0
LINE
  5
1783
330
17
100
AcDbEntity
  8
ARR_SECONDARY
100
AcDbLine
 10
98750.0
 20
113500.0
 30
0.0
 11
98750.0
 21
113850.0
 31
0.0
  0
LINE
  5
1784
330
17
100
AcDbEntity
  8
ARR_SECONDARY
100
AcDbLine
 10
98750.0
 20
114000.0
 30
0.0
 11
98750.0
 21
114350.0
 31
0.0
  0
LINE
  5
1785
330
17
100
AcDbEntity
  8
ARR_SECONDARY
100
AcDbLine
 10
98750.0
 20
114500.0
 30
0.0
 11
98750.0
 21
114850.0
 31
0.0
  0
LINE
  5
1786
330
17
100
AcDbEntity
  8
ARR_SECONDARY
100
AcDbLine
 10
98750.0
 20
115000.0
 30
0.0
 11
98750.0
 21
115350.0
 31
0.0
  0
LINE
  5
1787
330
17
100
AcDbEntity
  8
ARR_SECONDARY
100
AcDbLine
 10
98750.0
 20
115500.0
 30
0.0
 11
98750.0
 21
115850.0
 31
0.0
  0
LINE
  5
1788
330
17
100
AcDbEntity
  8
ARR_SECONDARY
100
AcDbLine
 10
98750.0
 20
116000.0
 30
0.0
 11
98750.0
 21
116350.0
 31
0.0
  0
LINE
  5
1789
330
17
100
AcDbEntity
  8
ARR_SECONDARY
100
AcDbLine
 10
99500.0
 20
102800.0
 30
0.0
 11
99500.0
 21
103150.0
 31
0.0
  0
LINE
  5
178A
330
17
100
AcDbEntity
  8
ARR_SECONDARY
100
AcDbLine
 10
99500.0
 20
103300.0
 30
0.0
 11
99500.0
 21
103650.0
 31
0.0
  0
LINE
  5
178B
330
17
100
AcDbEntity
  8
ARR_SECONDARY
100
AcDbLine
 10
99500.0
 20
103800.0
 30
0.0
 11
99500.0
 21
104150.0
 31
0.0
  0
LINE
  5
178C
330
17
100
AcDbEntity
  8
ARR_SECONDARY
100
AcDbLine
 10
99500.0
 20
104300.0
 30
0.0
 11
99500.0
 21
104650.0
 31
0.0
  0
LINE
  5
178D
330
17
100
AcDbEntity
  8
ARR_SECONDARY
100
AcDbLine
 10
99500.0
 20
104800.0
 30
0.0
 11
99500.0
 21
105150.0
 31
0.0
  0
LINE
  5
178E
330
17
100
AcDbEntity
  8
ARR_SECONDARY
100
AcDbLine
 10
99500.0
 20
105300.0
 30
0.0
 11
99500.0
 21
105650.0
 31
0.0
  0
LINE
  5
178F
330
17
100
AcDbEntity
  8
ARR_SECONDARY
100
AcDbLine
 10
99500.0
 20
105800.0
 30
0.0
 11
99500.0
 21
106150.0
 31
0.0
  0
LINE
  5
1790
330
17
100
AcDbEntity
  8
ARR_SECONDARY
100
AcDbLine
 10
99500.0
 20
106200.0
 30
0.0
 11
99500.0
 21
106550.0
 31
0.0
  0
LINE
  5
1791
330
17
100
AcDbEntity
  8
ARR_SECONDARY
100
AcDbLine
 10
99500.0
 20
106700.0
 30
0.0
 11
99500.0
 21
107050.0
 31
0.0
  0
LINE
  5
1792
330
17
100
AcDbEntity
  8
ARR_SECONDARY
100
AcDbLine
 10
99500.0
 20
107200.0
 30
0.0
 11
99500.0
 21
107550.0
 31
0.0
  0
LINE
  5
1793
330
17
100
AcDbEntity
  8
ARR_SECONDARY
100
AcDbLine
 10
99500.0
 20
107700.0
 30
0.0
 11
99500.0
 21
108050.0
 31
0.0
  0
LINE
  5
1794
330
17
100
AcDbEntity
  8
ARR_SECONDARY
100
AcDbLine
 10
99500.0
 20
108200.0
 30
0.0
 11
99500.0
 21
108550.0
 31
0.0
  0
LINE
  5
1795
330
17
100
AcDbEntity
  8
ARR_SECONDARY
100
AcDbLine
 10
99500.0
 20
108700.0
 30
0.0
 11
99500.0
 21
109050.0
 31
0.0
  0
LINE
  5
1796
330
17
100
AcDbEntity
  8
ARR_SECONDARY
100
AcDbLine
 10
99500.0
 20
109200.0
 30
0.0
 11
99500.0
 21
109550.0
 31
0.0
  0
LINE
  5
1797
330
17
100
AcDbEntity
  8
ARR_SECONDARY
100
AcDbLine
 10
99500.0
 20
109600.0
 30
0.0
 11
99500.0
 21
109950.0
 31
0.0
  0
LINE
  5
1798
330
17
100
AcDbEntity
  8
ARR_SECONDARY
100
AcDbLine
 10
99500.0
 20
110100.0
 30
0.0
 11
99500.0
 21
110450.0
 31
0.0
  0
LINE
  5
1799
330
17
100
AcDbEntity
  8
ARR_SECONDARY
100
AcDbLine
 10
99500.0
 20
110600.0
 30
0.0
 11
99500.0
 21
110950.0
 31
0.0
  0
LINE
  5
179A
330
17
100
AcDbEntity
  8
ARR_SECONDARY
100
AcDbLine
 10
99500.0
 20
111100.0
 30
0.0
 11
99500.0
 21
111450.0
 31
0.0
  0
LINE
  5
179B
330
17
100
AcDbEntity
  8
ARR_SECONDARY
100
AcDbLine
 10
99500.0
 20
111600.0
 30
0.0
 11
99500.0
 21
111950.0
 31
0.0
  0
LINE
  5
179C
330
17
100
AcDbEntity
  8
ARR_SECONDARY
100
AcDbLine
 10
99500.0
 20
112100.0
 30
0.0
 11
99500.0
 21
112450.0
 31
0.0
  0
LINE
  5
179D
330
17
100
AcDbEntity
  8
ARR_SECONDARY
100
AcDbLine
 10
99500.0
 20
112600.0
 30
0.0
 11
99500.0
 21
112950.0
 31
0.0
  0
LINE
  5
179E
330
17
100
AcDbEntity
  8
ARR_SECONDARY
100
AcDbLine
 10
99500.0
 20
113000.0
 30
0.0
 11
99500.0
 21
113350.0
 31
0.0
  0
LINE
  5
179F
330
17
100
AcDbEntity
  8
ARR_SECONDARY
100
AcDbLine
 10
99500.0
 20
113500.0
 30
0.0
 11
99500.0
 21
113850.0
 31
0.0
  0
LINE
  5
17A0
330
17
100
AcDbEntity
  8
ARR_SECONDARY
100
AcDbLine
 10
99500.0
 20
114000.0
 30
0.0
 11
99500.0
 21
114350.0
 31
0.0
  0
LINE
  5
17A1
330
17
100
AcDbEntity
  8
ARR_SECONDARY
100
AcDbLine
 10
99500.0
 20
114500.0
 30
0.0
 11
99500.0
 21
114850.0
 31
0.0
  0
LINE
  5
17A2
330
17
100
AcDbEntity
  8
ARR_SECONDARY
100
AcDbLine
 10
99500.0
 20
115000.0
 30
0.0
 11
99500.0
 21
115350.0
 31
0.0
  0
LINE
  5
17A3
330
17
100
AcDbEntity
  8
ARR_SECONDARY
100
AcDbLine
 10
99500.0
 20
115500.0
 30
0.0
 11
99500.0
 21
115850.0
 31
0.0
  0
LINE
  5
17A4
330
17
100
AcDbEntity
  8
ARR_SECONDARY
100
AcDbLine
 10
99500.0
 20
116000.0
 30
0.0
 11
99500.0
 21
116350.0
 31
0.0
  0
LINE
  5
17A5
330
17
100
AcDbEntity
  8
ARR_PRIMARY
100
AcDbLine
 10
100250.0
 20
102800.0
 30
0.0
 11
100250.0
 21
103150.0
 31
0.0
  0
LINE
  5
17A6
330
17
100
AcDbEntity
  8
ARR_PRIMARY
100
AcDbLine
 10
100250.0
 20
103300.0
 30
0.0
 11
100250.0
 21
103650.0
 31
0.0
  0
LINE
  5
17A7
330
17
100
AcDbEntity
  8
ARR_PRIMARY
100
AcDbLine
 10
100250.0
 20
103800.0
 30
0.0
 11
100250.0
 21
104150.0
 31
0.0
  0
LINE
  5
17A8
330
17
100
AcDbEntity
  8
ARR_PRIMARY
100
AcDbLine
 10
100250.0
 20
104300.0
 30
0.0
 11
100250.0
 21
104650.0
 31
0.0
  0
LINE
  5
17A9
330
17
100
AcDbEntity
  8
ARR_PRIMARY
100
AcDbLine
 10
100250.0
 20
104800.0
 30
0.0
 11
100250.0
 21
105150.0
 31
0.0
  0
LINE
  5
17AA
330
17
100
AcDbEntity
  8
ARR_PRIMARY
100
AcDbLine
 10
100250.0
 20
105300.0
 30
0.0
 11
100250.0
 21
105650.0
 31
0.0
  0
LINE
  5
17AB
330
17
100
AcDbEntity
  8
ARR_PRIMARY
100
AcDbLine
 10
100250.0
 20
105800.0
 30
0.0
 11
100250.0
 21
106150.0
 31
0.0
  0
LINE
  5
17AC
330
17
100
AcDbEntity
  8
ARR_PRIMARY
100
AcDbLine
 10
100250.0
 20
106300.0
 30
0.0
 11
100250.0
 21
106650.0
 31
0.0
  0
LINE
  5
17AD
330
17
100
AcDbEntity
  8
ARR_PRIMARY
100
AcDbLine
 10
100250.0
 20
106800.0
 30
0.0
 11
100250.0
 21
107150.0
 31
0.0
  0
LINE
  5
17AE
330
17
100
AcDbEntity
  8
ARR_PRIMARY
100
AcDbLine
 10
100250.0
 20
107300.0
 30
0.0
 11
100250.0
 21
107650.0
 31
0.0
  0
LINE
  5
17AF
330
17
100
AcDbEntity
  8
ARR_PRIMARY
100
AcDbLine
 10
100250.0
 20
107800.0
 30
0.0
 11
100250.0
 21
108150.0
 31
0.0
  0
LINE
  5
17B0
330
17
100
AcDbEntity
  8
ARR_PRIMARY
100
AcDbLine
 10
100250.0
 20
108300.0
 30
0.0
 11
100250.0
 21
108650.0
 31
0.0
  0
LINE
  5
17B1
330
17
100
AcDbEntity
  8
ARR_PRIMARY
100
AcDbLine
 10
100250.0
 20
108800.0
 30
0.0
 11
100250.0
 21
109150.0
 31
0.0
  0
LINE
  5
17B2
330
17
100
AcDbEntity
  8
ARR_PRIMARY
100
AcDbLine
 10
100250.0
 20
109300.0
 30
0.0
 11
100250.0
 21
109650.0
 31
0.0
  0
LINE
  5
17B3
330
17
100
AcDbEntity
  8
ARR_PRIMARY
100
AcDbLine
 10
100250.0
 20
109800.0
 30
0.0
 11
100250.0
 21
110150.0
 31
0.0
  0
LINE
  5
17B4
330
17
100
AcDbEntity
  8
ARR_PRIMARY
100
AcDbLine
 10
100250.0
 20
110300.0
 30
0.0
 11
100250.0
 21
110650.0
 31
0.0
  0
LINE
  5
17B5
330
17
100
AcDbEntity
  8
ARR_PRIMARY
100
AcDbLine
 10
100250.0
 20
110800.0
 30
0.0
 11
100250.0
 21
111150.0
 31
0.0
  0
LINE
  5
17B6
330
17
100
AcDbEntity
  8
ARR_PRIMARY
100
AcDbLine
 10
100250.0
 20
111300.0
 30
0.0
 11
100250.0
 21
111650.0
 31
0.0
  0
LINE
  5
17B7
330
17
100
AcDbEntity
  8
ARR_PRIMARY
100
AcDbLine
 10
100250.0
 20
111800.0
 30
0.0
 11
100250.0
 21
112150.0
 31
0.0
  0
LINE
  5
17B8
330
17
100
AcDbEntity
  8
ARR_PRIMARY
100
AcDbLine
 10
100250.0
 20
112300.0
 30
0.0
 11
100250.0
 21
112650.0
 31
0.0
  0
LINE
  5
17B9
330
17
100
AcDbEntity
  8
ARR_PRIMARY
100
AcDbLine
 10
100250.0
 20
112800.0
 30
0.0
 11
100250.0
 21
113150.0
 31
0.0
  0
LINE
  5
17BA
330
17
100
AcDbEntity
  8
ARR_PRIMARY
100
AcDbLine
 10
100250.0
 20
113300.0
 30
0.0
 11
100250.0
 21
113650.0
 31
0.0
  0
LINE
  5
17BB
330
17
100
AcDbEntity
  8
ARR_PRIMARY
100
AcDbLine
 10
100250.0
 20
113800.0
 30
0.0
 11
100250.0
 21
114150.0
 31
0.0
  0
LINE
  5
17BC
330
17
100
AcDbEntity
  8
ARR_PRIMARY
100
AcDbLine
 10
100250.0
 20
114300.0
 30
0.0
 11
100250.0
 21
114650.0
 31
0.0
  0
LINE
  5
17BD
330
17
100
AcDbEntity
  8
ARR_PRIMARY
100
AcDbLine
 10
100250.0
 20
114800.0
 30
0.0
 11
100250.0
 21
115150.0
 31
0.0
  0
LINE
  5
17BE
330
17
100
AcDbEntity
  8
ARR_PRIMARY
100
AcDbLine
 10
100250.0
 20
115300.0
 30
0.0
 11
100250.0
 21
115650.0
 31
0.0
  0
LINE
  5
17BF
330
17
100
AcDbEntity
  8
ARR_PRIMARY
100
AcDbLine
 10
100250.0
 20
115800.0
 30
0.0
 11
100250.0
 21
116150.0
 31
0.0
  0
LINE
  5
17C0
330
17
100
AcDbEntity
  8
ARR_PRIMARY
100
AcDbLine
 10
100250.0
 20
116300.0
 30
0.0
 11
100250.0
 21
116500.0
 31
0.0
  0
LWPOLYLINE
  5
17C1
330
17
100
AcDbEntity
  8
ARR_PRIMARY
100
AcDbPolyline
 90
        2
 70
     0
 43
0.0
 10
99990.0
 20
116360.0
 10
100510.0
 20
116360.0
  0
LINE
  5
17C2
330
17
100
AcDbEntity
  8
ARR_SECONDARY
100
AcDbLine
 10
101000.0
 20
102800.0
 30
0.0
 11
101000.0
 21
103150.0
 31
0.0
  0
LINE
  5
17C3
330
17
100
AcDbEntity
  8
ARR_SECONDARY
100
AcDbLine
 10
101000.0
 20
103300.0
 30
0.0
 11
101000.0
 21
103650.0
 31
0.0
  0
LINE
  5
17C4
330
17
100
AcDbEntity
  8
ARR_SECONDARY
100
AcDbLine
 10
101000.0
 20
103800.0
 30
0.0
 11
101000.0
 21
104150.0
 31
0.0
  0
LINE
  5
17C5
330
17
100
AcDbEntity
  8
ARR_SECONDARY
100
AcDbLine
 10
101000.0
 20
104300.0
 30
0.0
 11
101000.0
 21
104650.0
 31
0.0
  0
LINE
  5
17C6
330
17
100
AcDbEntity
  8
ARR_SECONDARY
100
AcDbLine
 10
101000.0
 20
104800.0
 30
0.0
 11
101000.0
 21
105150.0
 31
0.0
  0
LINE
  5
17C7
330
17
100
AcDbEntity
  8
ARR_SECONDARY
100
AcDbLine
 10
101000.0
 20
105300.0
 30
0.0
 11
101000.0
 21
105650.0
 31
0.0
  0
LINE
  5
17C8
330
17
100
AcDbEntity
  8
ARR_SECONDARY
100
AcDbLine
 10
101000.0
 20
105800.0
 30
0.0
 11
101000.0
 21
106150.0
 31
0.0
  0
LINE
  5
17C9
330
17
100
AcDbEntity
  8
ARR_SECONDARY
100
AcDbLine
 10
101000.0
 20
106200.0
 30
0.0
 11
101000.0
 21
106550.0
 31
0.0
  0
LINE
  5
17CA
330
17
100
AcDbEntity
  8
ARR_SECONDARY
100
AcDbLine
 10
101000.0
 20
106700.0
 30
0.0
 11
101000.0
 21
107050.0
 31
0.0
  0
LINE
  5
17CB
330
17
100
AcDbEntity
  8
ARR_SECONDARY
100
AcDbLine
 10
101000.0
 20
107200.0
 30
0.0
 11
101000.0
 21
107550.0
 31
0.0
  0
LINE
  5
17CC
330
17
100
AcDbEntity
  8
ARR_SECONDARY
100
AcDbLine
 10
101000.0
 20
107700.0
 30
0.0
 11
101000.0
 21
108050.0
 31
0.0
  0
LINE
  5
17CD
330
17
100
AcDbEntity
  8
ARR_SECONDARY
100
AcDbLine
 10
101000.0
 20
108200.0
 30
0.0
 11
101000.0
 21
108550.0
 31
0.0
  0
LINE
  5
17CE
330
17
100
AcDbEntity
  8
ARR_SECONDARY
100
AcDbLine
 10
101000.0
 20
108700.0
 30
0.0
 11
101000.0
 21
109050.0
 31
0.0
  0
LINE
  5
17CF
330
17
100
AcDbEntity
  8
ARR_SECONDARY
100
AcDbLine
 10
101000.0
 20
109200.0
 30
0.0
 11
101000.0
 21
109550.0
 31
0.0
  0
LINE
  5
17D0
330
17
100
AcDbEntity
  8
ARR_SECONDARY
100
AcDbLine
 10
101000.0
 20
109600.0
 30
0.0
 11
101000.0
 21
109950.0
 31
0.0
  0
LINE
  5
17D1
330
17
100
AcDbEntity
  8
ARR_SECONDARY
100
AcDbLine
 10
101000.0
 20
110100.0
 30
0.0
 11
101000.0
 21
110450.0
 31
0.0
  0
LINE
  5
17D2
330
17
100
AcDbEntity
  8
ARR_SECONDARY
100
AcDbLine
 10
101000.0
 20
110600.0
 30
0.0
 11
101000.0
 21
110950.0
 31
0.0
  0
LINE
  5
17D3
330
17
100
AcDbEntity
  8
ARR_SECONDARY
100
AcDbLine
 10
101000.0
 20
111100.0
 30
0.0
 11
101000.0
 21
111450.0
 31
0.0
  0
LINE
  5
17D4
330
17
100
AcDbEntity
  8
ARR_SECONDARY
100
AcDbLine
 10
101000.0
 20
111600.0
 30
0.0
 11
101000.0
 21
111950.0
 31
0.0
  0
LINE
  5
17D5
330
17
100
AcDbEntity
  8
ARR_SECONDARY
100
AcDbLine
 10
101000.0
 20
112100.0
 30
0.0
 11
101000.0
 21
112450.0
 31
0.0
  0
LINE
  5
17D6
330
17
100
AcDbEntity
  8
ARR_SECONDARY
100
AcDbLine
 10
101000.0
 20
112600.0
 30
0.0
 11
101000.0
 21
112950.0
 31
0.0
  0
LINE
  5
17D7
330
17
100
AcDbEntity
  8
ARR_SECONDARY
100
AcDbLine
 10
101000.0
 20
113000.0
 30
0.0
 11
101000.0
 21
113350.0
 31
0.0
  0
LINE
  5
17D8
330
17
100
AcDbEntity
  8
ARR_SECONDARY
100
AcDbLine
 10
101000.0
 20
113500.0
 30
0.0
 11
101000.0
 21
113850.0
 31
0.0
  0
LINE
  5
17D9
330
17
100
AcDbEntity
  8
ARR_SECONDARY
100
AcDbLine
 10
101000.0
 20
114000.0
 30
0.0
 11
101000.0
 21
114350.0
 31
0.0
  0
LINE
  5
17DA
330
17
100
AcDbEntity
  8
ARR_SECONDARY
100
AcDbLine
 10
101000.0
 20
114500.0
 30
0.0
 11
101000.0
 21
114850.0
 31
0.0
  0
LINE
  5
17DB
330
17
100
AcDbEntity
  8
ARR_SECONDARY
100
AcDbLine
 10
101000.0
 20
115000.0
 30
0.0
 11
101000.0
 21
115350.0
 31
0.0
  0
LINE
  5
17DC
330
17
100
AcDbEntity
  8
ARR_SECONDARY
100
AcDbLine
 10
101000.0
 20
115500.0
 30
0.0
 11
101000.0
 21
115850.0
 31
0.0
  0
LINE
  5
17DD
330
17
100
AcDbEntity
  8
ARR_SECONDARY
100
AcDbLine
 10
101000.0
 20
116000.0
 30
0.0
 11
101000.0
 21
116350.0
 31
0.0
  0
LINE
  5
17DE
330
17
100
AcDbEntity
  8
ARR_SECONDARY
100
AcDbLine
 10
101750.0
 20
102800.0
 30
0.0
 11
101750.0
 21
103150.0
 31
0.0
  0
LINE
  5
17DF
330
17
100
AcDbEntity
  8
ARR_SECONDARY
100
AcDbLine
 10
101750.0
 20
103300.0
 30
0.0
 11
101750.0
 21
103650.0
 31
0.0
  0
LINE
  5
17E0
330
17
100
AcDbEntity
  8
ARR_SECONDARY
100
AcDbLine
 10
101750.0
 20
103800.0
 30
0.0
 11
101750.0
 21
104150.0
 31
0.0
  0
LINE
  5
17E1
330
17
100
AcDbEntity
  8
ARR_SECONDARY
100
AcDbLine
 10
101750.0
 20
104300.0
 30
0.0
 11
101750.0
 21
104650.0
 31
0.0
  0
LINE
  5
17E2
330
17
100
AcDbEntity
  8
ARR_SECONDARY
100
AcDbLine
 10
101750.0
 20
104800.0
 30
0.0
 11
101750.0
 21
105150.0
 31
0.0
  0
LINE
  5
17E3
330
17
100
AcDbEntity
  8
ARR_SECONDARY
100
AcDbLine
 10
101750.0
 20
105300.0
 30
0.0
 11
101750.0
 21
105650.0
 31
0.0
  0
LINE
  5
17E4
330
17
100
AcDbEntity
  8
ARR_SECONDARY
100
AcDbLine
 10
101750.0
 20
105800.0
 30
0.0
 11
101750.0
 21
106150.0
 31
0.0
  0
LINE
  5
17E5
330
17
100
AcDbEntity
  8
ARR_SECONDARY
100
AcDbLine
 10
101750.0
 20
106200.0
 30
0.0
 11
101750.0
 21
106550.0
 31
0.0
  0
LINE
  5
17E6
330
17
100
AcDbEntity
  8
ARR_SECONDARY
100
AcDbLine
 10
101750.0
 20
106700.0
 30
0.0
 11
101750.0
 21
107050.0
 31
0.0
  0
LINE
  5
17E7
330
17
100
AcDbEntity
  8
ARR_SECONDARY
100
AcDbLine
 10
101750.0
 20
107200.0
 30
0.0
 11
101750.0
 21
107550.0
 31
0.0
  0
LINE
  5
17E8
330
17
100
AcDbEntity
  8
ARR_SECONDARY
100
AcDbLine
 10
101750.0
 20
107700.0
 30
0.0
 11
101750.0
 21
108050.0
 31
0.0
  0
LINE
  5
17E9
330
17
100
AcDbEntity
  8
ARR_SECONDARY
100
AcDbLine
 10
101750.0
 20
108200.0
 30
0.0
 11
101750.0
 21
108550.0
 31
0.0
  0
LINE
  5
17EA
330
17
100
AcDbEntity
  8
ARR_SECONDARY
100
AcDbLine
 10
101750.0
 20
108700.0
 30
0.0
 11
101750.0
 21
109050.0
 31
0.0
  0
LINE
  5
17EB
330
17
100
AcDbEntity
  8
ARR_SECONDARY
100
AcDbLine
 10
101750.0
 20
109200.0
 30
0.0
 11
101750.0
 21
109550.0
 31
0.0
  0
LINE
  5
17EC
330
17
100
AcDbEntity
  8
ARR_SECONDARY
100
AcDbLine
 10
101750.0
 20
109600.0
 30
0.0
 11
101750.0
 21
109950.0
 31
0.0
  0
LINE
  5
17ED
330
17
100
AcDbEntity
  8
ARR_SECONDARY
100
AcDbLine
 10
101750.0
 20
110100.0
 30
0.0
 11
101750.0
 21
110450.0
 31
0.0
  0
LINE
  5
17EE
330
17
100
AcDbEntity
  8
ARR_SECONDARY
100
AcDbLine
 10
101750.0
 20
110600.0
 30
0.0
 11
101750.0
 21
110950.0
 31
0.0
  0
LINE
  5
17EF
330
17
100
AcDbEntity
  8
ARR_SECONDARY
100
AcDbLine
 10
101750.0
 20
111100.0
 30
0.0
 11
101750.0
 21
111450.0
 31
0.0
  0
LINE
  5
17F0
330
17
100
AcDbEntity
  8
ARR_SECONDARY
100
AcDbLine
 10
101750.0
 20
111600.0
 30
0.0
 11
101750.0
 21
111950.0
 31
0.0
  0
LINE
  5
17F1
330
17
100
AcDbEntity
  8
ARR_SECONDARY
100
AcDbLine
 10
101750.0
 20
112100.0
 30
0.0
 11
101750.0
 21
112450.0
 31
0.0
  0
LINE
  5
17F2
330
17
100
AcDbEntity
  8
ARR_SECONDARY
100
AcDbLine
 10
101750.0
 20
112600.0
 30
0.0
 11
101750.0
 21
112950.0
 31
0.0
  0
LINE
  5
17F3
330
17
100
AcDbEntity
  8
ARR_SECONDARY
100
AcDbLine
 10
101750.0
 20
113000.0
 30
0.0
 11
101750.0
 21
113350.0
 31
0.0
  0
LINE
  5
17F4
330
17
100
AcDbEntity
  8
ARR_SECONDARY
100
AcDbLine
 10
101750.0
 20
113500.0
 30
0.0
 11
101750.0
 21
113850.0
 31
0.0
  0
LINE
  5
17F5
330
17
100
AcDbEntity
  8
ARR_SECONDARY
100
AcDbLine
 10
101750.0
 20
114000.0
 30
0.0
 11
101750.0
 21
114350.0
 31
0.0
  0
LINE
  5
17F6
330
17
100
AcDbEntity
  8
ARR_SECONDARY
100
AcDbLine
 10
101750.0
 20
114500.0
 30
0.0
 11
101750.0
 21
114850.0
 31
0.0
  0
LINE
  5
17F7
330
17
100
AcDbEntity
  8
ARR_SECONDARY
100
AcDbLine
 10
101750.0
 20
115000.0
 30
0.0
 11
101750.0
 21
115350.0
 31
0.0
  0
LINE
  5
17F8
330
17
100
AcDbEntity
  8
ARR_SECONDARY
100
AcDbLine
 10
101750.0
 20
115500.0
 30
0.0
 11
101750.0
 21
115850.0
 31
0.0
  0
LINE
  5
17F9
330
17
100
AcDbEntity
  8
ARR_SECONDARY
100
AcDbLine
 10
101750.0
 20
116000.0
 30
0.0
 11
101750.0
 21
116350.0
 31
0.0
  0
LINE
  5
17FA
330
17
100
AcDbEntity
  8
ARR_PRIMARY
100
AcDbLine
 10
102500.0
 20
102800.0
 30
0.0
 11
102500.0
 21
103150.0
 31
0.0
  0
LINE
  5
17FB
330
17
100
AcDbEntity
  8
ARR_PRIMARY
100
AcDbLine
 10
102500.0
 20
103300.0
 30
0.0
 11
102500.0
 21
103650.0
 31
0.0
  0
LINE
  5
17FC
330
17
100
AcDbEntity
  8
ARR_PRIMARY
100
AcDbLine
 10
102500.0
 20
103800.0
 30
0.0
 11
102500.0
 21
104150.0
 31
0.0
  0
LINE
  5
17FD
330
17
100
AcDbEntity
  8
ARR_PRIMARY
100
AcDbLine
 10
102500.0
 20
104300.0
 30
0.0
 11
102500.0
 21
104650.0
 31
0.0
  0
LINE
  5
17FE
330
17
100
AcDbEntity
  8
ARR_PRIMARY
100
AcDbLine
 10
102500.0
 20
104800.0
 30
0.0
 11
102500.0
 21
105150.0
 31
0.0
  0
LINE
  5
17FF
330
17
100
AcDbEntity
  8
ARR_PRIMARY
100
AcDbLine
 10
102500.0
 20
105300.0
 30
0.0
 11
102500.0
 21
105650.0
 31
0.0
  0
LINE
  5
1800
330
17
100
AcDbEntity
  8
ARR_PRIMARY
100
AcDbLine
 10
102500.0
 20
105800.0
 30
0.0
 11
102500.0
 21
106150.0
 31
0.0
  0
LINE
  5
1801
330
17
100
AcDbEntity
  8
ARR_PRIMARY
100
AcDbLine
 10
102500.0
 20
106300.0
 30
0.0
 11
102500.0
 21
106650.0
 31
0.0
  0
LINE
  5
1802
330
17
100
AcDbEntity
  8
ARR_PRIMARY
100
AcDbLine
 10
102500.0
 20
106800.0
 30
0.0
 11
102500.0
 21
107150.0
 31
0.0
  0
LINE
  5
1803
330
17
100
AcDbEntity
  8
ARR_PRIMARY
100
AcDbLine
 10
102500.0
 20
107300.0
 30
0.0
 11
102500.0
 21
107650.0
 31
0.0
  0
LINE
  5
1804
330
17
100
AcDbEntity
  8
ARR_PRIMARY
100
AcDbLine
 10
102500.0
 20
107800.0
 30
0.0
 11
102500.0
 21
108150.0
 31
0.0
  0
LINE
  5
1805
330
17
100
AcDbEntity
  8
ARR_PRIMARY
100
AcDbLine
 10
102500.0
 20
108300.0
 30
0.0
 11
102500.0
 21
108650.0
 31
0.0
  0
LINE
  5
1806
330
17
100
AcDbEntity
  8
ARR_PRIMARY
100
AcDbLine
 10
102500.0
 20
108800.0
 30
0.0
 11
102500.0
 21
109150.0
 31
0.0
  0
LINE
  5
1807
330
17
100
AcDbEntity
  8
ARR_PRIMARY
100
AcDbLine
 10
102500.0
 20
109300.0
 30
0.0
 11
102500.0
 21
109650.0
 31
0.0
  0
LINE
  5
1808
330
17
100
AcDbEntity
  8
ARR_PRIMARY
100
AcDbLine
 10
102500.0
 20
109800.0
 30
0.0
 11
102500.0
 21
110150.0
 31
0.0
  0
LINE
  5
1809
330
17
100
AcDbEntity
  8
ARR_PRIMARY
100
AcDbLine
 10
102500.0
 20
110300.0
 30
0.0
 11
102500.0
 21
110650.0
 31
0.0
  0
LINE
  5
180A
330
17
100
AcDbEntity
  8
ARR_PRIMARY
100
AcDbLine
 10
102500.0
 20
110800.0
 30
0.0
 11
102500.0
 21
111150.0
 31
0.0
  0
LINE
  5
180B
330
17
100
AcDbEntity
  8
ARR_PRIMARY
100
AcDbLine
 10
102500.0
 20
111300.0
 30
0.0
 11
102500.0
 21
111650.0
 31
0.0
  0
LINE
  5
180C
330
17
100
AcDbEntity
  8
ARR_PRIMARY
100
AcDbLine
 10
102500.0
 20
111800.0
 30
0.0
 11
102500.0
 21
112150.0
 31
0.0
  0
LINE
  5
180D
330
17
100
AcDbEntity
  8
ARR_PRIMARY
100
AcDbLine
 10
102500.0
 20
112300.0
 30
0.0
 11
102500.0
 21
112650.0
 31
0.0
  0
LINE
  5
180E
330
17
100
AcDbEntity
  8
ARR_PRIMARY
100
AcDbLine
 10
102500.0
 20
112800.0
 30
0.0
 11
102500.0
 21
113150.0
 31
0.0
  0
LINE
  5
180F
330
17
100
AcDbEntity
  8
ARR_PRIMARY
100
AcDbLine
 10
102500.0
 20
113300.0
 30
0.0
 11
102500.0
 21
113650.0
 31
0.0
  0
LINE
  5
1810
330
17
100
AcDbEntity
  8
ARR_PRIMARY
100
AcDbLine
 10
102500.0
 20
113800.0
 30
0.0
 11
102500.0
 21
114150.0
 31
0.0
  0
LINE
  5
1811
330
17
100
AcDbEntity
  8
ARR_PRIMARY
100
AcDbLine
 10
102500.0
 20
114300.0
 30
0.0
 11
102500.0
 21
114650.0
 31
0.0
  0
LINE
  5
1812
330
17
100
AcDbEntity
  8
ARR_PRIMARY
100
AcDbLine
 10
102500.0
 20
114800.0
 30
0.0
 11
102500.0
 21
115150.0
 31
0.0
  0
LINE
  5
1813
330
17
100
AcDbEntity
  8
ARR_PRIMARY
100
AcDbLine
 10
102500.0
 20
115300.0
 30
0.0
 11
102500.0
 21
115650.0
 31
0.0
  0
LINE
  5
1814
330
17
100
AcDbEntity
  8
ARR_PRIMARY
100
AcDbLine
 10
102500.0
 20
115800.0
 30
0.0
 11
102500.0
 21
116150.0
 31
0.0
  0
LINE
  5
1815
330
17
100
AcDbEntity
  8
ARR_PRIMARY
100
AcDbLine
 10
102500.0
 20
116300.0
 30
0.0
 11
102500.0
 21
116500.0
 31
0.0
  0
LWPOLYLINE
  5
1816
330
17
100
AcDbEntity
  8
ARR_PRIMARY
100
AcDbPolyline
 90
        2
 70
     0
 43
0.0
 10
102240.0
 20
116360.0
 10
102760.0
 20
116360.0
  0
LINE
  5
1817
330
17
100
AcDbEntity
  8
ARR_SECONDARY
100
AcDbLine
 10
103250.0
 20
102800.0
 30
0.0
 11
103250.0
 21
103150.0
 31
0.0
  0
LINE
  5
1818
330
17
100
AcDbEntity
  8
ARR_SECONDARY
100
AcDbLine
 10
103250.0
 20
103300.0
 30
0.0
 11
103250.0
 21
103650.0
 31
0.0
  0
LINE
  5
1819
330
17
100
AcDbEntity
  8
ARR_SECONDARY
100
AcDbLine
 10
103250.0
 20
103800.0
 30
0.0
 11
103250.0
 21
104150.0
 31
0.0
  0
LINE
  5
181A
330
17
100
AcDbEntity
  8
ARR_SECONDARY
100
AcDbLine
 10
103250.0
 20
104300.0
 30
0.0
 11
103250.0
 21
104650.0
 31
0.0
  0
LINE
  5
181B
330
17
100
AcDbEntity
  8
ARR_SECONDARY
100
AcDbLine
 10
103250.0
 20
104800.0
 30
0.0
 11
103250.0
 21
105150.0
 31
0.0
  0
LINE
  5
181C
330
17
100
AcDbEntity
  8
ARR_SECONDARY
100
AcDbLine
 10
103250.0
 20
105300.0
 30
0.0
 11
103250.0
 21
105650.0
 31
0.0
  0
LINE
  5
181D
330
17
100
AcDbEntity
  8
ARR_SECONDARY
100
AcDbLine
 10
103250.0
 20
105800.0
 30
0.0
 11
103250.0
 21
106150.0
 31
0.0
  0
LINE
  5
181E
330
17
100
AcDbEntity
  8
ARR_SECONDARY
100
AcDbLine
 10
103250.0
 20
106200.0
 30
0.0
 11
103250.0
 21
106550.0
 31
0.0
  0
LINE
  5
181F
330
17
100
AcDbEntity
  8
ARR_SECONDARY
100
AcDbLine
 10
103250.0
 20
106700.0
 30
0.0
 11
103250.0
 21
107050.0
 31
0.0
  0
LINE
  5
1820
330
17
100
AcDbEntity
  8
ARR_SECONDARY
100
AcDbLine
 10
103250.0
 20
107200.0
 30
0.0
 11
103250.0
 21
107550.0
 31
0.0
  0
LINE
  5
1821
330
17
100
AcDbEntity
  8
ARR_SECONDARY
100
AcDbLine
 10
103250.0
 20
107700.0
 30
0.0
 11
103250.0
 21
108050.0
 31
0.0
  0
LINE
  5
1822
330
17
100
AcDbEntity
  8
ARR_SECONDARY
100
AcDbLine
 10
103250.0
 20
108200.0
 30
0.0
 11
103250.0
 21
108550.0
 31
0.0
  0
LINE
  5
1823
330
17
100
AcDbEntity
  8
ARR_SECONDARY
100
AcDbLine
 10
103250.0
 20
108700.0
 30
0.0
 11
103250.0
 21
109050.0
 31
0.0
  0
LINE
  5
1824
330
17
100
AcDbEntity
  8
ARR_SECONDARY
100
AcDbLine
 10
103250.0
 20
109200.0
 30
0.0
 11
103250.0
 21
109550.0
 31
0.0
  0
LINE
  5
1825
330
17
100
AcDbEntity
  8
ARR_SECONDARY
100
AcDbLine
 10
103250.0
 20
109600.0
 30
0.0
 11
103250.0
 21
109950.0
 31
0.0
  0
LINE
  5
1826
330
17
100
AcDbEntity
  8
ARR_SECONDARY
100
AcDbLine
 10
103250.0
 20
110100.0
 30
0.0
 11
103250.0
 21
110450.0
 31
0.0
  0
LINE
  5
1827
330
17
100
AcDbEntity
  8
ARR_SECONDARY
100
AcDbLine
 10
103250.0
 20
110600.0
 30
0.0
 11
103250.0
 21
110950.0
 31
0.0
  0
LINE
  5
1828
330
17
100
AcDbEntity
  8
ARR_SECONDARY
100
AcDbLine
 10
103250.0
 20
111100.0
 30
0.0
 11
103250.0
 21
111450.0
 31
0.0
  0
LINE
  5
1829
330
17
100
AcDbEntity
  8
ARR_SECONDARY
100
AcDbLine
 10
103250.0
 20
111600.0
 30
0.0
 11
103250.0
 21
111950.0
 31
0.0
  0
LINE
  5
182A
330
17
100
AcDbEntity
  8
ARR_SECONDARY
100
AcDbLine
 10
103250.0
 20
112100.0
 30
0.0
 11
103250.0
 21
112450.0
 31
0.0
  0
LINE
  5
182B
330
17
100
AcDbEntity
  8
ARR_SECONDARY
100
AcDbLine
 10
103250.0
 20
112600.0
 30
0.0
 11
103250.0
 21
112950.0
 31
0.0
  0
LINE
  5
182C
330
17
100
AcDbEntity
  8
ARR_SECONDARY
100
AcDbLine
 10
103250.0
 20
113000.0
 30
0.0
 11
103250.0
 21
113350.0
 31
0.0
  0
LINE
  5
182D
330
17
100
AcDbEntity
  8
ARR_SECONDARY
100
AcDbLine
 10
103250.0
 20
113500.0
 30
0.0
 11
103250.0
 21
113850.0
 31
0.0
  0
LINE
  5
182E
330
17
100
AcDbEntity
  8
ARR_SECONDARY
100
AcDbLine
 10
103250.0
 20
114000.0
 30
0.0
 11
103250.0
 21
114350.0
 31
0.0
  0
LINE
  5
182F
330
17
100
AcDbEntity
  8
ARR_SECONDARY
100
AcDbLine
 10
103250.0
 20
114500.0
 30
0.0
 11
103250.0
 21
114850.0
 31
0.0
  0
LINE
  5
1830
330
17
100
AcDbEntity
  8
ARR_SECONDARY
100
AcDbLine
 10
103250.0
 20
115000.0
 30
0.0
 11
103250.0
 21
115350.0
 31
0.0
  0
LINE
  5
1831
330
17
100
AcDbEntity
  8
ARR_SECONDARY
100
AcDbLine
 10
103250.0
 20
115500.0
 30
0.0
 11
103250.0
 21
115850.0
 31
0.0
  0
LINE
  5
1832
330
17
100
AcDbEntity
  8
ARR_SECONDARY
100
AcDbLine
 10
103250.0
 20
116000.0
 30
0.0
 11
103250.0
 21
116350.0
 31
0.0
  0
LINE
  5
1833
330
17
100
AcDbEntity
  8
ARR_SECONDARY
100
AcDbLine
 10
104000.0
 20
102800.0
 30
0.0
 11
104000.0
 21
103150.0
 31
0.0
  0
LINE
  5
1834
330
17
100
AcDbEntity
  8
ARR_SECONDARY
100
AcDbLine
 10
104000.0
 20
103300.0
 30
0.0
 11
104000.0
 21
103650.0
 31
0.0
  0
LINE
  5
1835
330
17
100
AcDbEntity
  8
ARR_SECONDARY
100
AcDbLine
 10
104000.0
 20
103800.0
 30
0.0
 11
104000.0
 21
104150.0
 31
0.0
  0
LINE
  5
1836
330
17
100
AcDbEntity
  8
ARR_SECONDARY
100
AcDbLine
 10
104000.0
 20
104300.0
 30
0.0
 11
104000.0
 21
104650.0
 31
0.0
  0
LINE
  5
1837
330
17
100
AcDbEntity
  8
ARR_SECONDARY
100
AcDbLine
 10
104000.0
 20
104800.0
 30
0.0
 11
104000.0
 21
105150.0
 31
0.0
  0
LINE
  5
1838
330
17
100
AcDbEntity
  8
ARR_SECONDARY
100
AcDbLine
 10
104000.0
 20
105300.0
 30
0.0
 11
104000.0
 21
105650.0
 31
0.0
  0
LINE
  5
1839
330
17
100
AcDbEntity
  8
ARR_SECONDARY
100
AcDbLine
 10
104000.0
 20
105800.0
 30
0.0
 11
104000.0
 21
106150.0
 31
0.0
  0
LINE
  5
183A
330
17
100
AcDbEntity
  8
ARR_SECONDARY
100
AcDbLine
 10
104000.0
 20
106200.0
 30
0.0
 11
104000.0
 21
106550.0
 31
0.0
  0
LINE
  5
183B
330
17
100
AcDbEntity
  8
ARR_SECONDARY
100
AcDbLine
 10
104000.0
 20
106700.0
 30
0.0
 11
104000.0
 21
107050.0
 31
0.0
  0
LINE
  5
183C
330
17
100
AcDbEntity
  8
ARR_SECONDARY
100
AcDbLine
 10
104000.0
 20
107200.0
 30
0.0
 11
104000.0
 21
107550.0
 31
0.0
  0
LINE
  5
183D
330
17
100
AcDbEntity
  8
ARR_SECONDARY
100
AcDbLine
 10
104000.0
 20
107700.0
 30
0.0
 11
104000.0
 21
108050.0
 31
0.0
  0
LINE
  5
183E
330
17
100
AcDbEntity
  8
ARR_SECONDARY
100
AcDbLine
 10
104000.0
 20
108200.0
 30
0.0
 11
104000.0
 21
108550.0
 31
0.0
  0
LINE
  5
183F
330
17
100
AcDbEntity
  8
ARR_SECONDARY
100
AcDbLine
 10
104000.0
 20
108700.0
 30
0.0
 11
104000.0
 21
109050.0
 31
0.0
  0
LINE
  5
1840
330
17
100
AcDbEntity
  8
ARR_SECONDARY
100
AcDbLine
 10
104000.0
 20
109200.0
 30
0.0
 11
104000.0
 21
109550.0
 31
0.0
  0
LINE
  5
1841
330
17
100
AcDbEntity
  8
ARR_SECONDARY
100
AcDbLine
 10
104000.0
 20
109600.0
 30
0.0
 11
104000.0
 21
109950.0
 31
0.0
  0
LINE
  5
1842
330
17
100
AcDbEntity
  8
ARR_SECONDARY
100
AcDbLine
 10
104000.0
 20
110100.0
 30
0.0
 11
104000.0
 21
110450.0
 31
0.0
  0
LINE
  5
1843
330
17
100
AcDbEntity
  8
ARR_SECONDARY
100
AcDbLine
 10
104000.0
 20
110600.0
 30
0.0
 11
104000.0
 21
110950.0
 31
0.0
  0
LINE
  5
1844
330
17
100
AcDbEntity
  8
ARR_SECONDARY
100
AcDbLine
 10
104000.0
 20
111100.0
 30
0.0
 11
104000.0
 21
111450.0
 31
0.0
  0
LINE
  5
1845
330
17
100
AcDbEntity
  8
ARR_SECONDARY
100
AcDbLine
 10
104000.0
 20
111600.0
 30
0.0
 11
104000.0
 21
111950.0
 31
0.0
  0
LINE
  5
1846
330
17
100
AcDbEntity
  8
ARR_SECONDARY
100
AcDbLine
 10
104000.0
 20
112100.0
 30
0.0
 11
104000.0
 21
112450.0
 31
0.0
  0
LINE
  5
1847
330
17
100
AcDbEntity
  8
ARR_SECONDARY
100
AcDbLine
 10
104000.0
 20
112600.0
 30
0.0
 11
104000.0
 21
112950.0
 31
0.0
  0
LINE
  5
1848
330
17
100
AcDbEntity
  8
ARR_SECONDARY
100
AcDbLine
 10
104000.0
 20
113000.0
 30
0.0
 11
104000.0
 21
113350.0
 31
0.0
  0
LINE
  5
1849
330
17
100
AcDbEntity
  8
ARR_SECONDARY
100
AcDbLine
 10
104000.0
 20
113500.0
 30
0.0
 11
104000.0
 21
113850.0
 31
0.0
  0
LINE
  5
184A
330
17
100
AcDbEntity
  8
ARR_SECONDARY
100
AcDbLine
 10
104000.0
 20
114000.0
 30
0.0
 11
104000.0
 21
114350.0
 31
0.0
  0
LINE
  5
184B
330
17
100
AcDbEntity
  8
ARR_SECONDARY
100
AcDbLine
 10
104000.0
 20
114500.0
 30
0.0
 11
104000.0
 21
114850.0
 31
0.0
  0
LINE
  5
184C
330
17
100
AcDbEntity
  8
ARR_SECONDARY
100
AcDbLine
 10
104000.0
 20
115000.0
 30
0.0
 11
104000.0
 21
115350.0
 31
0.0
  0
LINE
  5
184D
330
17
100
AcDbEntity
  8
ARR_SECONDARY
100
AcDbLine
 10
104000.0
 20
115500.0
 30
0.0
 11
104000.0
 21
115850.0
 31
0.0
  0
LINE
  5
184E
330
17
100
AcDbEntity
  8
ARR_SECONDARY
100
AcDbLine
 10
104000.0
 20
116000.0
 30
0.0
 11
104000.0
 21
116350.0
 31
0.0
  0
LINE
  5
184F
330
17
100
AcDbEntity
  8
ARR_PRIMARY
100
AcDbLine
 10
104750.0
 20
102800.0
 30
0.0
 11
104750.0
 21
103150.0
 31
0.0
  0
LINE
  5
1850
330
17
100
AcDbEntity
  8
ARR_PRIMARY
100
AcDbLine
 10
104750.0
 20
103300.0
 30
0.0
 11
104750.0
 21
103650.0
 31
0.0
  0
LINE
  5
1851
330
17
100
AcDbEntity
  8
ARR_PRIMARY
100
AcDbLine
 10
104750.0
 20
103800.0
 30
0.0
 11
104750.0
 21
104150.0
 31
0.0
  0
LINE
  5
1852
330
17
100
AcDbEntity
  8
ARR_PRIMARY
100
AcDbLine
 10
104750.0
 20
104300.0
 30
0.0
 11
104750.0
 21
104650.0
 31
0.0
  0
LINE
  5
1853
330
17
100
AcDbEntity
  8
ARR_PRIMARY
100
AcDbLine
 10
104750.0
 20
104800.0
 30
0.0
 11
104750.0
 21
105150.0
 31
0.0
  0
LINE
  5
1854
330
17
100
AcDbEntity
  8
ARR_PRIMARY
100
AcDbLine
 10
104750.0
 20
105300.0
 30
0.0
 11
104750.0
 21
105650.0
 31
0.0
  0
LINE
  5
1855
330
17
100
AcDbEntity
  8
ARR_PRIMARY
100
AcDbLine
 10
104750.0
 20
105800.0
 30
0.0
 11
104750.0
 21
106150.0
 31
0.0
  0
LINE
  5
1856
330
17
100
AcDbEntity
  8
ARR_PRIMARY
100
AcDbLine
 10
104750.0
 20
106300.0
 30
0.0
 11
104750.0
 21
106650.0
 31
0.0
  0
LINE
  5
1857
330
17
100
AcDbEntity
  8
ARR_PRIMARY
100
AcDbLine
 10
104750.0
 20
106800.0
 30
0.0
 11
104750.0
 21
107150.0
 31
0.0
  0
LINE
  5
1858
330
17
100
AcDbEntity
  8
ARR_PRIMARY
100
AcDbLine
 10
104750.0
 20
107300.0
 30
0.0
 11
104750.0
 21
107650.0
 31
0.0
  0
LINE
  5
1859
330
17
100
AcDbEntity
  8
ARR_PRIMARY
100
AcDbLine
 10
104750.0
 20
107800.0
 30
0.0
 11
104750.0
 21
108150.0
 31
0.0
  0
LINE
  5
185A
330
17
100
AcDbEntity
  8
ARR_PRIMARY
100
AcDbLine
 10
104750.0
 20
108300.0
 30
0.0
 11
104750.0
 21
108650.0
 31
0.0
  0
LINE
  5
185B
330
17
100
AcDbEntity
  8
ARR_PRIMARY
100
AcDbLine
 10
104750.0
 20
108800.0
 30
0.0
 11
104750.0
 21
109150.0
 31
0.0
  0
LINE
  5
185C
330
17
100
AcDbEntity
  8
ARR_PRIMARY
100
AcDbLine
 10
104750.0
 20
109300.0
 30
0.0
 11
104750.0
 21
109650.0
 31
0.0
  0
LINE
  5
185D
330
17
100
AcDbEntity
  8
ARR_PRIMARY
100
AcDbLine
 10
104750.0
 20
109800.0
 30
0.0
 11
104750.0
 21
110150.0
 31
0.0
  0
LINE
  5
185E
330
17
100
AcDbEntity
  8
ARR_PRIMARY
100
AcDbLine
 10
104750.0
 20
110300.0
 30
0.0
 11
104750.0
 21
110650.0
 31
0.0
  0
LINE
  5
185F
330
17
100
AcDbEntity
  8
ARR_PRIMARY
100
AcDbLine
 10
104750.0
 20
110800.0
 30
0.0
 11
104750.0
 21
111150.0
 31
0.0
  0
LINE
  5
1860
330
17
100
AcDbEntity
  8
ARR_PRIMARY
100
AcDbLine
 10
104750.0
 20
111300.0
 30
0.0
 11
104750.0
 21
111650.0
 31
0.0
  0
LINE
  5
1861
330
17
100
AcDbEntity
  8
ARR_PRIMARY
100
AcDbLine
 10
104750.0
 20
111800.0
 30
0.0
 11
104750.0
 21
112150.0
 31
0.0
  0
LINE
  5
1862
330
17
100
AcDbEntity
  8
ARR_PRIMARY
100
AcDbLine
 10
104750.0
 20
112300.0
 30
0.0
 11
104750.0
 21
112650.0
 31
0.0
  0
LINE
  5
1863
330
17
100
AcDbEntity
  8
ARR_PRIMARY
100
AcDbLine
 10
104750.0
 20
112800.0
 30
0.0
 11
104750.0
 21
113150.0
 31
0.0
  0
LINE
  5
1864
330
17
100
AcDbEntity
  8
ARR_PRIMARY
100
AcDbLine
 10
104750.0
 20
113300.0
 30
0.0
 11
104750.0
 21
113650.0
 31
0.0
  0
LINE
  5
1865
330
17
100
AcDbEntity
  8
ARR_PRIMARY
100
AcDbLine
 10
104750.0
 20
113800.0
 30
0.0
 11
104750.0
 21
114150.0
 31
0.0
  0
LINE
  5
1866
330
17
100
AcDbEntity
  8
ARR_PRIMARY
100
AcDbLine
 10
104750.0
 20
114300.0
 30
0.0
 11
104750.0
 21
114650.0
 31
0.0
  0
LINE
  5
1867
330
17
100
AcDbEntity
  8
ARR_PRIMARY
100
AcDbLine
 10
104750.0
 20
114800.0
 30
0.0
 11
104750.0
 21
115150.0
 31
0.0
  0
LINE
  5
1868
330
17
100
AcDbEntity
  8
ARR_PRIMARY
100
AcDbLine
 10
104750.0
 20
115300.0
 30
0.0
 11
104750.0
 21
115650.0
 31
0.0
  0
LINE
  5
1869
330
17
100
AcDbEntity
  8
ARR_PRIMARY
100
AcDbLine
 10
104750.0
 20
115800.0
 30
0.0
 11
104750.0
 21
116150.0
 31
0.0
  0
LINE
  5
186A
330
17
100
AcDbEntity
  8
ARR_PRIMARY
100
AcDbLine
 10
104750.0
 20
116300.0
 30
0.0
 11
104750.0
 21
116500.0
 31
0.0
  0
LWPOLYLINE
  5
186B
330
17
100
AcDbEntity
  8
ARR_PRIMARY
100
AcDbPolyline
 90
        2
 70
     0
 43
0.0
 10
104490.0
 20
116360.0
 10
105010.0
 20
116360.0
  0
LINE
  5
186C
330
17
100
AcDbEntity
  8
ARR_SECONDARY
100
AcDbLine
 10
105500.0
 20
102800.0
 30
0.0
 11
105500.0
 21
103150.0
 31
0.0
  0
LINE
  5
186D
330
17
100
AcDbEntity
  8
ARR_SECONDARY
100
AcDbLine
 10
105500.0
 20
103300.0
 30
0.0
 11
105500.0
 21
103650.0
 31
0.0
  0
LINE
  5
186E
330
17
100
AcDbEntity
  8
ARR_SECONDARY
100
AcDbLine
 10
105500.0
 20
103800.0
 30
0.0
 11
105500.0
 21
104150.0
 31
0.0
  0
LINE
  5
186F
330
17
100
AcDbEntity
  8
ARR_SECONDARY
100
AcDbLine
 10
105500.0
 20
104300.0
 30
0.0
 11
105500.0
 21
104650.0
 31
0.0
  0
LINE
  5
1870
330
17
100
AcDbEntity
  8
ARR_SECONDARY
100
AcDbLine
 10
105500.0
 20
104800.0
 30
0.0
 11
105500.0
 21
105150.0
 31
0.0
  0
LINE
  5
1871
330
17
100
AcDbEntity
  8
ARR_SECONDARY
100
AcDbLine
 10
105500.0
 20
105300.0
 30
0.0
 11
105500.0
 21
105650.0
 31
0.0
  0
LINE
  5
1872
330
17
100
AcDbEntity
  8
ARR_SECONDARY
100
AcDbLine
 10
105500.0
 20
105800.0
 30
0.0
 11
105500.0
 21
106150.0
 31
0.0
  0
LINE
  5
1873
330
17
100
AcDbEntity
  8
ARR_SECONDARY
100
AcDbLine
 10
105500.0
 20
106200.0
 30
0.0
 11
105500.0
 21
106550.0
 31
0.0
  0
LINE
  5
1874
330
17
100
AcDbEntity
  8
ARR_SECONDARY
100
AcDbLine
 10
105500.0
 20
106700.0
 30
0.0
 11
105500.0
 21
107050.0
 31
0.0
  0
LINE
  5
1875
330
17
100
AcDbEntity
  8
ARR_SECONDARY
100
AcDbLine
 10
105500.0
 20
107200.0
 30
0.0
 11
105500.0
 21
107550.0
 31
0.0
  0
LINE
  5
1876
330
17
100
AcDbEntity
  8
ARR_SECONDARY
100
AcDbLine
 10
105500.0
 20
107700.0
 30
0.0
 11
105500.0
 21
108050.0
 31
0.0
  0
LINE
  5
1877
330
17
100
AcDbEntity
  8
ARR_SECONDARY
100
AcDbLine
 10
105500.0
 20
108200.0
 30
0.0
 11
105500.0
 21
108550.0
 31
0.0
  0
LINE
  5
1878
330
17
100
AcDbEntity
  8
ARR_SECONDARY
100
AcDbLine
 10
105500.0
 20
108700.0
 30
0.0
 11
105500.0
 21
109050.0
 31
0.0
  0
LINE
  5
1879
330
17
100
AcDbEntity
  8
ARR_SECONDARY
100
AcDbLine
 10
105500.0
 20
109200.0
 30
0.0
 11
105500.0
 21
109550.0
 31
0.0
  0
LINE
  5
187A
330
17
100
AcDbEntity
  8
ARR_SECONDARY
100
AcDbLine
 10
105500.0
 20
109600.0
 30
0.0
 11
105500.0
 21
109950.0
 31
0.0
  0
LINE
  5
187B
330
17
100
AcDbEntity
  8
ARR_SECONDARY
100
AcDbLine
 10
105500.0
 20
110100.0
 30
0.0
 11
105500.0
 21
110450.0
 31
0.0
  0
LINE
  5
187C
330
17
100
AcDbEntity
  8
ARR_SECONDARY
100
AcDbLine
 10
105500.0
 20
110600.0
 30
0.0
 11
105500.0
 21
110950.0
 31
0.0
  0
LINE
  5
187D
330
17
100
AcDbEntity
  8
ARR_SECONDARY
100
AcDbLine
 10
105500.0
 20
111100.0
 30
0.0
 11
105500.0
 21
111450.0
 31
0.0
  0
LINE
  5
187E
330
17
100
AcDbEntity
  8
ARR_SECONDARY
100
AcDbLine
 10
105500.0
 20
111600.0
 30
0.0
 11
105500.0
 21
111950.0
 31
0.0
  0
LINE
  5
187F
330
17
100
AcDbEntity
  8
ARR_SECONDARY
100
AcDbLine
 10
105500.0
 20
112100.0
 30
0.0
 11
105500.0
 21
112450.0
 31
0.0
  0
LINE
  5
1880
330
17
100
AcDbEntity
  8
ARR_SECONDARY
100
AcDbLine
 10
105500.0
 20
112600.0
 30
0.0
 11
105500.0
 21
112950.0
 31
0.0
  0
LINE
  5
1881
330
17
100
AcDbEntity
  8
ARR_SECONDARY
100
AcDbLine
 10
105500.0
 20
113000.0
 30
0.0
 11
105500.0
 21
113350.0
 31
0.0
  0
LINE
  5
1882
330
17
100
AcDbEntity
  8
ARR_SECONDARY
100
AcDbLine
 10
105500.0
 20
113500.0
 30
0.0
 11
105500.0
 21
113850.0
 31
0.0
  0
LINE
  5
1883
330
17
100
AcDbEntity
  8
ARR_SECONDARY
100
AcDbLine
 10
105500.0
 20
114000.0
 30
0.0
 11
105500.0
 21
114350.0
 31
0.0
  0
LINE
  5
1884
330
17
100
AcDbEntity
  8
ARR_SECONDARY
100
AcDbLine
 10
105500.0
 20
114500.0
 30
0.0
 11
105500.0
 21
114850.0
 31
0.0
  0
LINE
  5
1885
330
17
100
AcDbEntity
  8
ARR_SECONDARY
100
AcDbLine
 10
105500.0
 20
115000.0
 30
0.0
 11
105500.0
 21
115350.0
 31
0.0
  0
LINE
  5
1886
330
17
100
AcDbEntity
  8
ARR_SECONDARY
100
AcDbLine
 10
105500.0
 20
115500.0
 30
0.0
 11
105500.0
 21
115850.0
 31
0.0
  0
LINE
  5
1887
330
17
100
AcDbEntity
  8
ARR_SECONDARY
100
AcDbLine
 10
105500.0
 20
116000.0
 30
0.0
 11
105500.0
 21
116350.0
 31
0.0
  0
LINE
  5
1888
330
17
100
AcDbEntity
  8
ARR_SECONDARY
100
AcDbLine
 10
106250.0
 20
102800.0
 30
0.0
 11
106250.0
 21
103150.0
 31
0.0
  0
LINE
  5
1889
330
17
100
AcDbEntity
  8
ARR_SECONDARY
100
AcDbLine
 10
106250.0
 20
103300.0
 30
0.0
 11
106250.0
 21
103650.0
 31
0.0
  0
LINE
  5
188A
330
17
100
AcDbEntity
  8
ARR_SECONDARY
100
AcDbLine
 10
106250.0
 20
103800.0
 30
0.0
 11
106250.0
 21
104150.0
 31
0.0
  0
LINE
  5
188B
330
17
100
AcDbEntity
  8
ARR_SECONDARY
100
AcDbLine
 10
106250.0
 20
104300.0
 30
0.0
 11
106250.0
 21
104650.0
 31
0.0
  0
LINE
  5
188C
330
17
100
AcDbEntity
  8
ARR_SECONDARY
100
AcDbLine
 10
106250.0
 20
104800.0
 30
0.0
 11
106250.0
 21
105150.0
 31
0.0
  0
LINE
  5
188D
330
17
100
AcDbEntity
  8
ARR_SECONDARY
100
AcDbLine
 10
106250.0
 20
105300.0
 30
0.0
 11
106250.0
 21
105650.0
 31
0.0
  0
LINE
  5
188E
330
17
100
AcDbEntity
  8
ARR_SECONDARY
100
AcDbLine
 10
106250.0
 20
105800.0
 30
0.0
 11
106250.0
 21
106150.0
 31
0.0
  0
LINE
  5
188F
330
17
100
AcDbEntity
  8
ARR_SECONDARY
100
AcDbLine
 10
106250.0
 20
106200.0
 30
0.0
 11
106250.0
 21
106550.0
 31
0.0
  0
LINE
  5
1890
330
17
100
AcDbEntity
  8
ARR_SECONDARY
100
AcDbLine
 10
106250.0
 20
106700.0
 30
0.0
 11
106250.0
 21
107050.0
 31
0.0
  0
LINE
  5
1891
330
17
100
AcDbEntity
  8
ARR_SECONDARY
100
AcDbLine
 10
106250.0
 20
107200.0
 30
0.0
 11
106250.0
 21
107550.0
 31
0.0
  0
LINE
  5
1892
330
17
100
AcDbEntity
  8
ARR_SECONDARY
100
AcDbLine
 10
106250.0
 20
107700.0
 30
0.0
 11
106250.0
 21
108050.0
 31
0.0
  0
LINE
  5
1893
330
17
100
AcDbEntity
  8
ARR_SECONDARY
100
AcDbLine
 10
106250.0
 20
108200.0
 30
0.0
 11
106250.0
 21
108550.0
 31
0.0
  0
LINE
  5
1894
330
17
100
AcDbEntity
  8
ARR_SECONDARY
100
AcDbLine
 10
106250.0
 20
108700.0
 30
0.0
 11
106250.0
 21
109050.0
 31
0.0
  0
LINE
  5
1895
330
17
100
AcDbEntity
  8
ARR_SECONDARY
100
AcDbLine
 10
106250.0
 20
109200.0
 30
0.0
 11
106250.0
 21
109550.0
 31
0.0
  0
LINE
  5
1896
330
17
100
AcDbEntity
  8
ARR_SECONDARY
100
AcDbLine
 10
106250.0
 20
109600.0
 30
0.0
 11
106250.0
 21
109950.0
 31
0.0
  0
LINE
  5
1897
330
17
100
AcDbEntity
  8
ARR_SECONDARY
100
AcDbLine
 10
106250.0
 20
110100.0
 30
0.0
 11
106250.0
 21
110450.0
 31
0.0
  0
LINE
  5
1898
330
17
100
AcDbEntity
  8
ARR_SECONDARY
100
AcDbLine
 10
106250.0
 20
110600.0
 30
0.0
 11
106250.0
 21
110950.0
 31
0.0
  0
LINE
  5
1899
330
17
100
AcDbEntity
  8
ARR_SECONDARY
100
AcDbLine
 10
106250.0
 20
111100.0
 30
0.0
 11
106250.0
 21
111450.0
 31
0.0
  0
LINE
  5
189A
330
17
100
AcDbEntity
  8
ARR_SECONDARY
100
AcDbLine
 10
106250.0
 20
111600.0
 30
0.0
 11
106250.0
 21
111950.0
 31
0.0
  0
LINE
  5
189B
330
17
100
AcDbEntity
  8
ARR_SECONDARY
100
AcDbLine
 10
106250.0
 20
112100.0
 30
0.0
 11
106250.0
 21
112450.0
 31
0.0
  0
LINE
  5
189C
330
17
100
AcDbEntity
  8
ARR_SECONDARY
100
AcDbLine
 10
106250.0
 20
112600.0
 30
0.0
 11
106250.0
 21
112950.0
 31
0.0
  0
LINE
  5
189D
330
17
100
AcDbEntity
  8
ARR_SECONDARY
100
AcDbLine
 10
106250.0
 20
113000.0
 30
0.0
 11
106250.0
 21
113350.0
 31
0.0
  0
LINE
  5
189E
330
17
100
AcDbEntity
  8
ARR_SECONDARY
100
AcDbLine
 10
106250.0
 20
113500.0
 30
0.0
 11
106250.0
 21
113850.0
 31
0.0
  0
LINE
  5
189F
330
17
100
AcDbEntity
  8
ARR_SECONDARY
100
AcDbLine
 10
106250.0
 20
114000.0
 30
0.0
 11
106250.0
 21
114350.0
 31
0.0
  0
LINE
  5
18A0
330
17
100
AcDbEntity
  8
ARR_SECONDARY
100
AcDbLine
 10
106250.0
 20
114500.0
 30
0.0
 11
106250.0
 21
114850.0
 31
0.0
  0
LINE
  5
18A1
330
17
100
AcDbEntity
  8
ARR_SECONDARY
100
AcDbLine
 10
106250.0
 20
115000.0
 30
0.0
 11
106250.0
 21
115350.0
 31
0.0
  0
LINE
  5
18A2
330
17
100
AcDbEntity
  8
ARR_SECONDARY
100
AcDbLine
 10
106250.0
 20
115500.0
 30
0.0
 11
106250.0
 21
115850.0
 31
0.0
  0
LINE
  5
18A3
330
17
100
AcDbEntity
  8
ARR_SECONDARY
100
AcDbLine
 10
106250.0
 20
116000.0
 30
0.0
 11
106250.0
 21
116350.0
 31
0.0
  0
LINE
  5
18A4
330
17
100
AcDbEntity
  8
ARR_PRIMARY
100
AcDbLine
 10
107000.0
 20
102800.0
 30
0.0
 11
107000.0
 21
103150.0
 31
0.0
  0
LINE
  5
18A5
330
17
100
AcDbEntity
  8
ARR_PRIMARY
100
AcDbLine
 10
107000.0
 20
103300.0
 30
0.0
 11
107000.0
 21
103650.0
 31
0.0
  0
LINE
  5
18A6
330
17
100
AcDbEntity
  8
ARR_PRIMARY
100
AcDbLine
 10
107000.0
 20
103800.0
 30
0.0
 11
107000.0
 21
104150.0
 31
0.0
  0
LINE
  5
18A7
330
17
100
AcDbEntity
  8
ARR_PRIMARY
100
AcDbLine
 10
107000.0
 20
104300.0
 30
0.0
 11
107000.0
 21
104650.0
 31
0.0
  0
LINE
  5
18A8
330
17
100
AcDbEntity
  8
ARR_PRIMARY
100
AcDbLine
 10
107000.0
 20
104800.0
 30
0.0
 11
107000.0
 21
105150.0
 31
0.0
  0
LINE
  5
18A9
330
17
100
AcDbEntity
  8
ARR_PRIMARY
100
AcDbLine
 10
107000.0
 20
105300.0
 30
0.0
 11
107000.0
 21
105650.0
 31
0.0
  0
LINE
  5
18AA
330
17
100
AcDbEntity
  8
ARR_PRIMARY
100
AcDbLine
 10
107000.0
 20
105800.0
 30
0.0
 11
107000.0
 21
106150.0
 31
0.0
  0
LINE
  5
18AB
330
17
100
AcDbEntity
  8
ARR_PRIMARY
100
AcDbLine
 10
107000.0
 20
106300.0
 30
0.0
 11
107000.0
 21
106650.0
 31
0.0
  0
LINE
  5
18AC
330
17
100
AcDbEntity
  8
ARR_PRIMARY
100
AcDbLine
 10
107000.0
 20
106800.0
 30
0.0
 11
107000.0
 21
107150.0
 31
0.0
  0
LINE
  5
18AD
330
17
100
AcDbEntity
  8
ARR_PRIMARY
100
AcDbLine
 10
107000.0
 20
107300.0
 30
0.0
 11
107000.0
 21
107650.0
 31
0.0
  0
LINE
  5
18AE
330
17
100
AcDbEntity
  8
ARR_PRIMARY
100
AcDbLine
 10
107000.0
 20
107800.0
 30
0.0
 11
107000.0
 21
108150.0
 31
0.0
  0
LINE
  5
18AF
330
17
100
AcDbEntity
  8
ARR_PRIMARY
100
AcDbLine
 10
107000.0
 20
108300.0
 30
0.0
 11
107000.0
 21
108650.0
 31
0.0
  0
LINE
  5
18B0
330
17
100
AcDbEntity
  8
ARR_PRIMARY
100
AcDbLine
 10
107000.0
 20
108800.0
 30
0.0
 11
107000.0
 21
109150.0
 31
0.0
  0
LINE
  5
18B1
330
17
100
AcDbEntity
  8
ARR_PRIMARY
100
AcDbLine
 10
107000.0
 20
109300.0
 30
0.0
 11
107000.0
 21
109650.0
 31
0.0
  0
LINE
  5
18B2
330
17
100
AcDbEntity
  8
ARR_PRIMARY
100
AcDbLine
 10
107000.0
 20
109800.0
 30
0.0
 11
107000.0
 21
110150.0
 31
0.0
  0
LINE
  5
18B3
330
17
100
AcDbEntity
  8
ARR_PRIMARY
100
AcDbLine
 10
107000.0
 20
110300.0
 30
0.0
 11
107000.0
 21
110650.0
 31
0.0
  0
LINE
  5
18B4
330
17
100
AcDbEntity
  8
ARR_PRIMARY
100
AcDbLine
 10
107000.0
 20
110800.0
 30
0.0
 11
107000.0
 21
111150.0
 31
0.0
  0
LINE
  5
18B5
330
17
100
AcDbEntity
  8
ARR_PRIMARY
100
AcDbLine
 10
107000.0
 20
111300.0
 30
0.0
 11
107000.0
 21
111650.0
 31
0.0
  0
LINE
  5
18B6
330
17
100
AcDbEntity
  8
ARR_PRIMARY
100
AcDbLine
 10
107000.0
 20
111800.0
 30
0.0
 11
107000.0
 21
112150.0
 31
0.0
  0
LINE
  5
18B7
330
17
100
AcDbEntity
  8
ARR_PRIMARY
100
AcDbLine
 10
107000.0
 20
112300.0
 30
0.0
 11
107000.0
 21
112650.0
 31
0.0
  0
LINE
  5
18B8
330
17
100
AcDbEntity
  8
ARR_PRIMARY
100
AcDbLine
 10
107000.0
 20
112800.0
 30
0.0
 11
107000.0
 21
113150.0
 31
0.0
  0
LINE
  5
18B9
330
17
100
AcDbEntity
  8
ARR_PRIMARY
100
AcDbLine
 10
107000.0
 20
113300.0
 30
0.0
 11
107000.0
 21
113650.0
 31
0.0
  0
LINE
  5
18BA
330
17
100
AcDbEntity
  8
ARR_PRIMARY
100
AcDbLine
 10
107000.0
 20
113800.0
 30
0.0
 11
107000.0
 21
114150.0
 31
0.0
  0
LINE
  5
18BB
330
17
100
AcDbEntity
  8
ARR_PRIMARY
100
AcDbLine
 10
107000.0
 20
114300.0
 30
0.0
 11
107000.0
 21
114650.0
 31
0.0
  0
LINE
  5
18BC
330
17
100
AcDbEntity
  8
ARR_PRIMARY
100
AcDbLine
 10
107000.0
 20
114800.0
 30
0.0
 11
107000.0
 21
115150.0
 31
0.0
  0
LINE
  5
18BD
330
17
100
AcDbEntity
  8
ARR_PRIMARY
100
AcDbLine
 10
107000.0
 20
115300.0
 30
0.0
 11
107000.0
 21
115650.0
 31
0.0
  0
LINE
  5
18BE
330
17
100
AcDbEntity
  8
ARR_PRIMARY
100
AcDbLine
 10
107000.0
 20
115800.0
 30
0.0
 11
107000.0
 21
116150.0
 31
0.0
  0
LINE
  5
18BF
330
17
100
AcDbEntity
  8
ARR_PRIMARY
100
AcDbLine
 10
107000.0
 20
116300.0
 30
0.0
 11
107000.0
 21
116500.0
 31
0.0
  0
LWPOLYLINE
  5
18C0
330
17
100
AcDbEntity
  8
ARR_PRIMARY
100
AcDbPolyline
 90
        2
 70
     0
 43
0.0
 10
106740.0
 20
116360.0
 10
107260.0
 20
116360.0
  0
LINE
  5
18C1
330
17
100
AcDbEntity
  8
ARR_SECONDARY
100
AcDbLine
 10
107750.0
 20
102800.0
 30
0.0
 11
107750.0
 21
103150.0
 31
0.0
  0
LINE
  5
18C2
330
17
100
AcDbEntity
  8
ARR_SECONDARY
100
AcDbLine
 10
107750.0
 20
103300.0
 30
0.0
 11
107750.0
 21
103650.0
 31
0.0
  0
LINE
  5
18C3
330
17
100
AcDbEntity
  8
ARR_SECONDARY
100
AcDbLine
 10
107750.0
 20
103800.0
 30
0.0
 11
107750.0
 21
104150.0
 31
0.0
  0
LINE
  5
18C4
330
17
100
AcDbEntity
  8
ARR_SECONDARY
100
AcDbLine
 10
107750.0
 20
104300.0
 30
0.0
 11
107750.0
 21
104650.0
 31
0.0
  0
LINE
  5
18C5
330
17
100
AcDbEntity
  8
ARR_SECONDARY
100
AcDbLine
 10
107750.0
 20
104800.0
 30
0.0
 11
107750.0
 21
105150.0
 31
0.0
  0
LINE
  5
18C6
330
17
100
AcDbEntity
  8
ARR_SECONDARY
100
AcDbLine
 10
107750.0
 20
105300.0
 30
0.0
 11
107750.0
 21
105650.0
 31
0.0
  0
LINE
  5
18C7
330
17
100
AcDbEntity
  8
ARR_SECONDARY
100
AcDbLine
 10
107750.0
 20
105800.0
 30
0.0
 11
107750.0
 21
106150.0
 31
0.0
  0
LINE
  5
18C8
330
17
100
AcDbEntity
  8
ARR_SECONDARY
100
AcDbLine
 10
107750.0
 20
106200.0
 30
0.0
 11
107750.0
 21
106550.0
 31
0.0
  0
LINE
  5
18C9
330
17
100
AcDbEntity
  8
ARR_SECONDARY
100
AcDbLine
 10
107750.0
 20
106700.0
 30
0.0
 11
107750.0
 21
107050.0
 31
0.0
  0
LINE
  5
18CA
330
17
100
AcDbEntity
  8
ARR_SECONDARY
100
AcDbLine
 10
107750.0
 20
107200.0
 30
0.0
 11
107750.0
 21
107550.0
 31
0.0
  0
LINE
  5
18CB
330
17
100
AcDbEntity
  8
ARR_SECONDARY
100
AcDbLine
 10
107750.0
 20
107700.0
 30
0.0
 11
107750.0
 21
108050.0
 31
0.0
  0
LINE
  5
18CC
330
17
100
AcDbEntity
  8
ARR_SECONDARY
100
AcDbLine
 10
107750.0
 20
108200.0
 30
0.0
 11
107750.0
 21
108550.0
 31
0.0
  0
LINE
  5
18CD
330
17
100
AcDbEntity
  8
ARR_SECONDARY
100
AcDbLine
 10
107750.0
 20
108700.0
 30
0.0
 11
107750.0
 21
109050.0
 31
0.0
  0
LINE
  5
18CE
330
17
100
AcDbEntity
  8
ARR_SECONDARY
100
AcDbLine
 10
107750.0
 20
109200.0
 30
0.0
 11
107750.0
 21
109550.0
 31
0.0
  0
LINE
  5
18CF
330
17
100
AcDbEntity
  8
ARR_SECONDARY
100
AcDbLine
 10
107750.0
 20
109600.0
 30
0.0
 11
107750.0
 21
109950.0
 31
0.0
  0
LINE
  5
18D0
330
17
100
AcDbEntity
  8
ARR_SECONDARY
100
AcDbLine
 10
107750.0
 20
110100.0
 30
0.0
 11
107750.0
 21
110450.0
 31
0.0
  0
LINE
  5
18D1
330
17
100
AcDbEntity
  8
ARR_SECONDARY
100
AcDbLine
 10
107750.0
 20
110600.0
 30
0.0
 11
107750.0
 21
110950.0
 31
0.0
  0
LINE
  5
18D2
330
17
100
AcDbEntity
  8
ARR_SECONDARY
100
AcDbLine
 10
107750.0
 20
111100.0
 30
0.0
 11
107750.0
 21
111450.0
 31
0.0
  0
LINE
  5
18D3
330
17
100
AcDbEntity
  8
ARR_SECONDARY
100
AcDbLine
 10
107750.0
 20
111600.0
 30
0.0
 11
107750.0
 21
111950.0
 31
0.0
  0
LINE
  5
18D4
330
17
100
AcDbEntity
  8
ARR_SECONDARY
100
AcDbLine
 10
107750.0
 20
112100.0
 30
0.0
 11
107750.0
 21
112450.0
 31
0.0
  0
LINE
  5
18D5
330
17
100
AcDbEntity
  8
ARR_SECONDARY
100
AcDbLine
 10
107750.0
 20
112600.0
 30
0.0
 11
107750.0
 21
112950.0
 31
0.0
  0
LINE
  5
18D6
330
17
100
AcDbEntity
  8
ARR_SECONDARY
100
AcDbLine
 10
107750.0
 20
113000.0
 30
0.0
 11
107750.0
 21
113350.0
 31
0.0
  0
LINE
  5
18D7
330
17
100
AcDbEntity
  8
ARR_SECONDARY
100
AcDbLine
 10
107750.0
 20
113500.0
 30
0.0
 11
107750.0
 21
113850.0
 31
0.0
  0
LINE
  5
18D8
330
17
100
AcDbEntity
  8
ARR_SECONDARY
100
AcDbLine
 10
107750.0
 20
114000.0
 30
0.0
 11
107750.0
 21
114350.0
 31
0.0
  0
LINE
  5
18D9
330
17
100
AcDbEntity
  8
ARR_SECONDARY
100
AcDbLine
 10
107750.0
 20
114500.0
 30
0.0
 11
107750.0
 21
114850.0
 31
0.0
  0
LINE
  5
18DA
330
17
100
AcDbEntity
  8
ARR_SECONDARY
100
AcDbLine
 10
107750.0
 20
115000.0
 30
0.0
 11
107750.0
 21
115350.0
 31
0.0
  0
LINE
  5
18DB
330
17
100
AcDbEntity
  8
ARR_SECONDARY
100
AcDbLine
 10
107750.0
 20
115500.0
 30
0.0
 11
107750.0
 21
115850.0
 31
0.0
  0
LINE
  5
18DC
330
17
100
AcDbEntity
  8
ARR_SECONDARY
100
AcDbLine
 10
107750.0
 20
116000.0
 30
0.0
 11
107750.0
 21
116350.0
 31
0.0
  0
LINE
  5
18DD
330
17
100
AcDbEntity
  8
ARR_SECONDARY
100
AcDbLine
 10
108500.0
 20
102800.0
 30
0.0
 11
108500.0
 21
103150.0
 31
0.0
  0
LINE
  5
18DE
330
17
100
AcDbEntity
  8
ARR_SECONDARY
100
AcDbLine
 10
108500.0
 20
103300.0
 30
0.0
 11
108500.0
 21
103650.0
 31
0.0
  0
LINE
  5
18DF
330
17
100
AcDbEntity
  8
ARR_SECONDARY
100
AcDbLine
 10
108500.0
 20
103800.0
 30
0.0
 11
108500.0
 21
104150.0
 31
0.0
  0
LINE
  5
18E0
330
17
100
AcDbEntity
  8
ARR_SECONDARY
100
AcDbLine
 10
108500.0
 20
104300.0
 30
0.0
 11
108500.0
 21
104650.0
 31
0.0
  0
LINE
  5
18E1
330
17
100
AcDbEntity
  8
ARR_SECONDARY
100
AcDbLine
 10
108500.0
 20
104800.0
 30
0.0
 11
108500.0
 21
105150.0
 31
0.0
  0
LINE
  5
18E2
330
17
100
AcDbEntity
  8
ARR_SECONDARY
100
AcDbLine
 10
108500.0
 20
105300.0
 30
0.0
 11
108500.0
 21
105650.0
 31
0.0
  0
LINE
  5
18E3
330
17
100
AcDbEntity
  8
ARR_SECONDARY
100
AcDbLine
 10
108500.0
 20
105800.0
 30
0.0
 11
108500.0
 21
106150.0
 31
0.0
  0
LINE
  5
18E4
330
17
100
AcDbEntity
  8
ARR_SECONDARY
100
AcDbLine
 10
108500.0
 20
106200.0
 30
0.0
 11
108500.0
 21
106550.0
 31
0.0
  0
LINE
  5
18E5
330
17
100
AcDbEntity
  8
ARR_SECONDARY
100
AcDbLine
 10
108500.0
 20
106700.0
 30
0.0
 11
108500.0
 21
107050.0
 31
0.0
  0
LINE
  5
18E6
330
17
100
AcDbEntity
  8
ARR_SECONDARY
100
AcDbLine
 10
108500.0
 20
107200.0
 30
0.0
 11
108500.0
 21
107550.0
 31
0.0
  0
LINE
  5
18E7
330
17
100
AcDbEntity
  8
ARR_SECONDARY
100
AcDbLine
 10
108500.0
 20
107700.0
 30
0.0
 11
108500.0
 21
108050.0
 31
0.0
  0
LINE
  5
18E8
330
17
100
AcDbEntity
  8
ARR_SECONDARY
100
AcDbLine
 10
108500.0
 20
108200.0
 30
0.0
 11
108500.0
 21
108550.0
 31
0.0
  0
LINE
  5
18E9
330
17
100
AcDbEntity
  8
ARR_SECONDARY
100
AcDbLine
 10
108500.0
 20
108700.0
 30
0.0
 11
108500.0
 21
109050.0
 31
0.0
  0
LINE
  5
18EA
330
17
100
AcDbEntity
  8
ARR_SECONDARY
100
AcDbLine
 10
108500.0
 20
109200.0
 30
0.0
 11
108500.0
 21
109550.0
 31
0.0
  0
LINE
  5
18EB
330
17
100
AcDbEntity
  8
ARR_SECONDARY
100
AcDbLine
 10
108500.0
 20
109600.0
 30
0.0
 11
108500.0
 21
109950.0
 31
0.0
  0
LINE
  5
18EC
330
17
100
AcDbEntity
  8
ARR_SECONDARY
100
AcDbLine
 10
108500.0
 20
110100.0
 30
0.0
 11
108500.0
 21
110450.0
 31
0.0
  0
LINE
  5
18ED
330
17
100
AcDbEntity
  8
ARR_SECONDARY
100
AcDbLine
 10
108500.0
 20
110600.0
 30
0.0
 11
108500.0
 21
110950.0
 31
0.0
  0
LINE
  5
18EE
330
17
100
AcDbEntity
  8
ARR_SECONDARY
100
AcDbLine
 10
108500.0
 20
111100.0
 30
0.0
 11
108500.0
 21
111450.0
 31
0.0
  0
LINE
  5
18EF
330
17
100
AcDbEntity
  8
ARR_SECONDARY
100
AcDbLine
 10
108500.0
 20
111600.0
 30
0.0
 11
108500.0
 21
111950.0
 31
0.0
  0
LINE
  5
18F0
330
17
100
AcDbEntity
  8
ARR_SECONDARY
100
AcDbLine
 10
108500.0
 20
112100.0
 30
0.0
 11
108500.0
 21
112450.0
 31
0.0
  0
LINE
  5
18F1
330
17
100
AcDbEntity
  8
ARR_SECONDARY
100
AcDbLine
 10
108500.0
 20
112600.0
 30
0.0
 11
108500.0
 21
112950.0
 31
0.0
  0
LINE
  5
18F2
330
17
100
AcDbEntity
  8
ARR_SECONDARY
100
AcDbLine
 10
108500.0
 20
113000.0
 30
0.0
 11
108500.0
 21
113350.0
 31
0.0
  0
LINE
  5
18F3
330
17
100
AcDbEntity
  8
ARR_SECONDARY
100
AcDbLine
 10
108500.0
 20
113500.0
 30
0.0
 11
108500.0
 21
113850.0
 31
0.0
  0
LINE
  5
18F4
330
17
100
AcDbEntity
  8
ARR_SECONDARY
100
AcDbLine
 10
108500.0
 20
114000.0
 30
0.0
 11
108500.0
 21
114350.0
 31
0.0
  0
LINE
  5
18F5
330
17
100
AcDbEntity
  8
ARR_SECONDARY
100
AcDbLine
 10
108500.0
 20
114500.0
 30
0.0
 11
108500.0
 21
114850.0
 31
0.0
  0
LINE
  5
18F6
330
17
100
AcDbEntity
  8
ARR_SECONDARY
100
AcDbLine
 10
108500.0
 20
115000.0
 30
0.0
 11
108500.0
 21
115350.0
 31
0.0
  0
LINE
  5
18F7
330
17
100
AcDbEntity
  8
ARR_SECONDARY
100
AcDbLine
 10
108500.0
 20
115500.0
 30
0.0
 11
108500.0
 21
115850.0
 31
0.0
  0
LINE
  5
18F8
330
17
100
AcDbEntity
  8
ARR_SECONDARY
100
AcDbLine
 10
108500.0
 20
116000.0
 30
0.0
 11
108500.0
 21
116350.0
 31
0.0
  0
LINE
  5
18F9
330
17
100
AcDbEntity
  8
ARR_PRIMARY
100
AcDbLine
 10
109250.0
 20
102800.0
 30
0.0
 11
109250.0
 21
103150.0
 31
0.0
  0
LINE
  5
18FA
330
17
100
AcDbEntity
  8
ARR_PRIMARY
100
AcDbLine
 10
109250.0
 20
103300.0
 30
0.0
 11
109250.0
 21
103650.0
 31
0.0
  0
LINE
  5
18FB
330
17
100
AcDbEntity
  8
ARR_PRIMARY
100
AcDbLine
 10
109250.0
 20
103800.0
 30
0.0
 11
109250.0
 21
104150.0
 31
0.0
  0
LINE
  5
18FC
330
17
100
AcDbEntity
  8
ARR_PRIMARY
100
AcDbLine
 10
109250.0
 20
104300.0
 30
0.0
 11
109250.0
 21
104650.0
 31
0.0
  0
LINE
  5
18FD
330
17
100
AcDbEntity
  8
ARR_PRIMARY
100
AcDbLine
 10
109250.0
 20
104800.0
 30
0.0
 11
109250.0
 21
105150.0
 31
0.0
  0
LINE
  5
18FE
330
17
100
AcDbEntity
  8
ARR_PRIMARY
100
AcDbLine
 10
109250.0
 20
105300.0
 30
0.0
 11
109250.0
 21
105650.0
 31
0.0
  0
LINE
  5
18FF
330
17
100
AcDbEntity
  8
ARR_PRIMARY
100
AcDbLine
 10
109250.0
 20
105800.0
 30
0.0
 11
109250.0
 21
106150.0
 31
0.0
  0
LINE
  5
1900
330
17
100
AcDbEntity
  8
ARR_PRIMARY
100
AcDbLine
 10
109250.0
 20
106300.0
 30
0.0
 11
109250.0
 21
106650.0
 31
0.0
  0
LINE
  5
1901
330
17
100
AcDbEntity
  8
ARR_PRIMARY
100
AcDbLine
 10
109250.0
 20
106800.0
 30
0.0
 11
109250.0
 21
107150.0
 31
0.0
  0
LINE
  5
1902
330
17
100
AcDbEntity
  8
ARR_PRIMARY
100
AcDbLine
 10
109250.0
 20
107300.0
 30
0.0
 11
109250.0
 21
107650.0
 31
0.0
  0
LINE
  5
1903
330
17
100
AcDbEntity
  8
ARR_PRIMARY
100
AcDbLine
 10
109250.0
 20
107800.0
 30
0.0
 11
109250.0
 21
108150.0
 31
0.0
  0
LINE
  5
1904
330
17
100
AcDbEntity
  8
ARR_PRIMARY
100
AcDbLine
 10
109250.0
 20
108300.0
 30
0.0
 11
109250.0
 21
108650.0
 31
0.0
  0
LINE
  5
1905
330
17
100
AcDbEntity
  8
ARR_PRIMARY
100
AcDbLine
 10
109250.0
 20
108800.0
 30
0.0
 11
109250.0
 21
109150.0
 31
0.0
  0
LINE
  5
1906
330
17
100
AcDbEntity
  8
ARR_PRIMARY
100
AcDbLine
 10
109250.0
 20
109300.0
 30
0.0
 11
109250.0
 21
109650.0
 31
0.0
  0
LINE
  5
1907
330
17
100
AcDbEntity
  8
ARR_PRIMARY
100
AcDbLine
 10
109250.0
 20
109800.0
 30
0.0
 11
109250.0
 21
110150.0
 31
0.0
  0
LINE
  5
1908
330
17
100
AcDbEntity
  8
ARR_PRIMARY
100
AcDbLine
 10
109250.0
 20
110300.0
 30
0.0
 11
109250.0
 21
110650.0
 31
0.0
  0
LINE
  5
1909
330
17
100
AcDbEntity
  8
ARR_PRIMARY
100
AcDbLine
 10
109250.0
 20
110800.0
 30
0.0
 11
109250.0
 21
111150.0
 31
0.0
  0
LINE
  5
190A
330
17
100
AcDbEntity
  8
ARR_PRIMARY
100
AcDbLine
 10
109250.0
 20
111300.0
 30
0.0
 11
109250.0
 21
111650.0
 31
0.0
  0
LINE
  5
190B
330
17
100
AcDbEntity
  8
ARR_PRIMARY
100
AcDbLine
 10
109250.0
 20
111800.0
 30
0.0
 11
109250.0
 21
112150.0
 31
0.0
  0
LINE
  5
190C
330
17
100
AcDbEntity
  8
ARR_PRIMARY
100
AcDbLine
 10
109250.0
 20
112300.0
 30
0.0
 11
109250.0
 21
112650.0
 31
0.0
  0
LINE
  5
190D
330
17
100
AcDbEntity
  8
ARR_PRIMARY
100
AcDbLine
 10
109250.0
 20
112800.0
 30
0.0
 11
109250.0
 21
113150.0
 31
0.0
  0
LINE
  5
190E
330
17
100
AcDbEntity
  8
ARR_PRIMARY
100
AcDbLine
 10
109250.0
 20
113300.0
 30
0.0
 11
109250.0
 21
113650.0
 31
0.0
  0
LINE
  5
190F
330
17
100
AcDbEntity
  8
ARR_PRIMARY
100
AcDbLine
 10
109250.0
 20
113800.0
 30
0.0
 11
109250.0
 21
114150.0
 31
0.0
  0
LINE
  5
1910
330
17
100
AcDbEntity
  8
ARR_PRIMARY
100
AcDbLine
 10
109250.0
 20
114300.0
 30
0.0
 11
109250.0
 21
114650.0
 31
0.0
  0
LINE
  5
1911
330
17
100
AcDbEntity
  8
ARR_PRIMARY
100
AcDbLine
 10
109250.0
 20
114800.0
 30
0.0
 11
109250.0
 21
115150.0
 31
0.0
  0
LINE
  5
1912
330
17
100
AcDbEntity
  8
ARR_PRIMARY
100
AcDbLine
 10
109250.0
 20
115300.0
 30
0.0
 11
109250.0
 21
115650.0
 31
0.0
  0
LINE
  5
1913
330
17
100
AcDbEntity
  8
ARR_PRIMARY
100
AcDbLine
 10
109250.0
 20
115800.0
 30
0.0
 11
109250.0
 21
116150.0
 31
0.0
  0
LINE
  5
1914
330
17
100
AcDbEntity
  8
ARR_PRIMARY
100
AcDbLine
 10
109250.0
 20
116300.0
 30
0.0
 11
109250.0
 21
116500.0
 31
0.0
  0
LWPOLYLINE
  5
1915
330
17
100
AcDbEntity
  8
ARR_PRIMARY
100
AcDbPolyline
 90
        2
 70
     0
 43
0.0
 10
108990.0
 20
116360.0
 10
109510.0
 20
116360.0
  0
LINE
  5
1916
330
17
100
AcDbEntity
  8
ARR_SECONDARY
100
AcDbLine
 10
110000.0
 20
102800.0
 30
0.0
 11
110000.0
 21
103150.0
 31
0.0
  0
LINE
  5
1917
330
17
100
AcDbEntity
  8
ARR_SECONDARY
100
AcDbLine
 10
110000.0
 20
103300.0
 30
0.0
 11
110000.0
 21
103650.0
 31
0.0
  0
LINE
  5
1918
330
17
100
AcDbEntity
  8
ARR_SECONDARY
100
AcDbLine
 10
110000.0
 20
103800.0
 30
0.0
 11
110000.0
 21
104150.0
 31
0.0
  0
LINE
  5
1919
330
17
100
AcDbEntity
  8
ARR_SECONDARY
100
AcDbLine
 10
110000.0
 20
104300.0
 30
0.0
 11
110000.0
 21
104650.0
 31
0.0
  0
LINE
  5
191A
330
17
100
AcDbEntity
  8
ARR_SECONDARY
100
AcDbLine
 10
110000.0
 20
104800.0
 30
0.0
 11
110000.0
 21
105150.0
 31
0.0
  0
LINE
  5
191B
330
17
100
AcDbEntity
  8
ARR_SECONDARY
100
AcDbLine
 10
110000.0
 20
105300.0
 30
0.0
 11
110000.0
 21
105650.0
 31
0.0
  0
LINE
  5
191C
330
17
100
AcDbEntity
  8
ARR_SECONDARY
100
AcDbLine
 10
110000.0
 20
105800.0
 30
0.0
 11
110000.0
 21
106150.0
 31
0.0
  0
LINE
  5
191D
330
17
100
AcDbEntity
  8
ARR_SECONDARY
100
AcDbLine
 10
110000.0
 20
106200.0
 30
0.0
 11
110000.0
 21
106550.0
 31
0.0
  0
LINE
  5
191E
330
17
100
AcDbEntity
  8
ARR_SECONDARY
100
AcDbLine
 10
110000.0
 20
106700.0
 30
0.0
 11
110000.0
 21
107050.0
 31
0.0
  0
LINE
  5
191F
330
17
100
AcDbEntity
  8
ARR_SECONDARY
100
AcDbLine
 10
110000.0
 20
107200.0
 30
0.0
 11
110000.0
 21
107550.0
 31
0.0
  0
LINE
  5
1920
330
17
100
AcDbEntity
  8
ARR_SECONDARY
100
AcDbLine
 10
110000.0
 20
107700.0
 30
0.0
 11
110000.0
 21
108050.0
 31
0.0
  0
LINE
  5
1921
330
17
100
AcDbEntity
  8
ARR_SECONDARY
100
AcDbLine
 10
110000.0
 20
108200.0
 30
0.0
 11
110000.0
 21
108550.0
 31
0.0
  0
LINE
  5
1922
330
17
100
AcDbEntity
  8
ARR_SECONDARY
100
AcDbLine
 10
110000.0
 20
108700.0
 30
0.0
 11
110000.0
 21
109050.0
 31
0.0
  0
LINE
  5
1923
330
17
100
AcDbEntity
  8
ARR_SECONDARY
100
AcDbLine
 10
110000.0
 20
109200.0
 30
0.0
 11
110000.0
 21
109550.0
 31
0.0
  0
LINE
  5
1924
330
17
100
AcDbEntity
  8
ARR_SECONDARY
100
AcDbLine
 10
110000.0
 20
109600.0
 30
0.0
 11
110000.0
 21
109950.0
 31
0.0
  0
LINE
  5
1925
330
17
100
AcDbEntity
  8
ARR_SECONDARY
100
AcDbLine
 10
110000.0
 20
110100.0
 30
0.0
 11
110000.0
 21
110450.0
 31
0.0
  0
LINE
  5
1926
330
17
100
AcDbEntity
  8
ARR_SECONDARY
100
AcDbLine
 10
110000.0
 20
110600.0
 30
0.0
 11
110000.0
 21
110950.0
 31
0.0
  0
LINE
  5
1927
330
17
100
AcDbEntity
  8
ARR_SECONDARY
100
AcDbLine
 10
110000.0
 20
111100.0
 30
0.0
 11
110000.0
 21
111450.0
 31
0.0
  0
LINE
  5
1928
330
17
100
AcDbEntity
  8
ARR_SECONDARY
100
AcDbLine
 10
110000.0
 20
111600.0
 30
0.0
 11
110000.0
 21
111950.0
 31
0.0
  0
LINE
  5
1929
330
17
100
AcDbEntity
  8
ARR_SECONDARY
100
AcDbLine
 10
110000.0
 20
112100.0
 30
0.0
 11
110000.0
 21
112450.0
 31
0.0
  0
LINE
  5
192A
330
17
100
AcDbEntity
  8
ARR_SECONDARY
100
AcDbLine
 10
110000.0
 20
112600.0
 30
0.0
 11
110000.0
 21
112950.0
 31
0.0
  0
LINE
  5
192B
330
17
100
AcDbEntity
  8
ARR_SECONDARY
100
AcDbLine
 10
110000.0
 20
113000.0
 30
0.0
 11
110000.0
 21
113350.0
 31
0.0
  0
LINE
  5
192C
330
17
100
AcDbEntity
  8
ARR_SECONDARY
100
AcDbLine
 10
110000.0
 20
113500.0
 30
0.0
 11
110000.0
 21
113850.0
 31
0.0
  0
LINE
  5
192D
330
17
100
AcDbEntity
  8
ARR_SECONDARY
100
AcDbLine
 10
110000.0
 20
114000.0
 30
0.0
 11
110000.0
 21
114350.0
 31
0.0
  0
LINE
  5
192E
330
17
100
AcDbEntity
  8
ARR_SECONDARY
100
AcDbLine
 10
110000.0
 20
114500.0
 30
0.0
 11
110000.0
 21
114850.0
 31
0.0
  0
LINE
  5
192F
330
17
100
AcDbEntity
  8
ARR_SECONDARY
100
AcDbLine
 10
110000.0
 20
115000.0
 30
0.0
 11
110000.0
 21
115350.0
 31
0.0
  0
LINE
  5
1930
330
17
100
AcDbEntity
  8
ARR_SECONDARY
100
AcDbLine
 10
110000.0
 20
115500.0
 30
0.0
 11
110000.0
 21
115850.0
 31
0.0
  0
LINE
  5
1931
330
17
100
AcDbEntity
  8
ARR_SECONDARY
100
AcDbLine
 10
110000.0
 20
116000.0
 30
0.0
 11
110000.0
 21
116350.0
 31
0.0
  0
LINE
  5
1932
330
17
100
AcDbEntity
  8
ARR_SECONDARY
100
AcDbLine
 10
110750.0
 20
102800.0
 30
0.0
 11
110750.0
 21
103150.0
 31
0.0
  0
LINE
  5
1933
330
17
100
AcDbEntity
  8
ARR_SECONDARY
100
AcDbLine
 10
110750.0
 20
103300.0
 30
0.0
 11
110750.0
 21
103650.0
 31
0.0
  0
LINE
  5
1934
330
17
100
AcDbEntity
  8
ARR_SECONDARY
100
AcDbLine
 10
110750.0
 20
103800.0
 30
0.0
 11
110750.0
 21
104150.0
 31
0.0
  0
LINE
  5
1935
330
17
100
AcDbEntity
  8
ARR_SECONDARY
100
AcDbLine
 10
110750.0
 20
104300.0
 30
0.0
 11
110750.0
 21
104650.0
 31
0.0
  0
LINE
  5
1936
330
17
100
AcDbEntity
  8
ARR_SECONDARY
100
AcDbLine
 10
110750.0
 20
104800.0
 30
0.0
 11
110750.0
 21
105150.0
 31
0.0
  0
LINE
  5
1937
330
17
100
AcDbEntity
  8
ARR_SECONDARY
100
AcDbLine
 10
110750.0
 20
105300.0
 30
0.0
 11
110750.0
 21
105650.0
 31
0.0
  0
LINE
  5
1938
330
17
100
AcDbEntity
  8
ARR_SECONDARY
100
AcDbLine
 10
110750.0
 20
105800.0
 30
0.0
 11
110750.0
 21
106150.0
 31
0.0
  0
LINE
  5
1939
330
17
100
AcDbEntity
  8
ARR_SECONDARY
100
AcDbLine
 10
110750.0
 20
106200.0
 30
0.0
 11
110750.0
 21
106550.0
 31
0.0
  0
LINE
  5
193A
330
17
100
AcDbEntity
  8
ARR_SECONDARY
100
AcDbLine
 10
110750.0
 20
106700.0
 30
0.0
 11
110750.0
 21
107050.0
 31
0.0
  0
LINE
  5
193B
330
17
100
AcDbEntity
  8
ARR_SECONDARY
100
AcDbLine
 10
110750.0
 20
107200.0
 30
0.0
 11
110750.0
 21
107550.0
 31
0.0
  0
LINE
  5
193C
330
17
100
AcDbEntity
  8
ARR_SECONDARY
100
AcDbLine
 10
110750.0
 20
107700.0
 30
0.0
 11
110750.0
 21
108050.0
 31
0.0
  0
LINE
  5
193D
330
17
100
AcDbEntity
  8
ARR_SECONDARY
100
AcDbLine
 10
110750.0
 20
108200.0
 30
0.0
 11
110750.0
 21
108550.0
 31
0.0
  0
LINE
  5
193E
330
17
100
AcDbEntity
  8
ARR_SECONDARY
100
AcDbLine
 10
110750.0
 20
108700.0
 30
0.0
 11
110750.0
 21
109050.0
 31
0.0
  0
LINE
  5
193F
330
17
100
AcDbEntity
  8
ARR_SECONDARY
100
AcDbLine
 10
110750.0
 20
109200.0
 30
0.0
 11
110750.0
 21
109550.0
 31
0.0
  0
LINE
  5
1940
330
17
100
AcDbEntity
  8
ARR_SECONDARY
100
AcDbLine
 10
110750.0
 20
109600.0
 30
0.0
 11
110750.0
 21
109950.0
 31
0.0
  0
LINE
  5
1941
330
17
100
AcDbEntity
  8
ARR_SECONDARY
100
AcDbLine
 10
110750.0
 20
110100.0
 30
0.0
 11
110750.0
 21
110450.0
 31
0.0
  0
LINE
  5
1942
330
17
100
AcDbEntity
  8
ARR_SECONDARY
100
AcDbLine
 10
110750.0
 20
110600.0
 30
0.0
 11
110750.0
 21
110950.0
 31
0.0
  0
LINE
  5
1943
330
17
100
AcDbEntity
  8
ARR_SECONDARY
100
AcDbLine
 10
110750.0
 20
111100.0
 30
0.0
 11
110750.0
 21
111450.0
 31
0.0
  0
LINE
  5
1944
330
17
100
AcDbEntity
  8
ARR_SECONDARY
100
AcDbLine
 10
110750.0
 20
111600.0
 30
0.0
 11
110750.0
 21
111950.0
 31
0.0
  0
LINE
  5
1945
330
17
100
AcDbEntity
  8
ARR_SECONDARY
100
AcDbLine
 10
110750.0
 20
112100.0
 30
0.0
 11
110750.0
 21
112450.0
 31
0.0
  0
LINE
  5
1946
330
17
100
AcDbEntity
  8
ARR_SECONDARY
100
AcDbLine
 10
110750.0
 20
112600.0
 30
0.0
 11
110750.0
 21
112950.0
 31
0.0
  0
LINE
  5
1947
330
17
100
AcDbEntity
  8
ARR_SECONDARY
100
AcDbLine
 10
110750.0
 20
113000.0
 30
0.0
 11
110750.0
 21
113350.0
 31
0.0
  0
LINE
  5
1948
330
17
100
AcDbEntity
  8
ARR_SECONDARY
100
AcDbLine
 10
110750.0
 20
113500.0
 30
0.0
 11
110750.0
 21
113850.0
 31
0.0
  0
LINE
  5
1949
330
17
100
AcDbEntity
  8
ARR_SECONDARY
100
AcDbLine
 10
110750.0
 20
114000.0
 30
0.0
 11
110750.0
 21
114350.0
 31
0.0
  0
LINE
  5
194A
330
17
100
AcDbEntity
  8
ARR_SECONDARY
100
AcDbLine
 10
110750.0
 20
114500.0
 30
0.0
 11
110750.0
 21
114850.0
 31
0.0
  0
LINE
  5
194B
330
17
100
AcDbEntity
  8
ARR_SECONDARY
100
AcDbLine
 10
110750.0
 20
115000.0
 30
0.0
 11
110750.0
 21
115350.0
 31
0.0
  0
LINE
  5
194C
330
17
100
AcDbEntity
  8
ARR_SECONDARY
100
AcDbLine
 10
110750.0
 20
115500.0
 30
0.0
 11
110750.0
 21
115850.0
 31
0.0
  0
LINE
  5
194D
330
17
100
AcDbEntity
  8
ARR_SECONDARY
100
AcDbLine
 10
110750.0
 20
116000.0
 30
0.0
 11
110750.0
 21
116350.0
 31
0.0
  0
LINE
  5
194E
330
17
100
AcDbEntity
  8
ARR_SECONDARY
100
AcDbLine
 10
112250.0
 20
102800.0
 30
0.0
 11
112250.0
 21
103150.0
 31
0.0
  0
LINE
  5
194F
330
17
100
AcDbEntity
  8
ARR_SECONDARY
100
AcDbLine
 10
112250.0
 20
103300.0
 30
0.0
 11
112250.0
 21
103650.0
 31
0.0
  0
LINE
  5
1950
330
17
100
AcDbEntity
  8
ARR_SECONDARY
100
AcDbLine
 10
112250.0
 20
103800.0
 30
0.0
 11
112250.0
 21
104150.0
 31
0.0
  0
LINE
  5
1951
330
17
100
AcDbEntity
  8
ARR_SECONDARY
100
AcDbLine
 10
112250.0
 20
104300.0
 30
0.0
 11
112250.0
 21
104650.0
 31
0.0
  0
LINE
  5
1952
330
17
100
AcDbEntity
  8
ARR_SECONDARY
100
AcDbLine
 10
112250.0
 20
104800.0
 30
0.0
 11
112250.0
 21
105150.0
 31
0.0
  0
LINE
  5
1953
330
17
100
AcDbEntity
  8
ARR_SECONDARY
100
AcDbLine
 10
112250.0
 20
105300.0
 30
0.0
 11
112250.0
 21
105650.0
 31
0.0
  0
LINE
  5
1954
330
17
100
AcDbEntity
  8
ARR_SECONDARY
100
AcDbLine
 10
112250.0
 20
105800.0
 30
0.0
 11
112250.0
 21
106150.0
 31
0.0
  0
LINE
  5
1955
330
17
100
AcDbEntity
  8
ARR_SECONDARY
100
AcDbLine
 10
112250.0
 20
106200.0
 30
0.0
 11
112250.0
 21
106550.0
 31
0.0
  0
LINE
  5
1956
330
17
100
AcDbEntity
  8
ARR_SECONDARY
100
AcDbLine
 10
112250.0
 20
106700.0
 30
0.0
 11
112250.0
 21
107050.0
 31
0.0
  0
LINE
  5
1957
330
17
100
AcDbEntity
  8
ARR_SECONDARY
100
AcDbLine
 10
112250.0
 20
107200.0
 30
0.0
 11
112250.0
 21
107550.0
 31
0.0
  0
LINE
  5
1958
330
17
100
AcDbEntity
  8
ARR_SECONDARY
100
AcDbLine
 10
112250.0
 20
107700.0
 30
0.0
 11
112250.0
 21
108050.0
 31
0.0
  0
LINE
  5
1959
330
17
100
AcDbEntity
  8
ARR_SECONDARY
100
AcDbLine
 10
112250.0
 20
108200.0
 30
0.0
 11
112250.0
 21
108550.0
 31
0.0
  0
LINE
  5
195A
330
17
100
AcDbEntity
  8
ARR_SECONDARY
100
AcDbLine
 10
112250.0
 20
108700.0
 30
0.0
 11
112250.0
 21
109050.0
 31
0.0
  0
LINE
  5
195B
330
17
100
AcDbEntity
  8
ARR_SECONDARY
100
AcDbLine
 10
112250.0
 20
109200.0
 30
0.0
 11
112250.0
 21
109550.0
 31
0.0
  0
LINE
  5
195C
330
17
100
AcDbEntity
  8
ARR_SECONDARY
100
AcDbLine
 10
112250.0
 20
109600.0
 30
0.0
 11
112250.0
 21
109950.0
 31
0.0
  0
LINE
  5
195D
330
17
100
AcDbEntity
  8
ARR_SECONDARY
100
AcDbLine
 10
112250.0
 20
110100.0
 30
0.0
 11
112250.0
 21
110450.0
 31
0.0
  0
LINE
  5
195E
330
17
100
AcDbEntity
  8
ARR_SECONDARY
100
AcDbLine
 10
112250.0
 20
110600.0
 30
0.0
 11
112250.0
 21
110950.0
 31
0.0
  0
LINE
  5
195F
330
17
100
AcDbEntity
  8
ARR_SECONDARY
100
AcDbLine
 10
112250.0
 20
111100.0
 30
0.0
 11
112250.0
 21
111450.0
 31
0.0
  0
LINE
  5
1960
330
17
100
AcDbEntity
  8
ARR_SECONDARY
100
AcDbLine
 10
112250.0
 20
111600.0
 30
0.0
 11
112250.0
 21
111950.0
 31
0.0
  0
LINE
  5
1961
330
17
100
AcDbEntity
  8
ARR_SECONDARY
100
AcDbLine
 10
112250.0
 20
112100.0
 30
0.0
 11
112250.0
 21
112450.0
 31
0.0
  0
LINE
  5
1962
330
17
100
AcDbEntity
  8
ARR_SECONDARY
100
AcDbLine
 10
112250.0
 20
112600.0
 30
0.0
 11
112250.0
 21
112950.0
 31
0.0
  0
LINE
  5
1963
330
17
100
AcDbEntity
  8
ARR_SECONDARY
100
AcDbLine
 10
112250.0
 20
113000.0
 30
0.0
 11
112250.0
 21
113350.0
 31
0.0
  0
LINE
  5
1964
330
17
100
AcDbEntity
  8
ARR_SECONDARY
100
AcDbLine
 10
112250.0
 20
113500.0
 30
0.0
 11
112250.0
 21
113850.0
 31
0.0
  0
LINE
  5
1965
330
17
100
AcDbEntity
  8
ARR_SECONDARY
100
AcDbLine
 10
112250.0
 20
114000.0
 30
0.0
 11
112250.0
 21
114350.0
 31
0.0
  0
LINE
  5
1966
330
17
100
AcDbEntity
  8
ARR_SECONDARY
100
AcDbLine
 10
112250.0
 20
114500.0
 30
0.0
 11
112250.0
 21
114850.0
 31
0.0
  0
LINE
  5
1967
330
17
100
AcDbEntity
  8
ARR_SECONDARY
100
AcDbLine
 10
112250.0
 20
115000.0
 30
0.0
 11
112250.0
 21
115350.0
 31
0.0
  0
LINE
  5
1968
330
17
100
AcDbEntity
  8
ARR_SECONDARY
100
AcDbLine
 10
112250.0
 20
115500.0
 30
0.0
 11
112250.0
 21
115850.0
 31
0.0
  0
LINE
  5
1969
330
17
100
AcDbEntity
  8
ARR_SECONDARY
100
AcDbLine
 10
112250.0
 20
116000.0
 30
0.0
 11
112250.0
 21
116350.0
 31
0.0
  0
LINE
  5
196A
330
17
100
AcDbEntity
  8
ARR_SECONDARY
100
AcDbLine
 10
113000.0
 20
102800.0
 30
0.0
 11
113000.0
 21
103150.0
 31
0.0
  0
LINE
  5
196B
330
17
100
AcDbEntity
  8
ARR_SECONDARY
100
AcDbLine
 10
113000.0
 20
103300.0
 30
0.0
 11
113000.0
 21
103650.0
 31
0.0
  0
LINE
  5
196C
330
17
100
AcDbEntity
  8
ARR_SECONDARY
100
AcDbLine
 10
113000.0
 20
103800.0
 30
0.0
 11
113000.0
 21
104150.0
 31
0.0
  0
LINE
  5
196D
330
17
100
AcDbEntity
  8
ARR_SECONDARY
100
AcDbLine
 10
113000.0
 20
104300.0
 30
0.0
 11
113000.0
 21
104650.0
 31
0.0
  0
LINE
  5
196E
330
17
100
AcDbEntity
  8
ARR_SECONDARY
100
AcDbLine
 10
113000.0
 20
104800.0
 30
0.0
 11
113000.0
 21
105150.0
 31
0.0
  0
LINE
  5
196F
330
17
100
AcDbEntity
  8
ARR_SECONDARY
100
AcDbLine
 10
113000.0
 20
105300.0
 30
0.0
 11
113000.0
 21
105650.0
 31
0.0
  0
LINE
  5
1970
330
17
100
AcDbEntity
  8
ARR_SECONDARY
100
AcDbLine
 10
113000.0
 20
105800.0
 30
0.0
 11
113000.0
 21
106150.0
 31
0.0
  0
LINE
  5
1971
330
17
100
AcDbEntity
  8
ARR_SECONDARY
100
AcDbLine
 10
113000.0
 20
106200.0
 30
0.0
 11
113000.0
 21
106550.0
 31
0.0
  0
LINE
  5
1972
330
17
100
AcDbEntity
  8
ARR_SECONDARY
100
AcDbLine
 10
113000.0
 20
106700.0
 30
0.0
 11
113000.0
 21
107050.0
 31
0.0
  0
LINE
  5
1973
330
17
100
AcDbEntity
  8
ARR_SECONDARY
100
AcDbLine
 10
113000.0
 20
107200.0
 30
0.0
 11
113000.0
 21
107550.0
 31
0.0
  0
LINE
  5
1974
330
17
100
AcDbEntity
  8
ARR_SECONDARY
100
AcDbLine
 10
113000.0
 20
107700.0
 30
0.0
 11
113000.0
 21
108050.0
 31
0.0
  0
LINE
  5
1975
330
17
100
AcDbEntity
  8
ARR_SECONDARY
100
AcDbLine
 10
113000.0
 20
108200.0
 30
0.0
 11
113000.0
 21
108550.0
 31
0.0
  0
LINE
  5
1976
330
17
100
AcDbEntity
  8
ARR_SECONDARY
100
AcDbLine
 10
113000.0
 20
108700.0
 30
0.0
 11
113000.0
 21
109050.0
 31
0.0
  0
LINE
  5
1977
330
17
100
AcDbEntity
  8
ARR_SECONDARY
100
AcDbLine
 10
113000.0
 20
109200.0
 30
0.0
 11
113000.0
 21
109550.0
 31
0.0
  0
LINE
  5
1978
330
17
100
AcDbEntity
  8
ARR_SECONDARY
100
AcDbLine
 10
113000.0
 20
109600.0
 30
0.0
 11
113000.0
 21
109950.0
 31
0.0
  0
LINE
  5
1979
330
17
100
AcDbEntity
  8
ARR_SECONDARY
100
AcDbLine
 10
113000.0
 20
110100.0
 30
0.0
 11
113000.0
 21
110450.0
 31
0.0
  0
LINE
  5
197A
330
17
100
AcDbEntity
  8
ARR_SECONDARY
100
AcDbLine
 10
113000.0
 20
110600.0
 30
0.0
 11
113000.0
 21
110950.0
 31
0.0
  0
LINE
  5
197B
330
17
100
AcDbEntity
  8
ARR_SECONDARY
100
AcDbLine
 10
113000.0
 20
111100.0
 30
0.0
 11
113000.0
 21
111450.0
 31
0.0
  0
LINE
  5
197C
330
17
100
AcDbEntity
  8
ARR_SECONDARY
100
AcDbLine
 10
113000.0
 20
111600.0
 30
0.0
 11
113000.0
 21
111950.0
 31
0.0
  0
LINE
  5
197D
330
17
100
AcDbEntity
  8
ARR_SECONDARY
100
AcDbLine
 10
113000.0
 20
112100.0
 30
0.0
 11
113000.0
 21
112450.0
 31
0.0
  0
LINE
  5
197E
330
17
100
AcDbEntity
  8
ARR_SECONDARY
100
AcDbLine
 10
113000.0
 20
112600.0
 30
0.0
 11
113000.0
 21
112950.0
 31
0.0
  0
LINE
  5
197F
330
17
100
AcDbEntity
  8
ARR_SECONDARY
100
AcDbLine
 10
113000.0
 20
113000.0
 30
0.0
 11
113000.0
 21
113350.0
 31
0.0
  0
LINE
  5
1980
330
17
100
AcDbEntity
  8
ARR_SECONDARY
100
AcDbLine
 10
113000.0
 20
113500.0
 30
0.0
 11
113000.0
 21
113850.0
 31
0.0
  0
LINE
  5
1981
330
17
100
AcDbEntity
  8
ARR_SECONDARY
100
AcDbLine
 10
113000.0
 20
114000.0
 30
0.0
 11
113000.0
 21
114350.0
 31
0.0
  0
LINE
  5
1982
330
17
100
AcDbEntity
  8
ARR_SECONDARY
100
AcDbLine
 10
113000.0
 20
114500.0
 30
0.0
 11
113000.0
 21
114850.0
 31
0.0
  0
LINE
  5
1983
330
17
100
AcDbEntity
  8
ARR_SECONDARY
100
AcDbLine
 10
113000.0
 20
115000.0
 30
0.0
 11
113000.0
 21
115350.0
 31
0.0
  0
LINE
  5
1984
330
17
100
AcDbEntity
  8
ARR_SECONDARY
100
AcDbLine
 10
113000.0
 20
115500.0
 30
0.0
 11
113000.0
 21
115850.0
 31
0.0
  0
LINE
  5
1985
330
17
100
AcDbEntity
  8
ARR_SECONDARY
100
AcDbLine
 10
113000.0
 20
116000.0
 30
0.0
 11
113000.0
 21
116350.0
 31
0.0
  0
LINE
  5
1986
330
17
100
AcDbEntity
  8
ARR_PRIMARY
100
AcDbLine
 10
113750.0
 20
102800.0
 30
0.0
 11
113750.0
 21
103150.0
 31
0.0
  0
LINE
  5
1987
330
17
100
AcDbEntity
  8
ARR_PRIMARY
100
AcDbLine
 10
113750.0
 20
103300.0
 30
0.0
 11
113750.0
 21
103650.0
 31
0.0
  0
LINE
  5
1988
330
17
100
AcDbEntity
  8
ARR_PRIMARY
100
AcDbLine
 10
113750.0
 20
103800.0
 30
0.0
 11
113750.0
 21
104150.0
 31
0.0
  0
LINE
  5
1989
330
17
100
AcDbEntity
  8
ARR_PRIMARY
100
AcDbLine
 10
113750.0
 20
104300.0
 30
0.0
 11
113750.0
 21
104650.0
 31
0.0
  0
LINE
  5
198A
330
17
100
AcDbEntity
  8
ARR_PRIMARY
100
AcDbLine
 10
113750.0
 20
104800.0
 30
0.0
 11
113750.0
 21
105150.0
 31
0.0
  0
LINE
  5
198B
330
17
100
AcDbEntity
  8
ARR_PRIMARY
100
AcDbLine
 10
113750.0
 20
105300.0
 30
0.0
 11
113750.0
 21
105650.0
 31
0.0
  0
LINE
  5
198C
330
17
100
AcDbEntity
  8
ARR_PRIMARY
100
AcDbLine
 10
113750.0
 20
105800.0
 30
0.0
 11
113750.0
 21
106150.0
 31
0.0
  0
LINE
  5
198D
330
17
100
AcDbEntity
  8
ARR_PRIMARY
100
AcDbLine
 10
113750.0
 20
106300.0
 30
0.0
 11
113750.0
 21
106650.0
 31
0.0
  0
LINE
  5
198E
330
17
100
AcDbEntity
  8
ARR_PRIMARY
100
AcDbLine
 10
113750.0
 20
106800.0
 30
0.0
 11
113750.0
 21
107150.0
 31
0.0
  0
LINE
  5
198F
330
17
100
AcDbEntity
  8
ARR_PRIMARY
100
AcDbLine
 10
113750.0
 20
107300.0
 30
0.0
 11
113750.0
 21
107650.0
 31
0.0
  0
LINE
  5
1990
330
17
100
AcDbEntity
  8
ARR_PRIMARY
100
AcDbLine
 10
113750.0
 20
107800.0
 30
0.0
 11
113750.0
 21
108150.0
 31
0.0
  0
LINE
  5
1991
330
17
100
AcDbEntity
  8
ARR_PRIMARY
100
AcDbLine
 10
113750.0
 20
108300.0
 30
0.0
 11
113750.0
 21
108650.0
 31
0.0
  0
LINE
  5
1992
330
17
100
AcDbEntity
  8
ARR_PRIMARY
100
AcDbLine
 10
113750.0
 20
108800.0
 30
0.0
 11
113750.0
 21
109150.0
 31
0.0
  0
LINE
  5
1993
330
17
100
AcDbEntity
  8
ARR_PRIMARY
100
AcDbLine
 10
113750.0
 20
109300.0
 30
0.0
 11
113750.0
 21
109650.0
 31
0.0
  0
LINE
  5
1994
330
17
100
AcDbEntity
  8
ARR_PRIMARY
100
AcDbLine
 10
113750.0
 20
109800.0
 30
0.0
 11
113750.0
 21
110150.0
 31
0.0
  0
LINE
  5
1995
330
17
100
AcDbEntity
  8
ARR_PRIMARY
100
AcDbLine
 10
113750.0
 20
110300.0
 30
0.0
 11
113750.0
 21
110650.0
 31
0.0
  0
LINE
  5
1996
330
17
100
AcDbEntity
  8
ARR_PRIMARY
100
AcDbLine
 10
113750.0
 20
110800.0
 30
0.0
 11
113750.0
 21
111150.0
 31
0.0
  0
LINE
  5
1997
330
17
100
AcDbEntity
  8
ARR_PRIMARY
100
AcDbLine
 10
113750.0
 20
111300.0
 30
0.0
 11
113750.0
 21
111650.0
 31
0.0
  0
LINE
  5
1998
330
17
100
AcDbEntity
  8
ARR_PRIMARY
100
AcDbLine
 10
113750.0
 20
111800.0
 30
0.0
 11
113750.0
 21
112150.0
 31
0.0
  0
LINE
  5
1999
330
17
100
AcDbEntity
  8
ARR_PRIMARY
100
AcDbLine
 10
113750.0
 20
112300.0
 30
0.0
 11
113750.0
 21
112650.0
 31
0.0
  0
LINE
  5
199A
330
17
100
AcDbEntity
  8
ARR_PRIMARY
100
AcDbLine
 10
113750.0
 20
112800.0
 30
0.0
 11
113750.0
 21
113150.0
 31
0.0
  0
LINE
  5
199B
330
17
100
AcDbEntity
  8
ARR_PRIMARY
100
AcDbLine
 10
113750.0
 20
113300.0
 30
0.0
 11
113750.0
 21
113650.0
 31
0.0
  0
LINE
  5
199C
330
17
100
AcDbEntity
  8
ARR_PRIMARY
100
AcDbLine
 10
113750.0
 20
113800.0
 30
0.0
 11
113750.0
 21
114150.0
 31
0.0
  0
LINE
  5
199D
330
17
100
AcDbEntity
  8
ARR_PRIMARY
100
AcDbLine
 10
113750.0
 20
114300.0
 30
0.0
 11
113750.0
 21
114650.0
 31
0.0
  0
LINE
  5
199E
330
17
100
AcDbEntity
  8
ARR_PRIMARY
100
AcDbLine
 10
113750.0
 20
114800.0
 30
0.0
 11
113750.0
 21
115150.0
 31
0.0
  0
LINE
  5
199F
330
17
100
AcDbEntity
  8
ARR_PRIMARY
100
AcDbLine
 10
113750.0
 20
115300.0
 30
0.0
 11
113750.0
 21
115650.0
 31
0.0
  0
LINE
  5
19A0
330
17
100
AcDbEntity
  8
ARR_PRIMARY
100
AcDbLine
 10
113750.0
 20
115800.0
 30
0.0
 11
113750.0
 21
116150.0
 31
0.0
  0
LINE
  5
19A1
330
17
100
AcDbEntity
  8
ARR_PRIMARY
100
AcDbLine
 10
113750.0
 20
116300.0
 30
0.0
 11
113750.0
 21
116500.0
 31
0.0
  0
LWPOLYLINE
  5
19A2
330
17
100
AcDbEntity
  8
ARR_PRIMARY
100
AcDbPolyline
 90
        2
 70
     0
 43
0.0
 10
113490.0
 20
116360.0
 10
114010.0
 20
116360.0
  0
LINE
  5
19A3
330
17
100
AcDbEntity
  8
ARR_SECONDARY
100
AcDbLine
 10
114500.0
 20
102800.0
 30
0.0
 11
114500.0
 21
103150.0
 31
0.0
  0
LINE
  5
19A4
330
17
100
AcDbEntity
  8
ARR_SECONDARY
100
AcDbLine
 10
114500.0
 20
103300.0
 30
0.0
 11
114500.0
 21
103650.0
 31
0.0
  0
LINE
  5
19A5
330
17
100
AcDbEntity
  8
ARR_SECONDARY
100
AcDbLine
 10
114500.0
 20
103800.0
 30
0.0
 11
114500.0
 21
104150.0
 31
0.0
  0
LINE
  5
19A6
330
17
100
AcDbEntity
  8
ARR_SECONDARY
100
AcDbLine
 10
114500.0
 20
104300.0
 30
0.0
 11
114500.0
 21
104650.0
 31
0.0
  0
LINE
  5
19A7
330
17
100
AcDbEntity
  8
ARR_SECONDARY
100
AcDbLine
 10
114500.0
 20
104800.0
 30
0.0
 11
114500.0
 21
105150.0
 31
0.0
  0
LINE
  5
19A8
330
17
100
AcDbEntity
  8
ARR_SECONDARY
100
AcDbLine
 10
114500.0
 20
105300.0
 30
0.0
 11
114500.0
 21
105650.0
 31
0.0
  0
LINE
  5
19A9
330
17
100
AcDbEntity
  8
ARR_SECONDARY
100
AcDbLine
 10
114500.0
 20
105800.0
 30
0.0
 11
114500.0
 21
106150.0
 31
0.0
  0
LINE
  5
19AA
330
17
100
AcDbEntity
  8
ARR_SECONDARY
100
AcDbLine
 10
114500.0
 20
106200.0
 30
0.0
 11
114500.0
 21
106550.0
 31
0.0
  0
LINE
  5
19AB
330
17
100
AcDbEntity
  8
ARR_SECONDARY
100
AcDbLine
 10
114500.0
 20
106700.0
 30
0.0
 11
114500.0
 21
107050.0
 31
0.0
  0
LINE
  5
19AC
330
17
100
AcDbEntity
  8
ARR_SECONDARY
100
AcDbLine
 10
114500.0
 20
107200.0
 30
0.0
 11
114500.0
 21
107550.0
 31
0.0
  0
LINE
  5
19AD
330
17
100
AcDbEntity
  8
ARR_SECONDARY
100
AcDbLine
 10
114500.0
 20
107700.0
 30
0.0
 11
114500.0
 21
108050.0
 31
0.0
  0
LINE
  5
19AE
330
17
100
AcDbEntity
  8
ARR_SECONDARY
100
AcDbLine
 10
114500.0
 20
108200.0
 30
0.0
 11
114500.0
 21
108550.0
 31
0.0
  0
LINE
  5
19AF
330
17
100
AcDbEntity
  8
ARR_SECONDARY
100
AcDbLine
 10
114500.0
 20
108700.0
 30
0.0
 11
114500.0
 21
109050.0
 31
0.0
  0
LINE
  5
19B0
330
17
100
AcDbEntity
  8
ARR_SECONDARY
100
AcDbLine
 10
114500.0
 20
109200.0
 30
0.0
 11
114500.0
 21
109550.0
 31
0.0
  0
LINE
  5
19B1
330
17
100
AcDbEntity
  8
ARR_SECONDARY
100
AcDbLine
 10
114500.0
 20
109600.0
 30
0.0
 11
114500.0
 21
109950.0
 31
0.0
  0
LINE
  5
19B2
330
17
100
AcDbEntity
  8
ARR_SECONDARY
100
AcDbLine
 10
114500.0
 20
110100.0
 30
0.0
 11
114500.0
 21
110450.0
 31
0.0
  0
LINE
  5
19B3
330
17
100
AcDbEntity
  8
ARR_SECONDARY
100
AcDbLine
 10
114500.0
 20
110600.0
 30
0.0
 11
114500.0
 21
110950.0
 31
0.0
  0
LINE
  5
19B4
330
17
100
AcDbEntity
  8
ARR_SECONDARY
100
AcDbLine
 10
114500.0
 20
111100.0
 30
0.0
 11
114500.0
 21
111450.0
 31
0.0
  0
LINE
  5
19B5
330
17
100
AcDbEntity
  8
ARR_SECONDARY
100
AcDbLine
 10
114500.0
 20
111600.0
 30
0.0
 11
114500.0
 21
111950.0
 31
0.0
  0
LINE
  5
19B6
330
17
100
AcDbEntity
  8
ARR_SECONDARY
100
AcDbLine
 10
114500.0
 20
112100.0
 30
0.0
 11
114500.0
 21
112450.0
 31
0.0
  0
LINE
  5
19B7
330
17
100
AcDbEntity
  8
ARR_SECONDARY
100
AcDbLine
 10
114500.0
 20
112600.0
 30
0.0
 11
114500.0
 21
112950.0
 31
0.0
  0
LINE
  5
19B8
330
17
100
AcDbEntity
  8
ARR_SECONDARY
100
AcDbLine
 10
114500.0
 20
113000.0
 30
0.0
 11
114500.0
 21
113350.0
 31
0.0
  0
LINE
  5
19B9
330
17
100
AcDbEntity
  8
ARR_SECONDARY
100
AcDbLine
 10
114500.0
 20
113500.0
 30
0.0
 11
114500.0
 21
113850.0
 31
0.0
  0
LINE
  5
19BA
330
17
100
AcDbEntity
  8
ARR_SECONDARY
100
AcDbLine
 10
114500.0
 20
114000.0
 30
0.0
 11
114500.0
 21
114350.0
 31
0.0
  0
LINE
  5
19BB
330
17
100
AcDbEntity
  8
ARR_SECONDARY
100
AcDbLine
 10
114500.0
 20
114500.0
 30
0.0
 11
114500.0
 21
114850.0
 31
0.0
  0
LINE
  5
19BC
330
17
100
AcDbEntity
  8
ARR_SECONDARY
100
AcDbLine
 10
114500.0
 20
115000.0
 30
0.0
 11
114500.0
 21
115350.0
 31
0.0
  0
LINE
  5
19BD
330
17
100
AcDbEntity
  8
ARR_SECONDARY
100
AcDbLine
 10
114500.0
 20
115500.0
 30
0.0
 11
114500.0
 21
115850.0
 31
0.0
  0
LINE
  5
19BE
330
17
100
AcDbEntity
  8
ARR_SECONDARY
100
AcDbLine
 10
114500.0
 20
116000.0
 30
0.0
 11
114500.0
 21
116350.0
 31
0.0
  0
LINE
  5
19BF
330
17
100
AcDbEntity
  8
ARR_SECONDARY
100
AcDbLine
 10
115250.0
 20
102800.0
 30
0.0
 11
115250.0
 21
103150.0
 31
0.0
  0
LINE
  5
19C0
330
17
100
AcDbEntity
  8
ARR_SECONDARY
100
AcDbLine
 10
115250.0
 20
103300.0
 30
0.0
 11
115250.0
 21
103650.0
 31
0.0
  0
LINE
  5
19C1
330
17
100
AcDbEntity
  8
ARR_SECONDARY
100
AcDbLine
 10
115250.0
 20
103800.0
 30
0.0
 11
115250.0
 21
104150.0
 31
0.0
  0
LINE
  5
19C2
330
17
100
AcDbEntity
  8
ARR_SECONDARY
100
AcDbLine
 10
115250.0
 20
104300.0
 30
0.0
 11
115250.0
 21
104650.0
 31
0.0
  0
LINE
  5
19C3
330
17
100
AcDbEntity
  8
ARR_SECONDARY
100
AcDbLine
 10
115250.0
 20
104800.0
 30
0.0
 11
115250.0
 21
105150.0
 31
0.0
  0
LINE
  5
19C4
330
17
100
AcDbEntity
  8
ARR_SECONDARY
100
AcDbLine
 10
115250.0
 20
105300.0
 30
0.0
 11
115250.0
 21
105650.0
 31
0.0
  0
LINE
  5
19C5
330
17
100
AcDbEntity
  8
ARR_SECONDARY
100
AcDbLine
 10
115250.0
 20
105800.0
 30
0.0
 11
115250.0
 21
106150.0
 31
0.0
  0
LINE
  5
19C6
330
17
100
AcDbEntity
  8
ARR_SECONDARY
100
AcDbLine
 10
115250.0
 20
106200.0
 30
0.0
 11
115250.0
 21
106550.0
 31
0.0
  0
LINE
  5
19C7
330
17
100
AcDbEntity
  8
ARR_SECONDARY
100
AcDbLine
 10
115250.0
 20
106700.0
 30
0.0
 11
115250.0
 21
107050.0
 31
0.0
  0
LINE
  5
19C8
330
17
100
AcDbEntity
  8
ARR_SECONDARY
100
AcDbLine
 10
115250.0
 20
107200.0
 30
0.0
 11
115250.0
 21
107550.0
 31
0.0
  0
LINE
  5
19C9
330
17
100
AcDbEntity
  8
ARR_SECONDARY
100
AcDbLine
 10
115250.0
 20
107700.0
 30
0.0
 11
115250.0
 21
108050.0
 31
0.0
  0
LINE
  5
19CA
330
17
100
AcDbEntity
  8
ARR_SECONDARY
100
AcDbLine
 10
115250.0
 20
108200.0
 30
0.0
 11
115250.0
 21
108550.0
 31
0.0
  0
LINE
  5
19CB
330
17
100
AcDbEntity
  8
ARR_SECONDARY
100
AcDbLine
 10
115250.0
 20
108700.0
 30
0.0
 11
115250.0
 21
109050.0
 31
0.0
  0
LINE
  5
19CC
330
17
100
AcDbEntity
  8
ARR_SECONDARY
100
AcDbLine
 10
115250.0
 20
109200.0
 30
0.0
 11
115250.0
 21
109550.0
 31
0.0
  0
LINE
  5
19CD
330
17
100
AcDbEntity
  8
ARR_SECONDARY
100
AcDbLine
 10
115250.0
 20
109600.0
 30
0.0
 11
115250.0
 21
109950.0
 31
0.0
  0
LINE
  5
19CE
330
17
100
AcDbEntity
  8
ARR_SECONDARY
100
AcDbLine
 10
115250.0
 20
110100.0
 30
0.0
 11
115250.0
 21
110450.0
 31
0.0
  0
LINE
  5
19CF
330
17
100
AcDbEntity
  8
ARR_SECONDARY
100
AcDbLine
 10
115250.0
 20
110600.0
 30
0.0
 11
115250.0
 21
110950.0
 31
0.0
  0
LINE
  5
19D0
330
17
100
AcDbEntity
  8
ARR_SECONDARY
100
AcDbLine
 10
115250.0
 20
111100.0
 30
0.0
 11
115250.0
 21
111450.0
 31
0.0
  0
LINE
  5
19D1
330
17
100
AcDbEntity
  8
ARR_SECONDARY
100
AcDbLine
 10
115250.0
 20
111600.0
 30
0.0
 11
115250.0
 21
111950.0
 31
0.0
  0
LINE
  5
19D2
330
17
100
AcDbEntity
  8
ARR_SECONDARY
100
AcDbLine
 10
115250.0
 20
112100.0
 30
0.0
 11
115250.0
 21
112450.0
 31
0.0
  0
LINE
  5
19D3
330
17
100
AcDbEntity
  8
ARR_SECONDARY
100
AcDbLine
 10
115250.0
 20
112600.0
 30
0.0
 11
115250.0
 21
112950.0
 31
0.0
  0
LINE
  5
19D4
330
17
100
AcDbEntity
  8
ARR_SECONDARY
100
AcDbLine
 10
115250.0
 20
113000.0
 30
0.0
 11
115250.0
 21
113350.0
 31
0.0
  0
LINE
  5
19D5
330
17
100
AcDbEntity
  8
ARR_SECONDARY
100
AcDbLine
 10
115250.0
 20
113500.0
 30
0.0
 11
115250.0
 21
113850.0
 31
0.0
  0
LINE
  5
19D6
330
17
100
AcDbEntity
  8
ARR_SECONDARY
100
AcDbLine
 10
115250.0
 20
114000.0
 30
0.0
 11
115250.0
 21
114350.0
 31
0.0
  0
LINE
  5
19D7
330
17
100
AcDbEntity
  8
ARR_SECONDARY
100
AcDbLine
 10
115250.0
 20
114500.0
 30
0.0
 11
115250.0
 21
114850.0
 31
0.0
  0
LINE
  5
19D8
330
17
100
AcDbEntity
  8
ARR_SECONDARY
100
AcDbLine
 10
115250.0
 20
115000.0
 30
0.0
 11
115250.0
 21
115350.0
 31
0.0
  0
LINE
  5
19D9
330
17
100
AcDbEntity
  8
ARR_SECONDARY
100
AcDbLine
 10
115250.0
 20
115500.0
 30
0.0
 11
115250.0
 21
115850.0
 31
0.0
  0
LINE
  5
19DA
330
17
100
AcDbEntity
  8
ARR_SECONDARY
100
AcDbLine
 10
115250.0
 20
116000.0
 30
0.0
 11
115250.0
 21
116350.0
 31
0.0
  0
LINE
  5
19DB
330
17
100
AcDbEntity
  8
ARR_BOUNDARY
100
AcDbLine
 10
111500.0
 20
102800.0
 30
0.0
 11
111500.0
 21
116500.0
 31
0.0
  0
LINE
  5
19DC
330
17
100
AcDbEntity
  8
ARR_WATER
100
AcDbLine
 10
97300.0
 20
110400.0
 30
0.0
 11
97762.22222222223
 21
110400.0
 31
0.0
  0
LINE
  5
19DD
330
17
100
AcDbEntity
  8
ARR_WATER
100
AcDbLine
 10
98011.11111111113
 20
110400.0
 30
0.0
 11
98473.33333333331
 21
110400.0
 31
0.0
  0
LINE
  5
19DE
330
17
100
AcDbEntity
  8
ARR_WATER
100
AcDbLine
 10
98722.22222222223
 20
110400.0
 30
0.0
 11
99184.44444444444
 21
110400.0
 31
0.0
  0
LINE
  5
19DF
330
17
100
AcDbEntity
  8
ARR_WATER
100
AcDbLine
 10
99433.33333333331
 20
110400.0
 30
0.0
 11
99895.55555555556
 21
110400.0
 31
0.0
  0
LINE
  5
19E0
330
17
100
AcDbEntity
  8
ARR_WATER
100
AcDbLine
 10
100144.4444444444
 20
110400.0
 30
0.0
 11
100606.6666666667
 21
110400.0
 31
0.0
  0
LINE
  5
19E1
330
17
100
AcDbEntity
  8
ARR_WATER
100
AcDbLine
 10
100855.5555555555
 20
110400.0
 30
0.0
 11
101317.7777777777
 21
110400.0
 31
0.0
  0
LINE
  5
19E2
330
17
100
AcDbEntity
  8
ARR_WATER
100
AcDbLine
 10
101566.6666666667
 20
110400.0
 30
0.0
 11
102028.8888888888
 21
110400.0
 31
0.0
  0
LINE
  5
19E3
330
17
100
AcDbEntity
  8
ARR_WATER
100
AcDbLine
 10
102277.7777777778
 20
110400.0
 30
0.0
 11
102740.0
 21
110400.0
 31
0.0
  0
LINE
  5
19E4
330
17
100
AcDbEntity
  8
ARR_WATER
100
AcDbLine
 10
102988.8888888888
 20
110400.0
 30
0.0
 11
103451.1111111111
 21
110400.0
 31
0.0
  0
LINE
  5
19E5
330
17
100
AcDbEntity
  8
ARR_WATER
100
AcDbLine
 10
103700.0
 20
110400.0
 30
0.0
 11
104162.2222222222
 21
110400.0
 31
0.0
  0
LINE
  5
19E6
330
17
100
AcDbEntity
  8
ARR_WATER
100
AcDbLine
 10
104411.1111111111
 20
110400.0
 30
0.0
 11
104873.3333333333
 21
110400.0
 31
0.0
  0
LINE
  5
19E7
330
17
100
AcDbEntity
  8
ARR_WATER
100
AcDbLine
 10
105122.2222222222
 20
110400.0
 30
0.0
 11
105584.4444444444
 21
110400.0
 31
0.0
  0
LINE
  5
19E8
330
17
100
AcDbEntity
  8
ARR_WATER
100
AcDbLine
 10
105833.3333333333
 20
110400.0
 30
0.0
 11
106295.5555555555
 21
110400.0
 31
0.0
  0
LINE
  5
19E9
330
17
100
AcDbEntity
  8
ARR_WATER
100
AcDbLine
 10
106544.4444444444
 20
110400.0
 30
0.0
 11
107006.6666666667
 21
110400.0
 31
0.0
  0
LINE
  5
19EA
330
17
100
AcDbEntity
  8
ARR_WATER
100
AcDbLine
 10
107255.5555555555
 20
110400.0
 30
0.0
 11
107717.7777777778
 21
110400.0
 31
0.0
  0
LINE
  5
19EB
330
17
100
AcDbEntity
  8
ARR_WATER
100
AcDbLine
 10
107966.6666666667
 20
110400.0
 30
0.0
 11
108428.8888888888
 21
110400.0
 31
0.0
  0
LINE
  5
19EC
330
17
100
AcDbEntity
  8
ARR_WATER
100
AcDbLine
 10
108677.7777777777
 20
110400.0
 30
0.0
 11
109140.0
 21
110400.0
 31
0.0
  0
LINE
  5
19ED
330
17
100
AcDbEntity
  8
ARR_WATER
100
AcDbLine
 10
109388.8888888888
 20
110400.0
 30
0.0
 11
109851.1111111111
 21
110400.0
 31
0.0
  0
LINE
  5
19EE
330
17
100
AcDbEntity
  8
ARR_WATER
100
AcDbLine
 10
110100.0
 20
110400.0
 30
0.0
 11
110562.2222222222
 21
110400.0
 31
0.0
  0
LINE
  5
19EF
330
17
100
AcDbEntity
  8
ARR_WATER
100
AcDbLine
 10
110811.1111111111
 20
110400.0
 30
0.0
 11
111273.3333333333
 21
110400.0
 31
0.0
  0
LINE
  5
19F0
330
17
100
AcDbEntity
  8
ARR_WATER
100
AcDbLine
 10
111522.2222222222
 20
110400.0
 30
0.0
 11
111984.4444444444
 21
110400.0
 31
0.0
  0
LINE
  5
19F1
330
17
100
AcDbEntity
  8
ARR_WATER
100
AcDbLine
 10
112233.3333333333
 20
110400.0
 30
0.0
 11
112695.5555555555
 21
110400.0
 31
0.0
  0
LINE
  5
19F2
330
17
100
AcDbEntity
  8
ARR_WATER
100
AcDbLine
 10
112944.4444444444
 20
110400.0
 30
0.0
 11
113406.6666666666
 21
110400.0
 31
0.0
  0
LINE
  5
19F3
330
17
100
AcDbEntity
  8
ARR_WATER
100
AcDbLine
 10
113655.5555555555
 20
110400.0
 30
0.0
 11
114117.7777777778
 21
110400.0
 31
0.0
  0
LINE
  5
19F4
330
17
100
AcDbEntity
  8
ARR_WATER
100
AcDbLine
 10
114366.6666666666
 20
110400.0
 30
0.0
 11
114828.8888888888
 21
110400.0
 31
0.0
  0
LINE
  5
19F5
330
17
100
AcDbEntity
  8
ARR_WATER
100
AcDbLine
 10
115077.7777777777
 20
110400.0
 30
0.0
 11
115540.0
 21
110400.0
 31
0.0
  0
LINE
  5
19F6
330
17
100
AcDbEntity
  8
ARR_WATER
100
AcDbLine
 10
115788.8888888888
 20
110400.0
 30
0.0
 11
116251.1111111111
 21
110400.0
 31
0.0
  0
TEXT
  5
19F7
330
17
100
AcDbEntity
  8
ARR_NOTE
100
AcDbText
 10
116600.0
 20
102950.0
 30
0.0
 40
220.0
  1
Второе дно
  7
unicode
100
AcDbText
  0
TEXT
  5
19F8
330
17
100
AcDbEntity
  8
ARR_NOTE
100
AcDbText
 10
116600.0
 20
116200.0
 30
0.0
 40
220.0
  1
Палуба
  7
unicode
100
AcDbText
  0
TEXT
  5
19F9
330
17
100
AcDbEntity
  8
ARR_NOTE
100
AcDbText
 10
98000.0
 20
100100.0
 30
0.0
 40
250.0
  1
Платформы: z = 5 200; 8 600; 12 000.
  7
unicode
100
AcDbText
  0
LWPOLYLINE
  5
19FA
330
17
100
AcDbEntity
  8
ARR_NOTE
100
AcDbPolyline
 90
        2
 70
     0
 43
0.0
 10
105000.0
 20
109600.0
 10
107700.0
 20
110400.0
  0
TEXT
  5
19FB
330
17
100
AcDbEntity
  8
ARR_NOTE
100
AcDbText
 10
107900.0
 20
110500.0
 30
0.0
 40
300.0
  1
1
  7
unicode
100
AcDbText
  0
LWPOLYLINE
  5
19FC
330
17
100
AcDbEntity
  8
ARR_NOTE
100
AcDbPolyline
 90
        2
 70
     0
 43
0.0
 10
107000.0
 20
114700.0
 10
108800.0
 20
115400.0
  0
TEXT
  5
19FD
330
17
100
AcDbEntity
  8
ARR_NOTE
100
AcDbText
 10
109000.0
 20
115500.0
 30
0.0
 40
300.0
  1
2
  7
unicode
100
AcDbText
  0
LWPOLYLINE
  5
19FE
330
17
100
AcDbEntity
  8
ARR_NOTE
100
AcDbPolyline
 90
        2
 70
     0
 43
0.0
 10
99500.0
 20
111600.0
 10
101000.0
 20
112300.0
  0
TEXT
  5
19FF
330
17
100
AcDbEntity
  8
ARR_NOTE
100
AcDbText
 10
101200.0
 20
112400.0
 30
0.0
 40
300.0
  1
3
  7
unicode
100
AcDbText
  0
TEXT
  5
1A00
330
17
100
AcDbEntity
  8
ARR_NOTE
100
AcDbText
 10
116900.0
 20
110700.0
 30
0.0
 40
250.0
  1
КВЛ
  7
unicode
100
AcDbText
  0
TEXT
  5
1A01
330
17
100
AcDbEntity
  8
ARR_NOTE
100
AcDbText
 10
0.0
 20
177000.0
 30
0.0
 40
500.0
  1
SAMPLE / ТАНКЕР - ПРОДОЛЬНОЕ РАСПОЛОЖЕНИЕ
  7
unicode
100
AcDbText
  0
TEXT
  5
1A02
330
17
100
AcDbEntity
  8
ARR_NOTE
100
AcDbText
 10
0.0
 20
122000.0
 30
0.0
 40
500.0
  1
ПОПЕРЕЧНОЕ СЕЧЕНИЕ
  7
unicode
100
AcDbText
  0
TEXT
  5
1A03
330
17
100
AcDbEntity
  8
ARR_NOTE
100
AcDbText
 10
38000.0
 20
122000.0
 30
0.0
 40
500.0
  1
ПАЛУБА - ПРОДОЛЬНЫЙ НАБОР
  7
unicode
100
AcDbText
  0
TEXT
  5
1A04
330
17
100
AcDbEntity
  8
ARR_NOTE
100
AcDbText
 10
66000.0
 20
122000.0
 30
0.0
 40
500.0
  1
ДНИЩЕ - ПРОДОЛЬНЫЙ НАБОР
  7
unicode
100
AcDbText
  0
TEXT
  5
1A05
330
17
100
AcDbEntity
  8
ARR_NOTE
100
AcDbText
 10
98000.0
 20
122000.0
 30
0.0
 40
500.0
  1
БОРТ - ПОПЕРЕЧНЫЙ НАБОР
  7
unicode
100
AcDbText
  0
TEXT
  5
1A06
330
17
100
AcDbEntity
  8
ARR_NOTE
100
AcDbText
 10
38000.0
 20
96000.0
 30
0.0
 40
300.0
  1
1 Поперечная переборка
  7
unicode
100
AcDbText
  0
TEXT
  5
1A07
330
17
100
AcDbEntity
  8
ARR_NOTE
100
AcDbText
 10
38000.0
 20
95300.0
 30
0.0
 40
300.0
  1
2 Рамные бимсы
  7
unicode
100
AcDbText
  0
TEXT
  5
1A08
330
17
100
AcDbEntity
  8
ARR_NOTE
100
AcDbText
 10
38000.0
 20
94600.0
 30
0.0
 40
300.0
  1
3 Внутренний борт
  7
unicode
100
AcDbText
  0
TEXT
  5
1A09
330
17
100
AcDbEntity
  8
ARR_NOTE
100
AcDbText
 10
38000.0
 20
93900.0
 30
0.0
 40
300.0
  1
4 Продольная переборка в ДП
  7
unicode
100
AcDbText
  0
TEXT
  5
1A0A
330
17
100
AcDbEntity
  8
ARR_NOTE
100
AcDbText
 10
38000.0
 20
93200.0
 30
0.0
 40
300.0
  1
5 Продольные подпалубные балки
  7
unicode
100
AcDbText
  0
TEXT
  5
1A0B
330
17
100
AcDbEntity
  8
ARR_NOTE
100
AcDbText
 10
66000.0
 20
96000.0
 30
0.0
 40
300.0
  1
1 Непроницаемый флор
  7
unicode
100
AcDbText
  0
TEXT
  5
1A0C
330
17
100
AcDbEntity
  8
ARR_NOTE
100
AcDbText
 10
66000.0
 20
95300.0
 30
0.0
 40
300.0
  1
2 Сплошной флор
  7
unicode
100
AcDbText
  0
TEXT
  5
1A0D
330
17
100
AcDbEntity
  8
ARR_NOTE
100
AcDbText
 10
66000.0
 20
94600.0
 30
0.0
 40
300.0
  1
3 Днищевой стрингер у внутреннего борта
  7
unicode
100
AcDbText
  0
TEXT
  5
1A0E
330
17
100
AcDbEntity
  8
ARR_NOTE
100
AcDbText
 10
66000.0
 20
93900.0
 30
0.0
 40
300.0
  1
4 Вертикальный киль
  7
unicode
100
AcDbText
  0
TEXT
  5
1A0F
330
17
100
AcDbEntity
  8
ARR_NOTE
100
AcDbText
 10
66000.0
 20
93200.0
 30
0.0
 40
300.0
  1
5 Доковая бракета
  7
unicode
100
AcDbText
  0
TEXT
  5
1A10
330
17
100
AcDbEntity
  8
ARR_NOTE
100
AcDbText
 10
66000.0
 20
92500.0
 30
0.0
 40
300.0
  1
6 Скуловая бракета
  7
unicode
100
AcDbText
  0
TEXT
  5
1A11
330
17
100
AcDbEntity
  8
ARR_NOTE
100
AcDbText
 10
98000.0
 20
96000.0
 30
0.0
 40
300.0
  1
1 Платформа двойного борта
  7
unicode
100
AcDbText
  0
TEXT
  5
1A12
330
17
100
AcDbEntity
  8
ARR_NOTE
100
AcDbText
 10
98000.0
 20
95300.0
 30
0.0
 40
300.0
  1
2 Вертикальная диафрагма двойного борта
  7
unicode
100
AcDbText
  0
TEXT
  5
1A13
330
17
100
AcDbEntity
  8
ARR_NOTE
100
AcDbText
 10
98000.0
 20
94600.0
 30
0.0
 40
300.0
  1
3 Шпангоут
  7
unicode
100
AcDbText
  0
LINE
  5
1A14
330
17
100
AcDbEntity
  8
ARR_0
 62
     2
100
AcDbLine
 10
0.0
 20
144900.0
 30
0.0
 11
0.0
 21
142250.0
 31
0.0
  0
LINE
  5
1A15
330
17
100
AcDbEntity
  8
ARR_0
 62
     2
100
AcDbLine
 10
600.0
 20
144900.0
 30
0.0
 11
600.0
 21
142250.0
 31
0.0
  0
INSERT
  5
1A16
330
17
100
AcDbEntity
  8
ARR_0
 62
     2
100
AcDbBlockReference
  2
_CLOSEDFILLED0
 10
0.0
 20
142400.0
 30
0.0
 41
150.0
 42
150.0
 50
180.0
  0
INSERT
  5
1A18
330
17
100
AcDbEntity
  8
ARR_0
 62
     2
100
AcDbBlockReference
  2
_CLOSEDFILLED0
 10
600.0
 20
142400.0
 30
0.0
 41
150.0
 42
150.0
  0
LINE
  5
1A1A
330
17
100
AcDbEntity
  8
ARR_0
 62
     2
100
AcDbLine
 10
150.0
 20
142400.0
 30
0.0
 11
450.0
 21
142400.0
 31
0.0
  0
POINT
  5
1A1B
330
17
100
AcDbEntity
  8
ARR_Defpoints
100
AcDbPoint
 10
0.0
 20
142400.0
 30
0.0
  0
POINT
  5
1A1C
330
17
100
AcDbEntity
  8
ARR_Defpoints
100
AcDbPoint
 10
0.0
 20
145000.0
 30
0.0
  0
POINT
  5
1A1D
330
17
100
AcDbEntity
  8
ARR_Defpoints
100
AcDbPoint
 10
600.0
 20
145000.0
 30
0.0
  0
LINE
  5
1A1E
330
17
100
AcDbEntity
  8
ARR_0
 62
     2
100
AcDbLine
 10
0.0
 20
144900.0
 30
0.0
 11
0.0
 21
141050.0
 31
0.0
  0
LINE
  5
1A1F
330
17
100
AcDbEntity
  8
ARR_0
 62
     2
100
AcDbLine
 10
150000.0
 20
144900.0
 30
0.0
 11
150000.0
 21
141050.0
 31
0.0
  0
INSERT
  5
1A20
330
17
100
AcDbEntity
  8
ARR_0
 62
     2
100
AcDbBlockReference
  2
_CLOSEDFILLED0
 10
0.0
 20
141200.0
 30
0.0
 41
150.0
 42
150.0
 50
180.0
  0
INSERT
  5
1A22
330
17
100
AcDbEntity
  8
ARR_0
 62
     2
100
AcDbBlockReference
  2
_CLOSEDFILLED0
 10
150000.0
 20
141200.0
 30
0.0
 41
150.0
 42
150.0
  0
LINE
  5
1A24
330
17
100
AcDbEntity
  8
ARR_0
 62
     2
100
AcDbLine
 10
150.0
 20
141200.0
 30
0.0
 11
74340.0
 21
141200.0
 31
0.0
  0
LINE
  5
1A25
330
17
100
AcDbEntity
  8
ARR_0
 62
     2
100
AcDbLine
 10
75660.0
 20
141200.0
 30
0.0
 11
149850.0
 21
141200.0
 31
0.0
  0
POINT
  5
1A26
330
17
100
AcDbEntity
  8
ARR_Defpoints
100
AcDbPoint
 10
0.0
 20
141200.0
 30
0.0
  0
POINT
  5
1A27
330
17
100
AcDbEntity
  8
ARR_Defpoints
100
AcDbPoint
 10
0.0
 20
145000.0
 30
0.0
  0
POINT
  5
1A28
330
17
100
AcDbEntity
  8
ARR_Defpoints
100
AcDbPoint
 10
150000.0
 20
145000.0
 30
0.0
  0
LINE
  5
1A29
330
17
100
AcDbEntity
  8
ARR_0
 62
     2
100
AcDbLine
 10
150100.0
 20
145000.0
 30
0.0
 11
159150.0
 21
145000.0
 31
0.0
  0
LINE
  5
1A2A
330
17
100
AcDbEntity
  8
ARR_0
 62
     2
100
AcDbLine
 10
150100.0
 20
160500.0
 30
0.0
 11
159150.0
 21
160500.0
 31
0.0
  0
INSERT
  5
1A2B
330
17
100
AcDbEntity
  8
ARR_0
 62
     2
100
AcDbBlockReference
  2
_CLOSEDFILLED0
 10
159000.0
 20
145000.0
 30
0.0
 41
150.0
 42
150.0
 50
270.0
  0
INSERT
  5
1A2D
330
17
100
AcDbEntity
  8
ARR_0
 62
     2
100
AcDbBlockReference
  2
_CLOSEDFILLED0
 10
159000.0
 20
160500.0
 30
0.0
 41
150.0
 42
150.0
 50
90.0
  0
LINE
  5
1A2F
330
17
100
AcDbEntity
  8
ARR_0
 62
     2
100
AcDbLine
 10
159000.0
 20
145150.0
 30
0.0
 11
159000.0
 21
152200.0
 31
0.0
  0
LINE
  5
1A30
330
17
100
AcDbEntity
  8
ARR_0
 62
     2
100
AcDbLine
 10
159000.0
 20
153300.0
 30
0.0
 11
159000.0
 21
160350.0
 31
0.0
  0
POINT
  5
1A31
330
17
100
AcDbEntity
  8
ARR_Defpoints
100
AcDbPoint
 10
159000.0
 20
145000.0
 30
0.0
  0
POINT
  5
1A32
330
17
100
AcDbEntity
  8
ARR_Defpoints
100
AcDbPoint
 10
150000.0
 20
145000.0
 30
0.0
  0
POINT
  5
1A33
330
17
100
AcDbEntity
  8
ARR_Defpoints
100
AcDbPoint
 10
150000.0
 20
160500.0
 30
0.0
  0
LINE
  5
1A34
330
17
100
AcDbEntity
  8
ARR_0
 62
     2
100
AcDbLine
 10
0.0
 20
100900.0
 30
0.0
 11
0.0
 21
99350.0
 31
0.0
  0
LINE
  5
1A35
330
17
100
AcDbEntity
  8
ARR_0
 62
     2
100
AcDbLine
 10
27000.0
 20
100900.0
 30
0.0
 11
27000.0
 21
99350.0
 31
0.0
  0
INSERT
  5
1A36
330
17
100
AcDbEntity
  8
ARR_0
 62
     2
100
AcDbBlockReference
  2
_CLOSEDFILLED0
 10
0.0
 20
99500.0
 30
0.0
 41
150.0
 42
150.0
 50
180.0
  0
INSERT
  5
1A38
330
17
100
AcDbEntity
  8
ARR_0
 62
     2
100
AcDbBlockReference
  2
_CLOSEDFILLED0
 10
27000.0
 20
99500.0
 30
0.0
 41
150.0
 42
150.0
  0
LINE
  5
1A3A
330
17
100
AcDbEntity
  8
ARR_0
 62
     2
100
AcDbLine
 10
150.0
 20
99500.0
 30
0.0
 11
12950.0
 21
99500.0
 31
0.0
  0
LINE
  5
1A3B
330
17
100
AcDbEntity
  8
ARR_0
 62
     2
100
AcDbLine
 10
14050.0
 20
99500.0
 30
0.0
 11
26850.0
 21
99500.0
 31
0.0
  0
POINT
  5
1A3C
330
17
100
AcDbEntity
  8
ARR_Defpoints
100
AcDbPoint
 10
0.0
 20
99500.0
 30
0.0
  0
POINT
  5
1A3D
330
17
100
AcDbEntity
  8
ARR_Defpoints
100
AcDbPoint
 10
0.0
 20
101000.0
 30
0.0
  0
POINT
  5
1A3E
330
17
100
AcDbEntity
  8
ARR_Defpoints
100
AcDbPoint
 10
27000.0
 20
101000.0
 30
0.0
  0
LINE
  5
1A3F
330
17
100
AcDbEntity
  8
ARR_0
 62
     2
100
AcDbLine
 10
27100.0
 20
101000.0
 30
0.0
 11
28850.0
 21
101000.0
 31
0.0
  0
LINE
  5
1A40
330
17
100
AcDbEntity
  8
ARR_0
 62
     2
100
AcDbLine
 10
27100.0
 20
116500.0
 30
0.0
 11
28850.0
 21
116500.0
 31
0.0
  0
INSERT
  5
1A41
330
17
100
AcDbEntity
  8
ARR_0
 62
     2
100
AcDbBlockReference
  2
_CLOSEDFILLED0
 10
28700.0
 20
101000.0
 30
0.0
 41
150.0
 42
150.0
 50
270.0
  0
INSERT
  5
1A43
330
17
100
AcDbEntity
  8
ARR_0
 62
     2
100
AcDbBlockReference
  2
_CLOSEDFILLED0
 10
28700.0
 20
116500.0
 30
0.0
 41
150.0
 42
150.0
 50
90.0
  0
LINE
  5
1A45
330
17
100
AcDbEntity
  8
ARR_0
 62
     2
100
AcDbLine
 10
28700.0
 20
101150.0
 30
0.0
 11
28700.0
 21
108200.0
 31
0.0
  0
LINE
  5
1A46
330
17
100
AcDbEntity
  8
ARR_0
 62
     2
100
AcDbLine
 10
28700.0
 20
109300.0
 30
0.0
 11
28700.0
 21
116350.0
 31
0.0
  0
POINT
  5
1A47
330
17
100
AcDbEntity
  8
ARR_Defpoints
100
AcDbPoint
 10
28700.0
 20
101000.0
 30
0.0
  0
POINT
  5
1A48
330
17
100
AcDbEntity
  8
ARR_Defpoints
100
AcDbPoint
 10
27000.0
 20
101000.0
 30
0.0
  0
POINT
  5
1A49
330
17
100
AcDbEntity
  8
ARR_Defpoints
100
AcDbPoint
 10
27000.0
 20
116500.0
 30
0.0
  0
LINE
  5
1A4A
330
17
100
AcDbEntity
  8
ARR_0
 62
     2
100
AcDbLine
 10
-100.0
 20
101000.0
 30
0.0
 11
-1550.0
 21
101000.0
 31
0.0
  0
LINE
  5
1A4B
330
17
100
AcDbEntity
  8
ARR_0
 62
     2
100
AcDbLine
 10
-100.0
 20
102800.0
 30
0.0
 11
-1550.0
 21
102800.0
 31
0.0
  0
INSERT
  5
1A4C
330
17
100
AcDbEntity
  8
ARR_0
 62
     2
100
AcDbBlockReference
  2
_CLOSEDFILLED0
 10
-1400.0
 20
101000.0
 30
0.0
 41
150.0
 42
150.0
 50
270.0
  0
INSERT
  5
1A4E
330
17
100
AcDbEntity
  8
ARR_0
 62
     2
100
AcDbBlockReference
  2
_CLOSEDFILLED0
 10
-1400.0
 20
102800.0
 30
0.0
 41
150.0
 42
150.0
 50
90.0
  0
LINE
  5
1A50
330
17
100
AcDbEntity
  8
ARR_0
 62
     2
100
AcDbLine
 10
-1400.0
 20
101150.0
 30
0.0
 11
-1400.0
 21
101460.0
 31
0.0
  0
LINE
  5
1A51
330
17
100
AcDbEntity
  8
ARR_0
 62
     2
100
AcDbLine
 10
-1400.0
 20
102340.0
 30
0.0
 11
-1400.0
 21
102650.0
 31
0.0
  0
POINT
  5
1A52
330
17
100
AcDbEntity
  8
ARR_Defpoints
100
AcDbPoint
 10
-1400.0
 20
101000.0
 30
0.0
  0
POINT
  5
1A53
330
17
100
AcDbEntity
  8
ARR_Defpoints
100
AcDbPoint
 10
0.0
 20
101000.0
 30
0.0
  0
POINT
  5
1A54
330
17
100
AcDbEntity
  8
ARR_Defpoints
100
AcDbPoint
 10
0.0
 20
102800.0
 30
0.0
  0
LINE
  5
1A55
330
17
100
AcDbEntity
  8
ARR_0
 62
     2
100
AcDbLine
 10
0.0
 20
116600.0
 30
0.0
 11
0.0
 21
118450.0
 31
0.0
  0
LINE
  5
1A56
330
17
100
AcDbEntity
  8
ARR_0
 62
     2
100
AcDbLine
 10
2000.0
 20
116600.0
 30
0.0
 11
2000.0
 21
118450.0
 31
0.0
  0
INSERT
  5
1A57
330
17
100
AcDbEntity
  8
ARR_0
 62
     2
100
AcDbBlockReference
  2
_CLOSEDFILLED0
 10
0.0
 20
118300.0
 30
0.0
 41
150.0
 42
150.0
 50
180.0
  0
INSERT
  5
1A59
330
17
100
AcDbEntity
  8
ARR_0
 62
     2
100
AcDbBlockReference
  2
_CLOSEDFILLED0
 10
2000.0
 20
118300.0
 30
0.0
 41
150.0
 42
150.0
  0
LINE
  5
1A5B
330
17
100
AcDbEntity
  8
ARR_0
 62
     2
100
AcDbLine
 10
150.0
 20
118300.0
 30
0.0
 11
560.0
 21
118300.0
 31
0.0
  0
LINE
  5
1A5C
330
17
100
AcDbEntity
  8
ARR_0
 62
     2
100
AcDbLine
 10
1440.0
 20
118300.0
 30
0.0
 11
1850.0
 21
118300.0
 31
0.0
  0
POINT
  5
1A5D
330
17
100
AcDbEntity
  8
ARR_Defpoints
100
AcDbPoint
 10
0.0
 20
118300.0
 30
0.0
  0
POINT
  5
1A5E
330
17
100
AcDbEntity
  8
ARR_Defpoints
100
AcDbPoint
 10
0.0
 20
116500.0
 30
0.0
  0
POINT
  5
1A5F
330
17
100
AcDbEntity
  8
ARR_Defpoints
100
AcDbPoint
 10
2000.0
 20
116500.0
 30
0.0
  0
LINE
  5
1A60
330
17
100
AcDbEntity
  8
ARR_0
 62
     2
100
AcDbLine
 10
13600.0
 20
116500.0
 30
0.0
 11
15750.0
 21
116500.0
 31
0.0
  0
LINE
  5
1A61
330
17
100
AcDbEntity
  8
ARR_0
 62
     2
100
AcDbLine
 10
13600.0
 20
117040.0
 30
0.0
 11
15750.0
 21
117040.0
 31
0.0
  0
INSERT
  5
1A62
330
17
100
AcDbEntity
  8
ARR_0
 62
     2
100
AcDbBlockReference
  2
_CLOSEDFILLED0
 10
15600.0
 20
116500.0
 30
0.0
 41
150.0
 42
150.0
 50
270.0
  0
INSERT
  5
1A64
330
17
100
AcDbEntity
  8
ARR_0
 62
     2
100
AcDbBlockReference
  2
_CLOSEDFILLED0
 10
15600.0
 20
117040.0
 30
0.0
 41
150.0
 42
150.0
 50
90.0
  0
LINE
  5
1A66
330
17
100
AcDbEntity
  8
ARR_0
 62
     2
100
AcDbLine
 10
15600.0
 20
116650.0
 30
0.0
 11
15600.0
 21
116890.0
 31
0.0
  0
POINT
  5
1A67
330
17
100
AcDbEntity
  8
ARR_Defpoints
100
AcDbPoint
 10
15600.0
 20
116500.0
 30
0.0
  0
POINT
  5
1A68
330
17
100
AcDbEntity
  8
ARR_Defpoints
100
AcDbPoint
 10
13500.0
 20
116500.0
 30
0.0
  0
POINT
  5
1A69
330
17
100
AcDbEntity
  8
ARR_Defpoints
100
AcDbPoint
 10
13500.0
 20
117040.0
 30
0.0
  0
LINE
  5
1A6A
330
17
100
AcDbEntity
  8
ARR_0
 62
     2
100
AcDbLine
 10
12725.0
 20
100900.0
 30
0.0
 11
12725.0
 21
100000.0
 31
0.0
  0
LINE
  5
1A6B
330
17
100
AcDbEntity
  8
ARR_0
 62
     2
100
AcDbLine
 10
14275.0
 20
100900.0
 30
0.0
 11
14275.0
 21
100000.0
 31
0.0
  0
INSERT
  5
1A6C
330
17
100
AcDbEntity
  8
ARR_0
 62
     2
100
AcDbBlockReference
  2
_CLOSEDFILLED0
 10
12725.0
 20
100150.0
 30
0.0
 41
150.0
 42
150.0
 50
180.0
  0
INSERT
  5
1A6E
330
17
100
AcDbEntity
  8
ARR_0
 62
     2
100
AcDbBlockReference
  2
_CLOSEDFILLED0
 10
14275.0
 20
100150.0
 30
0.0
 41
150.0
 42
150.0
  0
LINE
  5
1A70
330
17
100
AcDbEntity
  8
ARR_0
 62
     2
100
AcDbLine
 10
12875.0
 20
100150.0
 30
0.0
 11
13060.0
 21
100150.0
 31
0.0
  0
LINE
  5
1A71
330
17
100
AcDbEntity
  8
ARR_0
 62
     2
100
AcDbLine
 10
13940.0
 20
100150.0
 30
0.0
 11
14125.0
 21
100150.0
 31
0.0
  0
POINT
  5
1A72
330
17
100
AcDbEntity
  8
ARR_Defpoints
100
AcDbPoint
 10
12725.0
 20
100150.0
 30
0.0
  0
POINT
  5
1A73
330
17
100
AcDbEntity
  8
ARR_Defpoints
100
AcDbPoint
 10
12725.0
 20
101000.0
 30
0.0
  0
POINT
  5
1A74
330
17
100
AcDbEntity
  8
ARR_Defpoints
100
AcDbPoint
 10
14275.0
 20
101000.0
 30
0.0
  0
LINE
  5
1A75
330
17
100
AcDbEntity
  8
ARR_0
 62
     2
100
AcDbLine
 10
27100.0
 20
114950.0
 30
0.0
 11
28100.0
 21
114950.0
 31
0.0
  0
LINE
  5
1A76
330
17
100
AcDbEntity
  8
ARR_0
 62
     2
100
AcDbLine
 10
27100.0
 20
116500.0
 30
0.0
 11
28100.0
 21
116500.0
 31
0.0
  0
INSERT
  5
1A77
330
17
100
AcDbEntity
  8
ARR_0
 62
     2
100
AcDbBlockReference
  2
_CLOSEDFILLED0
 10
27950.0
 20
114950.0
 30
0.0
 41
150.0
 42
150.0
 50
270.0
  0
INSERT
  5
1A79
330
17
100
AcDbEntity
  8
ARR_0
 62
     2
100
AcDbBlockReference
  2
_CLOSEDFILLED0
 10
27950.0
 20
116500.0
 30
0.0
 41
150.0
 42
150.0
 50
90.0
  0
LINE
  5
1A7B
330
17
100
AcDbEntity
  8
ARR_0
 62
     2
100
AcDbLine
 10
27950.0
 20
115100.0
 30
0.0
 11
27950.0
 21
115285.0
 31
0.0
  0
LINE
  5
1A7C
330
17
100
AcDbEntity
  8
ARR_0
 62
     2
100
AcDbLine
 10
27950.0
 20
116165.0
 30
0.0
 11
27950.0
 21
116350.0
 31
0.0
  0
POINT
  5
1A7D
330
17
100
AcDbEntity
  8
ARR_Defpoints
100
AcDbPoint
 10
27950.0
 20
114950.0
 30
0.0
  0
POINT
  5
1A7E
330
17
100
AcDbEntity
  8
ARR_Defpoints
100
AcDbPoint
 10
27000.0
 20
114950.0
 30
0.0
  0
POINT
  5
1A7F
330
17
100
AcDbEntity
  8
ARR_Defpoints
100
AcDbPoint
 10
27000.0
 20
116500.0
 30
0.0
  0
LINE
  5
1A80
330
17
100
AcDbEntity
  8
ARR_0
 62
     2
100
AcDbLine
 10
0.0
 20
72030.0
 30
0.0
 11
0.0
 21
72545.0
 31
0.0
  0
LINE
  5
1A81
330
17
100
AcDbEntity
  8
ARR_0
 62
     2
100
AcDbLine
 10
666.6666666666666
 20
72030.0
 30
0.0
 11
666.6666666666666
 21
72545.0
 31
0.0
  0
INSERT
  5
1A82
330
17
100
AcDbEntity
  8
ARR_0
 62
     2
100
AcDbBlockReference
  2
_CLOSEDFILLED0
 10
0.0
 20
72500.0
 30
0.0
 41
45.0
 42
45.0
 50
180.0
  0
INSERT
  5
1A84
330
17
100
AcDbEntity
  8
ARR_0
 62
     2
100
AcDbBlockReference
  2
_CLOSEDFILLED0
 10
666.6666666666666
 20
72500.0
 30
0.0
 41
45.0
 42
45.0
  0
LINE
  5
1A86
330
17
100
AcDbEntity
  8
ARR_0
 62
     2
100
AcDbLine
 10
45.0
 20
72500.0
 30
0.0
 11
158.3333333333333
 21
72500.0
 31
0.0
  0
LINE
  5
1A87
330
17
100
AcDbEntity
  8
ARR_0
 62
     2
100
AcDbLine
 10
508.3333333333333
 20
72500.0
 30
0.0
 11
621.6666666666666
 21
72500.0
 31
0.0
  0
POINT
  5
1A88
330
17
100
AcDbEntity
  8
ARR_Defpoints
100
AcDbPoint
 10
0.0
 20
72500.0
 30
0.0
  0
POINT
  5
1A89
330
17
100
AcDbEntity
  8
ARR_Defpoints
100
AcDbPoint
 10
0.0
 20
72000.0
 30
0.0
  0
POINT
  5
1A8A
330
17
100
AcDbEntity
  8
ARR_Defpoints
100
AcDbPoint
 10
666.6666666666666
 20
72000.0
 30
0.0
  0
LINE
  5
1A8B
330
17
100
AcDbEntity
  8
ARR_0
 62
     2
100
AcDbLine
 10
666.6666666666666
 20
72030.0
 30
0.0
 11
666.6666666666666
 21
72545.0
 31
0.0
  0
LINE
  5
1A8C
330
17
100
AcDbEntity
  8
ARR_0
 62
     2
100
AcDbLine
 10
1333.333333333333
 20
72030.0
 30
0.0
 11
1333.333333333333
 21
72545.0
 31
0.0
  0
INSERT
  5
1A8D
330
17
100
AcDbEntity
  8
ARR_0
 62
     2
100
AcDbBlockReference
  2
_CLOSEDFILLED0
 10
666.6666666666666
 20
72500.0
 30
0.0
 41
45.0
 42
45.0
 50
180.0
  0
INSERT
  5
1A8F
330
17
100
AcDbEntity
  8
ARR_0
 62
     2
100
AcDbBlockReference
  2
_CLOSEDFILLED0
 10
1333.333333333333
 20
72500.0
 30
0.0
 41
45.0
 42
45.0
  0
LINE
  5
1A91
330
17
100
AcDbEntity
  8
ARR_0
 62
     2
100
AcDbLine
 10
711.6666666666665
 20
72500.0
 30
0.0
 11
825.0
 21
72500.0
 31
0.0
  0
LINE
  5
1A92
330
17
100
AcDbEntity
  8
ARR_0
 62
     2
100
AcDbLine
 10
1175.0
 20
72500.0
 30
0.0
 11
1288.333333333333
 21
72500.0
 31
0.0
  0
POINT
  5
1A93
330
17
100
AcDbEntity
  8
ARR_Defpoints
100
AcDbPoint
 10
666.6666666666666
 20
72500.0
 30
0.0
  0
POINT
  5
1A94
330
17
100
AcDbEntity
  8
ARR_Defpoints
100
AcDbPoint
 10
666.6666666666666
 20
72000.0
 30
0.0
  0
POINT
  5
1A95
330
17
100
AcDbEntity
  8
ARR_Defpoints
100
AcDbPoint
 10
1333.333333333333
 20
72000.0
 30
0.0
  0
LINE
  5
1A96
330
17
100
AcDbEntity
  8
ARR_0
 62
     2
100
AcDbLine
 10
1333.333333333333
 20
72030.0
 30
0.0
 11
1333.333333333333
 21
72545.0
 31
0.0
  0
LINE
  5
1A97
330
17
100
AcDbEntity
  8
ARR_0
 62
     2
100
AcDbLine
 10
2000.0
 20
72030.0
 30
0.0
 11
2000.0
 21
72545.0
 31
0.0
  0
INSERT
  5
1A98
330
17
100
AcDbEntity
  8
ARR_0
 62
     2
100
AcDbBlockReference
  2
_CLOSEDFILLED0
 10
1333.333333333333
 20
72500.0
 30
0.0
 41
45.0
 42
45.0
 50
180.0
  0
INSERT
  5
1A9A
330
17
100
AcDbEntity
  8
ARR_0
 62
     2
100
AcDbBlockReference
  2
_CLOSEDFILLED0
 10
2000.0
 20
72500.0
 30
0.0
 41
45.0
 42
45.0
  0
LINE
  5
1A9C
330
17
100
AcDbEntity
  8
ARR_0
 62
     2
100
AcDbLine
 10
1378.333333333333
 20
72500.0
 30
0.0
 11
1491.666666666666
 21
72500.0
 31
0.0
  0
LINE
  5
1A9D
330
17
100
AcDbEntity
  8
ARR_0
 62
     2
100
AcDbLine
 10
1841.666666666666
 20
72500.0
 30
0.0
 11
1955.0
 21
72500.0
 31
0.0
  0
POINT
  5
1A9E
330
17
100
AcDbEntity
  8
ARR_Defpoints
100
AcDbPoint
 10
1333.333333333333
 20
72500.0
 30
0.0
  0
POINT
  5
1A9F
330
17
100
AcDbEntity
  8
ARR_Defpoints
100
AcDbPoint
 10
1333.333333333333
 20
72000.0
 30
0.0
  0
POINT
  5
1AA0
330
17
100
AcDbEntity
  8
ARR_Defpoints
100
AcDbPoint
 10
2000.0
 20
72000.0
 30
0.0
  0
LINE
  5
1AA1
330
17
100
AcDbEntity
  8
ARR_0
 62
     2
100
AcDbLine
 10
2000.0
 20
72030.0
 30
0.0
 11
2000.0
 21
72545.0
 31
0.0
  0
LINE
  5
1AA2
330
17
100
AcDbEntity
  8
ARR_0
 62
     2
100
AcDbLine
 10
2766.666666666666
 20
72030.0
 30
0.0
 11
2766.666666666666
 21
72545.0
 31
0.0
  0
INSERT
  5
1AA3
330
17
100
AcDbEntity
  8
ARR_0
 62
     2
100
AcDbBlockReference
  2
_CLOSEDFILLED0
 10
2000.0
 20
72500.0
 30
0.0
 41
45.0
 42
45.0
 50
180.0
  0
INSERT
  5
1AA5
330
17
100
AcDbEntity
  8
ARR_0
 62
     2
100
AcDbBlockReference
  2
_CLOSEDFILLED0
 10
2766.666666666666
 20
72500.0
 30
0.0
 41
45.0
 42
45.0
  0
LINE
  5
1AA7
330
17
100
AcDbEntity
  8
ARR_0
 62
     2
100
AcDbLine
 10
2045.0
 20
72500.0
 30
0.0
 11
2208.333333333333
 21
72500.0
 31
0.0
  0
LINE
  5
1AA8
330
17
100
AcDbEntity
  8
ARR_0
 62
     2
100
AcDbLine
 10
2558.333333333334
 20
72500.0
 30
0.0
 11
2721.666666666667
 21
72500.0
 31
0.0
  0
POINT
  5
1AA9
330
17
100
AcDbEntity
  8
ARR_Defpoints
100
AcDbPoint
 10
2000.0
 20
72500.0
 30
0.0
  0
POINT
  5
1AAA
330
17
100
AcDbEntity
  8
ARR_Defpoints
100
AcDbPoint
 10
2000.0
 20
72000.0
 30
0.0
  0
POINT
  5
1AAB
330
17
100
AcDbEntity
  8
ARR_Defpoints
100
AcDbPoint
 10
2766.666666666666
 20
72000.0
 30
0.0
  0
LINE
  5
1AAC
330
17
100
AcDbEntity
  8
ARR_0
 62
     2
100
AcDbLine
 10
0.0
 20
72030.0
 30
0.0
 11
0.0
 21
73145.0
 31
0.0
  0
LINE
  5
1AAD
330
17
100
AcDbEntity
  8
ARR_0
 62
     2
100
AcDbLine
 10
2000.0
 20
72030.0
 30
0.0
 11
2000.0
 21
73145.0
 31
0.0
  0
INSERT
  5
1AAE
330
17
100
AcDbEntity
  8
ARR_0
 62
     2
100
AcDbBlockReference
  2
_CLOSEDFILLED0
 10
0.0
 20
73100.0
 30
0.0
 41
45.0
 42
45.0
 50
180.0
  0
INSERT
  5
1AB0
330
17
100
AcDbEntity
  8
ARR_0
 62
     2
100
AcDbBlockReference
  2
_CLOSEDFILLED0
 10
2000.0
 20
73100.0
 30
0.0
 41
45.0
 42
45.0
  0
LINE
  5
1AB2
330
17
100
AcDbEntity
  8
ARR_0
 62
     2
100
AcDbLine
 10
45.0
 20
73100.0
 30
0.0
 11
860.0
 21
73100.0
 31
0.0
  0
LINE
  5
1AB3
330
17
100
AcDbEntity
  8
ARR_0
 62
     2
100
AcDbLine
 10
1140.0
 20
73100.0
 30
0.0
 11
1955.0
 21
73100.0
 31
0.0
  0
POINT
  5
1AB4
330
17
100
AcDbEntity
  8
ARR_Defpoints
100
AcDbPoint
 10
0.0
 20
73100.0
 30
0.0
  0
POINT
  5
1AB5
330
17
100
AcDbEntity
  8
ARR_Defpoints
100
AcDbPoint
 10
0.0
 20
72000.0
 30
0.0
  0
POINT
  5
1AB6
330
17
100
AcDbEntity
  8
ARR_Defpoints
100
AcDbPoint
 10
2000.0
 20
72000.0
 30
0.0
  0
LINE
  5
1AB7
330
17
100
AcDbEntity
  8
ARR_0
 62
     2
100
AcDbLine
 10
38000.0
 20
100900.0
 30
0.0
 11
38000.0
 21
99650.0
 31
0.0
  0
LINE
  5
1AB8
330
17
100
AcDbEntity
  8
ARR_0
 62
     2
100
AcDbLine
 10
56000.0
 20
100900.0
 30
0.0
 11
56000.0
 21
99650.0
 31
0.0
  0
INSERT
  5
1AB9
330
17
100
AcDbEntity
  8
ARR_0
 62
     2
100
AcDbBlockReference
  2
_CLOSEDFILLED0
 10
38000.0
 20
99800.0
 30
0.0
 41
150.0
 42
150.0
 50
180.0
  0
INSERT
  5
1ABB
330
17
100
AcDbEntity
  8
ARR_0
 62
     2
100
AcDbBlockReference
  2
_CLOSEDFILLED0
 10
56000.0
 20
99800.0
 30
0.0
 41
150.0
 42
150.0
  0
LINE
  5
1ABD
330
17
100
AcDbEntity
  8
ARR_0
 62
     2
100
AcDbLine
 10
38150.0
 20
99800.0
 30
0.0
 11
46450.0
 21
99800.0
 31
0.0
  0
LINE
  5
1ABE
330
17
100
AcDbEntity
  8
ARR_0
 62
     2
100
AcDbLine
 10
47550.0
 20
99800.0
 30
0.0
 11
55850.0
 21
99800.0
 31
0.0
  0
POINT
  5
1ABF
330
17
100
AcDbEntity
  8
ARR_Defpoints
100
AcDbPoint
 10
38000.0
 20
99800.0
 30
0.0
  0
POINT
  5
1AC0
330
17
100
AcDbEntity
  8
ARR_Defpoints
100
AcDbPoint
 10
38000.0
 20
101000.0
 30
0.0
  0
POINT
  5
1AC1
330
17
100
AcDbEntity
  8
ARR_Defpoints
100
AcDbPoint
 10
56000.0
 20
101000.0
 30
0.0
  0
LINE
  5
1AC2
330
17
100
AcDbEntity
  8
ARR_0
 62
     2
100
AcDbLine
 10
56100.0
 20
101000.0
 30
0.0
 11
57650.0
 21
101000.0
 31
0.0
  0
LINE
  5
1AC3
330
17
100
AcDbEntity
  8
ARR_0
 62
     2
100
AcDbLine
 10
56100.0
 20
114500.0
 30
0.0
 11
57650.0
 21
114500.0
 31
0.0
  0
INSERT
  5
1AC4
330
17
100
AcDbEntity
  8
ARR_0
 62
     2
100
AcDbBlockReference
  2
_CLOSEDFILLED0
 10
57500.0
 20
101000.0
 30
0.0
 41
150.0
 42
150.0
 50
270.0
  0
INSERT
  5
1AC6
330
17
100
AcDbEntity
  8
ARR_0
 62
     2
100
AcDbBlockReference
  2
_CLOSEDFILLED0
 10
57500.0
 20
114500.0
 30
0.0
 41
150.0
 42
150.0
 50
90.0
  0
LINE
  5
1AC8
330
17
100
AcDbEntity
  8
ARR_0
 62
     2
100
AcDbLine
 10
57500.0
 20
101150.0
 30
0.0
 11
57500.0
 21
107200.0
 31
0.0
  0
LINE
  5
1AC9
330
17
100
AcDbEntity
  8
ARR_0
 62
     2
100
AcDbLine
 10
57500.0
 20
108300.0
 30
0.0
 11
57500.0
 21
114350.0
 31
0.0
  0
POINT
  5
1ACA
330
17
100
AcDbEntity
  8
ARR_Defpoints
100
AcDbPoint
 10
57500.0
 20
101000.0
 30
0.0
  0
POINT
  5
1ACB
330
17
100
AcDbEntity
  8
ARR_Defpoints
100
AcDbPoint
 10
56000.0
 20
101000.0
 30
0.0
  0
POINT
  5
1ACC
330
17
100
AcDbEntity
  8
ARR_Defpoints
100
AcDbPoint
 10
56000.0
 20
114500.0
 30
0.0
  0
LINE
  5
1ACD
330
17
100
AcDbEntity
  8
ARR_0
 62
     2
100
AcDbLine
 10
38000.0
 20
114600.0
 30
0.0
 11
38000.0
 21
115850.0
 31
0.0
  0
LINE
  5
1ACE
330
17
100
AcDbEntity
  8
ARR_0
 62
     2
100
AcDbLine
 10
40250.0
 20
114600.0
 30
0.0
 11
40250.0
 21
115850.0
 31
0.0
  0
INSERT
  5
1ACF
330
17
100
AcDbEntity
  8
ARR_0
 62
     2
100
AcDbBlockReference
  2
_CLOSEDFILLED0
 10
38000.0
 20
115700.0
 30
0.0
 41
150.0
 42
150.0
 50
180.0
  0
INSERT
  5
1AD1
330
17
100
AcDbEntity
  8
ARR_0
 62
     2
100
AcDbBlockReference
  2
_CLOSEDFILLED0
 10
40250.0
 20
115700.0
 30
0.0
 41
150.0
 42
150.0
  0
LINE
  5
1AD3
330
17
100
AcDbEntity
  8
ARR_0
 62
     2
100
AcDbLine
 10
38150.0
 20
115700.0
 30
0.0
 11
38685.0
 21
115700.0
 31
0.0
  0
LINE
  5
1AD4
330
17
100
AcDbEntity
  8
ARR_0
 62
     2
100
AcDbLine
 10
39565.0
 20
115700.0
 30
0.0
 11
40100.0
 21
115700.0
 31
0.0
  0
POINT
  5
1AD5
330
17
100
AcDbEntity
  8
ARR_Defpoints
100
AcDbPoint
 10
38000.0
 20
115700.0
 30
0.0
  0
POINT
  5
1AD6
330
17
100
AcDbEntity
  8
ARR_Defpoints
100
AcDbPoint
 10
38000.0
 20
114500.0
 30
0.0
  0
POINT
  5
1AD7
330
17
100
AcDbEntity
  8
ARR_Defpoints
100
AcDbPoint
 10
40250.0
 20
114500.0
 30
0.0
  0
LINE
  5
1AD8
330
17
100
AcDbEntity
  8
ARR_0
 62
     2
100
AcDbLine
 10
56100.0
 20
112500.0
 30
0.0
 11
59050.0
 21
112500.0
 31
0.0
  0
LINE
  5
1AD9
330
17
100
AcDbEntity
  8
ARR_0
 62
     2
100
AcDbLine
 10
56100.0
 20
114500.0
 30
0.0
 11
59050.0
 21
114500.0
 31
0.0
  0
INSERT
  5
1ADA
330
17
100
AcDbEntity
  8
ARR_0
 62
     2
100
AcDbBlockReference
  2
_CLOSEDFILLED0
 10
58900.0
 20
112500.0
 30
0.0
 41
150.0
 42
150.0
 50
270.0
  0
INSERT
  5
1ADC
330
17
100
AcDbEntity
  8
ARR_0
 62
     2
100
AcDbBlockReference
  2
_CLOSEDFILLED0
 10
58900.0
 20
114500.0
 30
0.0
 41
150.0
 42
150.0
 50
90.0
  0
LINE
  5
1ADE
330
17
100
AcDbEntity
  8
ARR_0
 62
     2
100
AcDbLine
 10
58900.0
 20
112650.0
 30
0.0
 11
58900.0
 21
113060.0
 31
0.0
  0
LINE
  5
1ADF
330
17
100
AcDbEntity
  8
ARR_0
 62
     2
100
AcDbLine
 10
58900.0
 20
113940.0
 30
0.0
 11
58900.0
 21
114350.0
 31
0.0
  0
POINT
  5
1AE0
330
17
100
AcDbEntity
  8
ARR_Defpoints
100
AcDbPoint
 10
58900.0
 20
112500.0
 30
0.0
  0
POINT
  5
1AE1
330
17
100
AcDbEntity
  8
ARR_Defpoints
100
AcDbPoint
 10
56000.0
 20
112500.0
 30
0.0
  0
POINT
  5
1AE2
330
17
100
AcDbEntity
  8
ARR_Defpoints
100
AcDbPoint
 10
56000.0
 20
114500.0
 30
0.0
  0
LINE
  5
1AE3
330
17
100
AcDbEntity
  8
ARR_0
 62
     2
100
AcDbLine
 10
37900.0
 20
106366.6666666666
 30
0.0
 11
36650.0
 21
106366.6666666666
 31
0.0
  0
LINE
  5
1AE4
330
17
100
AcDbEntity
  8
ARR_0
 62
     2
100
AcDbLine
 10
37900.0
 20
107133.3333333333
 30
0.0
 11
36650.0
 21
107133.3333333333
 31
0.0
  0
INSERT
  5
1AE5
330
17
100
AcDbEntity
  8
ARR_0
 62
     2
100
AcDbBlockReference
  2
_CLOSEDFILLED0
 10
36800.0
 20
106366.6666666666
 30
0.0
 41
150.0
 42
150.0
 50
270.0
  0
INSERT
  5
1AE7
330
17
100
AcDbEntity
  8
ARR_0
 62
     2
100
AcDbBlockReference
  2
_CLOSEDFILLED0
 10
36800.0
 20
107133.3333333333
 30
0.0
 41
150.0
 42
150.0
 50
90.0
  0
LINE
  5
1AE9
330
17
100
AcDbEntity
  8
ARR_0
 62
     2
100
AcDbLine
 10
36800.0
 20
106516.6666666666
 30
0.0
 11
36800.0
 21
106983.3333333333
 31
0.0
  0
POINT
  5
1AEA
330
17
100
AcDbEntity
  8
ARR_Defpoints
100
AcDbPoint
 10
36800.0
 20
106366.6666666666
 30
0.0
  0
POINT
  5
1AEB
330
17
100
AcDbEntity
  8
ARR_Defpoints
100
AcDbPoint
 10
38000.0
 20
106366.6666666666
 30
0.0
  0
POINT
  5
1AEC
330
17
100
AcDbEntity
  8
ARR_Defpoints
100
AcDbPoint
 10
38000.0
 20
107133.3333333333
 30
0.0
  0
LINE
  5
1AED
330
17
100
AcDbEntity
  8
ARR_0
 62
     2
100
AcDbLine
 10
66000.0
 20
100900.0
 30
0.0
 11
66000.0
 21
99650.0
 31
0.0
  0
LINE
  5
1AEE
330
17
100
AcDbEntity
  8
ARR_0
 62
     2
100
AcDbLine
 10
84000.0
 20
100900.0
 30
0.0
 11
84000.0
 21
99650.0
 31
0.0
  0
INSERT
  5
1AEF
330
17
100
AcDbEntity
  8
ARR_0
 62
     2
100
AcDbBlockReference
  2
_CLOSEDFILLED0
 10
66000.0
 20
99800.0
 30
0.0
 41
150.0
 42
150.0
 50
180.0
  0
INSERT
  5
1AF1
330
17
100
AcDbEntity
  8
ARR_0
 62
     2
100
AcDbBlockReference
  2
_CLOSEDFILLED0
 10
84000.0
 20
99800.0
 30
0.0
 41
150.0
 42
150.0
  0
LINE
  5
1AF3
330
17
100
AcDbEntity
  8
ARR_0
 62
     2
100
AcDbLine
 10
66150.0
 20
99800.0
 30
0.0
 11
74450.0
 21
99800.0
 31
0.0
  0
LINE
  5
1AF4
330
17
100
AcDbEntity
  8
ARR_0
 62
     2
100
AcDbLine
 10
75550.0
 20
99800.0
 30
0.0
 11
83850.0
 21
99800.0
 31
0.0
  0
POINT
  5
1AF5
330
17
100
AcDbEntity
  8
ARR_Defpoints
100
AcDbPoint
 10
66000.0
 20
99800.0
 30
0.0
  0
POINT
  5
1AF6
330
17
100
AcDbEntity
  8
ARR_Defpoints
100
AcDbPoint
 10
66000.0
 20
101000.0
 30
0.0
  0
POINT
  5
1AF7
330
17
100
AcDbEntity
  8
ARR_Defpoints
100
AcDbPoint
 10
84000.0
 20
101000.0
 30
0.0
  0
LINE
  5
1AF8
330
17
100
AcDbEntity
  8
ARR_0
 62
     2
100
AcDbLine
 10
84100.0
 20
101000.0
 30
0.0
 11
85650.0
 21
101000.0
 31
0.0
  0
LINE
  5
1AF9
330
17
100
AcDbEntity
  8
ARR_0
 62
     2
100
AcDbLine
 10
84100.0
 20
114500.0
 30
0.0
 11
85650.0
 21
114500.0
 31
0.0
  0
INSERT
  5
1AFA
330
17
100
AcDbEntity
  8
ARR_0
 62
     2
100
AcDbBlockReference
  2
_CLOSEDFILLED0
 10
85500.0
 20
101000.0
 30
0.0
 41
150.0
 42
150.0
 50
270.0
  0
INSERT
  5
1AFC
330
17
100
AcDbEntity
  8
ARR_0
 62
     2
100
AcDbBlockReference
  2
_CLOSEDFILLED0
 10
85500.0
 20
114500.0
 30
0.0
 41
150.0
 42
150.0
 50
90.0
  0
LINE
  5
1AFE
330
17
100
AcDbEntity
  8
ARR_0
 62
     2
100
AcDbLine
 10
85500.0
 20
101150.0
 30
0.0
 11
85500.0
 21
107200.0
 31
0.0
  0
LINE
  5
1AFF
330
17
100
AcDbEntity
  8
ARR_0
 62
     2
100
AcDbLine
 10
85500.0
 20
108300.0
 30
0.0
 11
85500.0
 21
114350.0
 31
0.0
  0
POINT
  5
1B00
330
17
100
AcDbEntity
  8
ARR_Defpoints
100
AcDbPoint
 10
85500.0
 20
101000.0
 30
0.0
  0
POINT
  5
1B01
330
17
100
AcDbEntity
  8
ARR_Defpoints
100
AcDbPoint
 10
84000.0
 20
101000.0
 30
0.0
  0
POINT
  5
1B02
330
17
100
AcDbEntity
  8
ARR_Defpoints
100
AcDbPoint
 10
84000.0
 20
114500.0
 30
0.0
  0
LINE
  5
1B03
330
17
100
AcDbEntity
  8
ARR_0
 62
     2
100
AcDbLine
 10
66000.0
 20
114600.0
 30
0.0
 11
66000.0
 21
115850.0
 31
0.0
  0
LINE
  5
1B04
330
17
100
AcDbEntity
  8
ARR_0
 62
     2
100
AcDbLine
 10
68250.0
 20
114600.0
 30
0.0
 11
68250.0
 21
115850.0
 31
0.0
  0
INSERT
  5
1B05
330
17
100
AcDbEntity
  8
ARR_0
 62
     2
100
AcDbBlockReference
  2
_CLOSEDFILLED0
 10
66000.0
 20
115700.0
 30
0.0
 41
150.0
 42
150.0
 50
180.0
  0
INSERT
  5
1B07
330
17
100
AcDbEntity
  8
ARR_0
 62
     2
100
AcDbBlockReference
  2
_CLOSEDFILLED0
 10
68250.0
 20
115700.0
 30
0.0
 41
150.0
 42
150.0
  0
LINE
  5
1B09
330
17
100
AcDbEntity
  8
ARR_0
 62
     2
100
AcDbLine
 10
66150.0
 20
115700.0
 30
0.0
 11
66685.0
 21
115700.0
 31
0.0
  0
LINE
  5
1B0A
330
17
100
AcDbEntity
  8
ARR_0
 62
     2
100
AcDbLine
 10
67565.0
 20
115700.0
 30
0.0
 11
68100.0
 21
115700.0
 31
0.0
  0
POINT
  5
1B0B
330
17
100
AcDbEntity
  8
ARR_Defpoints
100
AcDbPoint
 10
66000.0
 20
115700.0
 30
0.0
  0
POINT
  5
1B0C
330
17
100
AcDbEntity
  8
ARR_Defpoints
100
AcDbPoint
 10
66000.0
 20
114500.0
 30
0.0
  0
POINT
  5
1B0D
330
17
100
AcDbEntity
  8
ARR_Defpoints
100
AcDbPoint
 10
68250.0
 20
114500.0
 30
0.0
  0
LINE
  5
1B0E
330
17
100
AcDbEntity
  8
ARR_0
 62
     2
100
AcDbLine
 10
84100.0
 20
112500.0
 30
0.0
 11
87050.0
 21
112500.0
 31
0.0
  0
LINE
  5
1B0F
330
17
100
AcDbEntity
  8
ARR_0
 62
     2
100
AcDbLine
 10
84100.0
 20
114500.0
 30
0.0
 11
87050.0
 21
114500.0
 31
0.0
  0
INSERT
  5
1B10
330
17
100
AcDbEntity
  8
ARR_0
 62
     2
100
AcDbBlockReference
  2
_CLOSEDFILLED0
 10
86900.0
 20
112500.0
 30
0.0
 41
150.0
 42
150.0
 50
270.0
  0
INSERT
  5
1B12
330
17
100
AcDbEntity
  8
ARR_0
 62
     2
100
AcDbBlockReference
  2
_CLOSEDFILLED0
 10
86900.0
 20
114500.0
 30
0.0
 41
150.0
 42
150.0
 50
90.0
  0
LINE
  5
1B14
330
17
100
AcDbEntity
  8
ARR_0
 62
     2
100
AcDbLine
 10
86900.0
 20
112650.0
 30
0.0
 11
86900.0
 21
113060.0
 31
0.0
  0
LINE
  5
1B15
330
17
100
AcDbEntity
  8
ARR_0
 62
     2
100
AcDbLine
 10
86900.0
 20
113940.0
 30
0.0
 11
86900.0
 21
114350.0
 31
0.0
  0
POINT
  5
1B16
330
17
100
AcDbEntity
  8
ARR_Defpoints
100
AcDbPoint
 10
86900.0
 20
112500.0
 30
0.0
  0
POINT
  5
1B17
330
17
100
AcDbEntity
  8
ARR_Defpoints
100
AcDbPoint
 10
84000.0
 20
112500.0
 30
0.0
  0
POINT
  5
1B18
330
17
100
AcDbEntity
  8
ARR_Defpoints
100
AcDbPoint
 10
84000.0
 20
114500.0
 30
0.0
  0
LINE
  5
1B19
330
17
100
AcDbEntity
  8
ARR_0
 62
     2
100
AcDbLine
 10
65900.0
 20
106366.6666666666
 30
0.0
 11
64650.0
 21
106366.6666666666
 31
0.0
  0
LINE
  5
1B1A
330
17
100
AcDbEntity
  8
ARR_0
 62
     2
100
AcDbLine
 10
65900.0
 20
107133.3333333333
 30
0.0
 11
64650.0
 21
107133.3333333333
 31
0.0
  0
INSERT
  5
1B1B
330
17
100
AcDbEntity
  8
ARR_0
 62
     2
100
AcDbBlockReference
  2
_CLOSEDFILLED0
 10
64800.0
 20
106366.6666666666
 30
0.0
 41
150.0
 42
150.0
 50
270.0
  0
INSERT
  5
1B1D
330
17
100
AcDbEntity
  8
ARR_0
 62
     2
100
AcDbBlockReference
  2
_CLOSEDFILLED0
 10
64800.0
 20
107133.3333333333
 30
0.0
 41
150.0
 42
150.0
 50
90.0
  0
LINE
  5
1B1F
330
17
100
AcDbEntity
  8
ARR_0
 62
     2
100
AcDbLine
 10
64800.0
 20
106516.6666666666
 30
0.0
 11
64800.0
 21
106983.3333333333
 31
0.0
  0
POINT
  5
1B20
330
17
100
AcDbEntity
  8
ARR_Defpoints
100
AcDbPoint
 10
64800.0
 20
106366.6666666666
 30
0.0
  0
POINT
  5
1B21
330
17
100
AcDbEntity
  8
ARR_Defpoints
100
AcDbPoint
 10
66000.0
 20
106366.6666666666
 30
0.0
  0
POINT
  5
1B22
330
17
100
AcDbEntity
  8
ARR_Defpoints
100
AcDbPoint
 10
66000.0
 20
107133.3333333333
 30
0.0
  0
LINE
  5
1B23
330
17
100
AcDbEntity
  8
ARR_0
 62
     2
100
AcDbLine
 10
98000.0
 20
102700.0
 30
0.0
 11
98000.0
 21
101250.0
 31
0.0
  0
LINE
  5
1B24
330
17
100
AcDbEntity
  8
ARR_0
 62
     2
100
AcDbLine
 10
116000.0
 20
102700.0
 30
0.0
 11
116000.0
 21
101250.0
 31
0.0
  0
INSERT
  5
1B25
330
17
100
AcDbEntity
  8
ARR_0
 62
     2
100
AcDbBlockReference
  2
_CLOSEDFILLED0
 10
98000.0
 20
101400.0
 30
0.0
 41
150.0
 42
150.0
 50
180.0
  0
INSERT
  5
1B27
330
17
100
AcDbEntity
  8
ARR_0
 62
     2
100
AcDbBlockReference
  2
_CLOSEDFILLED0
 10
116000.0
 20
101400.0
 30
0.0
 41
150.0
 42
150.0
  0
LINE
  5
1B29
330
17
100
AcDbEntity
  8
ARR_0
 62
     2
100
AcDbLine
 10
98150.0
 20
101400.0
 30
0.0
 11
106450.0
 21
101400.0
 31
0.0
  0
LINE
  5
1B2A
330
17
100
AcDbEntity
  8
ARR_0
 62
     2
100
AcDbLine
 10
107550.0
 20
101400.0
 30
0.0
 11
115850.0
 21
101400.0
 31
0.0
  0
POINT
  5
1B2B
330
17
100
AcDbEntity
  8
ARR_Defpoints
100
AcDbPoint
 10
98000.0
 20
101400.0
 30
0.0
  0
POINT
  5
1B2C
330
17
100
AcDbEntity
  8
ARR_Defpoints
100
AcDbPoint
 10
98000.0
 20
102800.0
 30
0.0
  0
POINT
  5
1B2D
330
17
100
AcDbEntity
  8
ARR_Defpoints
100
AcDbPoint
 10
116000.0
 20
102800.0
 30
0.0
  0
LINE
  5
1B2E
330
17
100
AcDbEntity
  8
ARR_0
 62
     2
100
AcDbLine
 10
98000.0
 20
116600.0
 30
0.0
 11
98000.0
 21
118250.0
 31
0.0
  0
LINE
  5
1B2F
330
17
100
AcDbEntity
  8
ARR_0
 62
     2
100
AcDbLine
 10
98750.0
 20
116600.0
 30
0.0
 11
98750.0
 21
118250.0
 31
0.0
  0
INSERT
  5
1B30
330
17
100
AcDbEntity
  8
ARR_0
 62
     2
100
AcDbBlockReference
  2
_CLOSEDFILLED0
 10
98000.0
 20
118100.0
 30
0.0
 41
150.0
 42
150.0
 50
180.0
  0
INSERT
  5
1B32
330
17
100
AcDbEntity
  8
ARR_0
 62
     2
100
AcDbBlockReference
  2
_CLOSEDFILLED0
 10
98750.0
 20
118100.0
 30
0.0
 41
150.0
 42
150.0
  0
LINE
  5
1B34
330
17
100
AcDbEntity
  8
ARR_0
 62
     2
100
AcDbLine
 10
98150.0
 20
118100.0
 30
0.0
 11
98600.0
 21
118100.0
 31
0.0
  0
POINT
  5
1B35
330
17
100
AcDbEntity
  8
ARR_Defpoints
100
AcDbPoint
 10
98000.0
 20
118100.0
 30
0.0
  0
POINT
  5
1B36
330
17
100
AcDbEntity
  8
ARR_Defpoints
100
AcDbPoint
 10
98000.0
 20
116500.0
 30
0.0
  0
POINT
  5
1B37
330
17
100
AcDbEntity
  8
ARR_Defpoints
100
AcDbPoint
 10
98750.0
 20
116500.0
 30
0.0
  0
LINE
  5
1B38
330
17
100
AcDbEntity
  8
ARR_0
 62
     2
100
AcDbLine
 10
100250.0
 20
116600.0
 30
0.0
 11
100250.0
 21
118250.0
 31
0.0
  0
LINE
  5
1B39
330
17
100
AcDbEntity
  8
ARR_0
 62
     2
100
AcDbLine
 10
102500.0
 20
116600.0
 30
0.0
 11
102500.0
 21
118250.0
 31
0.0
  0
INSERT
  5
1B3A
330
17
100
AcDbEntity
  8
ARR_0
 62
     2
100
AcDbBlockReference
  2
_CLOSEDFILLED0
 10
100250.0
 20
118100.0
 30
0.0
 41
150.0
 42
150.0
 50
180.0
  0
INSERT
  5
1B3C
330
17
100
AcDbEntity
  8
ARR_0
 62
     2
100
AcDbBlockReference
  2
_CLOSEDFILLED0
 10
102500.0
 20
118100.0
 30
0.0
 41
150.0
 42
150.0
  0
LINE
  5
1B3E
330
17
100
AcDbEntity
  8
ARR_0
 62
     2
100
AcDbLine
 10
100400.0
 20
118100.0
 30
0.0
 11
100935.0
 21
118100.0
 31
0.0
  0
LINE
  5
1B3F
330
17
100
AcDbEntity
  8
ARR_0
 62
     2
100
AcDbLine
 10
101815.0
 20
118100.0
 30
0.0
 11
102350.0
 21
118100.0
 31
0.0
  0
POINT
  5
1B40
330
17
100
AcDbEntity
  8
ARR_Defpoints
100
AcDbPoint
 10
100250.0
 20
118100.0
 30
0.0
  0
POINT
  5
1B41
330
17
100
AcDbEntity
  8
ARR_Defpoints
100
AcDbPoint
 10
100250.0
 20
116500.0
 30
0.0
  0
POINT
  5
1B42
330
17
100
AcDbEntity
  8
ARR_Defpoints
100
AcDbPoint
 10
102500.0
 20
116500.0
 30
0.0
  0
LINE
  5
1B43
330
17
100
AcDbEntity
  8
ARR_0
 62
     2
100
AcDbLine
 10
97900.0
 20
102800.0
 30
0.0
 11
96150.0
 21
102800.0
 31
0.0
  0
LINE
  5
1B44
330
17
100
AcDbEntity
  8
ARR_0
 62
     2
100
AcDbLine
 10
97900.0
 20
106200.0
 30
0.0
 11
96150.0
 21
106200.0
 31
0.0
  0
INSERT
  5
1B45
330
17
100
AcDbEntity
  8
ARR_0
 62
     2
100
AcDbBlockReference
  2
_CLOSEDFILLED0
 10
96300.0
 20
102800.0
 30
0.0
 41
150.0
 42
150.0
 50
270.0
  0
INSERT
  5
1B47
330
17
100
AcDbEntity
  8
ARR_0
 62
     2
100
AcDbBlockReference
  2
_CLOSEDFILLED0
 10
96300.0
 20
106200.0
 30
0.0
 41
150.0
 42
150.0
 50
90.0
  0
LINE
  5
1B49
330
17
100
AcDbEntity
  8
ARR_0
 62
     2
100
AcDbLine
 10
96300.0
 20
102950.0
 30
0.0
 11
96300.0
 21
104060.0
 31
0.0
  0
LINE
  5
1B4A
330
17
100
AcDbEntity
  8
ARR_0
 62
     2
100
AcDbLine
 10
96300.0
 20
104940.0
 30
0.0
 11
96300.0
 21
106050.0
 31
0.0
  0
POINT
  5
1B4B
330
17
100
AcDbEntity
  8
ARR_Defpoints
100
AcDbPoint
 10
96300.0
 20
102800.0
 30
0.0
  0
POINT
  5
1B4C
330
17
100
AcDbEntity
  8
ARR_Defpoints
100
AcDbPoint
 10
98000.0
 20
102800.0
 30
0.0
  0
POINT
  5
1B4D
330
17
100
AcDbEntity
  8
ARR_Defpoints
100
AcDbPoint
 10
98000.0
 20
106200.0
 30
0.0
  0
LINE
  5
1B4E
330
17
100
AcDbEntity
  8
ARR_0
 62
     2
100
AcDbLine
 10
97900.0
 20
106200.0
 30
0.0
 11
96150.0
 21
106200.0
 31
0.0
  0
LINE
  5
1B4F
330
17
100
AcDbEntity
  8
ARR_0
 62
     2
100
AcDbLine
 10
97900.0
 20
109600.0
 30
0.0
 11
96150.0
 21
109600.0
 31
0.0
  0
INSERT
  5
1B50
330
17
100
AcDbEntity
  8
ARR_0
 62
     2
100
AcDbBlockReference
  2
_CLOSEDFILLED0
 10
96300.0
 20
106200.0
 30
0.0
 41
150.0
 42
150.0
 50
270.0
  0
INSERT
  5
1B52
330
17
100
AcDbEntity
  8
ARR_0
 62
     2
100
AcDbBlockReference
  2
_CLOSEDFILLED0
 10
96300.0
 20
109600.0
 30
0.0
 41
150.0
 42
150.0
 50
90.0
  0
LINE
  5
1B54
330
17
100
AcDbEntity
  8
ARR_0
 62
     2
100
AcDbLine
 10
96300.0
 20
106350.0
 30
0.0
 11
96300.0
 21
107460.0
 31
0.0
  0
LINE
  5
1B55
330
17
100
AcDbEntity
  8
ARR_0
 62
     2
100
AcDbLine
 10
96300.0
 20
108340.0
 30
0.0
 11
96300.0
 21
109450.0
 31
0.0
  0
POINT
  5
1B56
330
17
100
AcDbEntity
  8
ARR_Defpoints
100
AcDbPoint
 10
96300.0
 20
106200.0
 30
0.0
  0
POINT
  5
1B57
330
17
100
AcDbEntity
  8
ARR_Defpoints
100
AcDbPoint
 10
98000.0
 20
106200.0
 30
0.0
  0
POINT
  5
1B58
330
17
100
AcDbEntity
  8
ARR_Defpoints
100
AcDbPoint
 10
98000.0
 20
109600.0
 30
0.0
  0
LINE
  5
1B59
330
17
100
AcDbEntity
  8
ARR_0
 62
     2
100
AcDbLine
 10
97900.0
 20
109600.0
 30
0.0
 11
96150.0
 21
109600.0
 31
0.0
  0
LINE
  5
1B5A
330
17
100
AcDbEntity
  8
ARR_0
 62
     2
100
AcDbLine
 10
97900.0
 20
113000.0
 30
0.0
 11
96150.0
 21
113000.0
 31
0.0
  0
INSERT
  5
1B5B
330
17
100
AcDbEntity
  8
ARR_0
 62
     2
100
AcDbBlockReference
  2
_CLOSEDFILLED0
 10
96300.0
 20
109600.0
 30
0.0
 41
150.0
 42
150.0
 50
270.0
  0
INSERT
  5
1B5D
330
17
100
AcDbEntity
  8
ARR_0
 62
     2
100
AcDbBlockReference
  2
_CLOSEDFILLED0
 10
96300.0
 20
113000.0
 30
0.0
 41
150.0
 42
150.0
 50
90.0
  0
LINE
  5
1B5F
330
17
100
AcDbEntity
  8
ARR_0
 62
     2
100
AcDbLine
 10
96300.0
 20
109750.0
 30
0.0
 11
96300.0
 21
110860.0
 31
0.0
  0
LINE
  5
1B60
330
17
100
AcDbEntity
  8
ARR_0
 62
     2
100
AcDbLine
 10
96300.0
 20
111740.0
 30
0.0
 11
96300.0
 21
112850.0
 31
0.0
  0
POINT
  5
1B61
330
17
100
AcDbEntity
  8
ARR_Defpoints
100
AcDbPoint
 10
96300.0
 20
109600.0
 30
0.0
  0
POINT
  5
1B62
330
17
100
AcDbEntity
  8
ARR_Defpoints
100
AcDbPoint
 10
98000.0
 20
109600.0
 30
0.0
  0
POINT
  5
1B63
330
17
100
AcDbEntity
  8
ARR_Defpoints
100
AcDbPoint
 10
98000.0
 20
113000.0
 30
0.0
  0
LINE
  5
1B64
330
17
100
AcDbEntity
  8
ARR_0
 62
     2
100
AcDbLine
 10
97900.0
 20
113000.0
 30
0.0
 11
96150.0
 21
113000.0
 31
0.0
  0
LINE
  5
1B65
330
17
100
AcDbEntity
  8
ARR_0
 62
     2
100
AcDbLine
 10
97900.0
 20
116500.0
 30
0.0
 11
96150.0
 21
116500.0
 31
0.0
  0
INSERT
  5
1B66
330
17
100
AcDbEntity
  8
ARR_0
 62
     2
100
AcDbBlockReference
  2
_CLOSEDFILLED0
 10
96300.0
 20
113000.0
 30
0.0
 41
150.0
 42
150.0
 50
270.0
  0
INSERT
  5
1B68
330
17
100
AcDbEntity
  8
ARR_0
 62
     2
100
AcDbBlockReference
  2
_CLOSEDFILLED0
 10
96300.0
 20
116500.0
 30
0.0
 41
150.0
 42
150.0
 50
90.0
  0
LINE
  5
1B6A
330
17
100
AcDbEntity
  8
ARR_0
 62
     2
100
AcDbLine
 10
96300.0
 20
113150.0
 30
0.0
 11
96300.0
 21
114310.0
 31
0.0
  0
LINE
  5
1B6B
330
17
100
AcDbEntity
  8
ARR_0
 62
     2
100
AcDbLine
 10
96300.0
 20
115190.0
 30
0.0
 11
96300.0
 21
116350.0
 31
0.0
  0
POINT
  5
1B6C
330
17
100
AcDbEntity
  8
ARR_Defpoints
100
AcDbPoint
 10
96300.0
 20
113000.0
 30
0.0
  0
POINT
  5
1B6D
330
17
100
AcDbEntity
  8
ARR_Defpoints
100
AcDbPoint
 10
98000.0
 20
113000.0
 30
0.0
  0
POINT
  5
1B6E
330
17
100
AcDbEntity
  8
ARR_Defpoints
100
AcDbPoint
 10
98000.0
 20
116500.0
 30
0.0
  0
TEXT
  5
1B6F
330
17
100
AcDbEntity
  8
ARR_0
 62
     7
100
AcDbText
 10
43.60845839017735
 20
142630.0
 30
0.0
 40
220.0
  1
600
  7
unicode
 72
     1
 11
300.0
 21
142740.0
 31
0.0
100
AcDbText
 73
     2
  0
TEXT
  5
1B70
330
17
100
AcDbEntity
  8
ARR_0
 62
     7
100
AcDbText
 10
74487.21691678035
 20
141090.0
 30
0.0
 40
220.0
  1
150000
  7
unicode
 72
     1
 11
75000.0
 21
141200.0
 31
0.0
100
AcDbText
 73
     2
  0
TEXT
  5
1B71
330
17
100
AcDbEntity
  8
ARR_0
 62
     7
100
AcDbText
 10
159110.0
 20
152322.6807639836
 30
0.0
 40
220.0
  1
15500
 50
90.0
  7
unicode
 72
     1
 11
159000.0
 21
152750.0
 31
0.0
100
AcDbText
 73
     2
  0
TEXT
  5
1B72
330
17
100
AcDbEntity
  8
ARR_0
 62
     7
100
AcDbText
 10
13072.68076398363
 20
99390.0
 30
0.0
 40
220.0
  1
27000
  7
unicode
 72
     1
 11
13500.0
 21
99500.0
 31
0.0
100
AcDbText
 73
     2
  0
TEXT
  5
1B73
330
17
100
AcDbEntity
  8
ARR_0
 62
     7
100
AcDbText
 10
28810.0
 20
108322.6807639836
 30
0.0
 40
220.0
  1
15500
 50
90.0
  7
unicode
 72
     1
 11
28700.0
 21
108750.0
 31
0.0
100
AcDbText
 73
     2
  0
TEXT
  5
1B74
330
17
100
AcDbEntity
  8
ARR_0
 62
     7
100
AcDbText
 10
-1290.0
 20
101558.1446111869
 30
0.0
 40
220.0
  1
1800
 50
90.0
  7
unicode
 72
     1
 11
-1400.0
 21
101900.0
 31
0.0
100
AcDbText
 73
     2
  0
TEXT
  5
1B75
330
17
100
AcDbEntity
  8
ARR_0
 62
     7
100
AcDbText
 10
658.1446111869031
 20
118190.0
 30
0.0
 40
220.0
  1
2000
  7
unicode
 72
     1
 11
1000.0
 21
118300.0
 31
0.0
100
AcDbText
 73
     2
  0
TEXT
  5
1B76
330
17
100
AcDbEntity
  8
ARR_0
 62
     7
100
AcDbText
 10
15370.0
 20
116513.6084583902
 30
0.0
 40
220.0
  1
540
 50
90.0
  7
unicode
 72
     1
 11
15260.0
 21
116770.0
 31
0.0
100
AcDbText
 73
     2
  0
TEXT
  5
1B77
330
17
100
AcDbEntity
  8
ARR_0
 62
     7
100
AcDbText
 10
13158.1446111869
 20
100040.0
 30
0.0
 40
220.0
  1
1550
  7
unicode
 72
     1
 11
13500.0
 21
100150.0
 31
0.0
100
AcDbText
 73
     2
  0
TEXT
  5
1B78
330
17
100
AcDbEntity
  8
ARR_0
 62
     7
100
AcDbText
 10
28060.0
 20
115383.1446111869
 30
0.0
 40
220.0
  1
1550
 50
90.0
  7
unicode
 72
     1
 11
27950.0
 21
115725.0
 31
0.0
100
AcDbText
 73
     2
  0
TEXT
  5
1B79
330
17
100
AcDbEntity
  8
ARR_0
 62
     7
100
AcDbText
 10
210.9765802637562
 20
72465.0
 30
0.0
 40
70.0
  1
666,7
  7
unicode
 72
     1
 11
333.3333333333333
 21
72500.0
 31
0.0
100
AcDbText
 73
     2
  0
TEXT
  5
1B7A
330
17
100
AcDbEntity
  8
ARR_0
 62
     7
100
AcDbText
 10
877.6432469304229
 20
72465.0
 30
0.0
 40
70.0
  1
666,7
  7
unicode
 72
     1
 11
1000.0
 21
72500.0
 31
0.0
100
AcDbText
 73
     2
  0
TEXT
  5
1B7B
330
17
100
AcDbEntity
  8
ARR_0
 62
     7
100
AcDbText
 10
1544.309913597089
 20
72465.0
 30
0.0
 40
70.0
  1
666,7
  7
unicode
 72
     1
 11
1666.666666666666
 21
72500.0
 31
0.0
100
AcDbText
 73
     2
  0
TEXT
  5
1B7C
330
17
100
AcDbEntity
  8
ARR_0
 62
     7
100
AcDbText
 10
2260.976580263756
 20
72465.0
 30
0.0
 40
70.0
  1
766,7
  7
unicode
 72
     1
 11
2383.333333333333
 21
72500.0
 31
0.0
100
AcDbText
 73
     2
  0
TEXT
  5
1B7D
330
17
100
AcDbEntity
  8
ARR_0
 62
     7
100
AcDbText
 10
891.2278308321964
 20
73065.0
 30
0.0
 40
70.0
  1
2000
  7
unicode
 72
     1
 11
1000.0
 21
73100.0
 31
0.0
100
AcDbText
 73
     2
  0
TEXT
  5
1B7E
330
17
100
AcDbEntity
  8
ARR_0
 62
     7
100
AcDbText
 10
46572.68076398362
 20
99690.0
 30
0.0
 40
220.0
  1
18000
  7
unicode
 72
     1
 11
47000.0
 21
99800.0
 31
0.0
100
AcDbText
 73
     2
  0
TEXT
  5
1B7F
330
17
100
AcDbEntity
  8
ARR_0
 62
     7
100
AcDbText
 10
57610.0
 20
107322.6807639836
 30
0.0
 40
220.0
  1
13500
 50
90.0
  7
unicode
 72
     1
 11
57500.0
 21
107750.0
 31
0.0
100
AcDbText
 73
     2
  0
TEXT
  5
1B80
330
17
100
AcDbEntity
  8
ARR_0
 62
     7
100
AcDbText
 10
38783.1446111869
 20
115590.0
 30
0.0
 40
220.0
  1
2250
  7
unicode
 72
     1
 11
39125.0
 21
115700.0
 31
0.0
100
AcDbText
 73
     2
  0
TEXT
  5
1B81
330
17
100
AcDbEntity
  8
ARR_0
 62
     7
100
AcDbText
 10
59010.0
 20
113158.1446111869
 30
0.0
 40
220.0
  1
2000
 50
90.0
  7
unicode
 72
     1
 11
58900.0
 21
113500.0
 31
0.0
100
AcDbText
 73
     2
  0
TEXT
  5
1B82
330
17
100
AcDbEntity
  8
ARR_0
 62
     7
100
AcDbText
 10
36570.0
 20
106365.4502046385
 30
0.0
 40
220.0
  1
766,7
 50
90.0
  7
unicode
 72
     1
 11
36460.0
 21
106750.0
 31
0.0
100
AcDbText
 73
     2
  0
TEXT
  5
1B83
330
17
100
AcDbEntity
  8
ARR_0
 62
     7
100
AcDbText
 10
74572.68076398364
 20
99690.0
 30
0.0
 40
220.0
  1
18000
  7
unicode
 72
     1
 11
75000.0
 21
99800.0
 31
0.0
100
AcDbText
 73
     2
  0
TEXT
  5
1B84
330
17
100
AcDbEntity
  8
ARR_0
 62
     7
100
AcDbText
 10
85610.0
 20
107322.6807639836
 30
0.0
 40
220.0
  1
13500
 50
90.0
  7
unicode
 72
     1
 11
85500.0
 21
107750.0
 31
0.0
100
AcDbText
 73
     2
  0
TEXT
  5
1B85
330
17
100
AcDbEntity
  8
ARR_0
 62
     7
100
AcDbText
 10
66783.1446111869
 20
115590.0
 30
0.0
 40
220.0
  1
2250
  7
unicode
 72
     1
 11
67125.0
 21
115700.0
 31
0.0
100
AcDbText
 73
     2
  0
TEXT
  5
1B86
330
17
100
AcDbEntity
  8
ARR_0
 62
     7
100
AcDbText
 10
87010.0
 20
113158.1446111869
 30
0.0
 40
220.0
  1
2000
 50
90.0
  7
unicode
 72
     1
 11
86900.0
 21
113500.0
 31
0.0
100
AcDbText
 73
     2
  0
TEXT
  5
1B87
330
17
100
AcDbEntity
  8
ARR_0
 62
     7
100
AcDbText
 10
64570.0
 20
106365.4502046385
 30
0.0
 40
220.0
  1
766,7
 50
90.0
  7
unicode
 72
     1
 11
64460.0
 21
106750.0
 31
0.0
100
AcDbText
 73
     2
  0
TEXT
  5
1B88
330
17
100
AcDbEntity
  8
ARR_0
 62
     7
100
AcDbText
 10
106572.6807639836
 20
101290.0
 30
0.0
 40
220.0
  1
18000
  7
unicode
 72
     1
 11
107000.0
 21
101400.0
 31
0.0
100
AcDbText
 73
     2
  0
TEXT
  5
1B89
330
17
100
AcDbEntity
  8
ARR_0
 62
     7
100
AcDbText
 10
98118.60845839019
 20
118330.0
 30
0.0
 40
220.0
  1
750
  7
unicode
 72
     1
 11
98375.0
 21
118440.0
 31
0.0
100
AcDbText
 73
     2
  0
TEXT
  5
1B8A
330
17
100
AcDbEntity
  8
ARR_0
 62
     7
100
AcDbText
 10
101033.1446111869
 20
117990.0
 30
0.0
 40
220.0
  1
2250
  7
unicode
 72
     1
 11
101375.0
 21
118100.0
 31
0.0
100
AcDbText
 73
     2
  0
TEXT
  5
1B8B
330
17
100
AcDbEntity
  8
ARR_0
 62
     7
100
AcDbText
 10
96410.0
 20
104158.1446111869
 30
0.0
 40
220.0
  1
3400
 50
90.0
  7
unicode
 72
     1
 11
96300.0
 21
104500.0
 31
0.0
100
AcDbText
 73
     2
  0
TEXT
  5
1B8C
330
17
100
AcDbEntity
  8
ARR_0
 62
     7
100
AcDbText
 10
96410.0
 20
107558.1446111869
 30
0.0
 40
220.0
  1
3400
 50
90.0
  7
unicode
 72
     1
 11
96300.0
 21
107900.0
 31
0.0
100
AcDbText
 73
     2
  0
TEXT
  5
1B8D
330
17
100
AcDbEntity
  8
ARR_0
 62
     7
100
AcDbText
 10
96410.0
 20
110958.1446111869
 30
0.0
 40
220.0
  1
3400
 50
90.0
  7
unicode
 72
     1
 11
96300.0
 21
111300.0
 31
0.0
100
AcDbText
 73
     2
  0
TEXT
  5
1B8E
330
17
100
AcDbEntity
  8
ARR_0
 62
     7
100
AcDbText
 10
96410.0
 20
114408.1446111869
 30
0.0
 40
220.0
  1
3500
 50
90.0
  7
unicode
 72
     1
 11
96300.0
 21
114750.0
 31
0.0
100
AcDbText
 73
     2
  0
TEXT
  5
1BA2
330
17
100
AcDbEntity
  8
TEXT
100
AcDbText
 10
0.0
 20
187000.0
 30
0.0
 40
900.0
  1
SAMPLE — ТАНКЕР. КОНСТРУКТИВНАЯ СХЕМА И РАСЧЁТНЫЕ СЕЧЕНИЯ
  7
RU
100
AcDbText
  0
TEXT
  5
1BA3
330
17
100
AcDbEntity
  8
TEXT
100
AcDbText
 10
0.0
 20
184500.0
 30
0.0
 40
520.0
  1
Рабочий вариант 24.09.2026. Расчётная балластная осадка dB = 5,0 м.
  7
RU
100
AcDbText
  0
LINE
  5
1C05
330
17
100
AcDbEntity
  8
24_MEMBER
100
AcDbLine
 10
13840.0
 20
1800.0
 30
0.0
 11
13840.0
 21
5200.0
 31
0.0
  0
LINE
  5
1C06
330
17
100
AcDbEntity
  8
24_MEMBER
100
AcDbLine
 10
13828.0
 20
1800.0
 30
0.0
 11
13828.0
 21
5200.0
 31
0.0
  0
LWPOLYLINE
  5
1C07
330
17
100
AcDbEntity
  8
24_TEXT
100
AcDbPolyline
 90
        3
 70
     0
 43
0.0
 10
13840.0
 20
3500.0
 10
15000.0
 20
3590.0
 10
17175.0
 20
3590.0
  0
TEXT
  5
1C08
330
17
100
AcDbEntity
  8
24_TEXT
100
AcDbText
 10
15000.0
 20
3670.0
 30
0.0
 40
250.0
  1
CL-F1 HP 340x12
  7
RU
100
AcDbText
  0
LINE
  5
1C09
330
17
100
AcDbEntity
  8
24_MEMBER
100
AcDbLine
 10
13800.0
 20
5200.0
 30
0.0
 11
13800.0
 21
8600.0
 31
0.0
  0
LINE
  5
1C0A
330
17
100
AcDbEntity
  8
24_MEMBER
100
AcDbLine
 10
13788.0
 20
5200.0
 30
0.0
 11
13788.0
 21
8600.0
 31
0.0
  0
LWPOLYLINE
  5
1C0B
330
17
100
AcDbEntity
  8
24_TEXT
100
AcDbPolyline
 90
        3
 70
     0
 43
0.0
 10
13800.0
 20
6900.0
 10
15000.0
 20
6990.0
 10
17175.0
 20
6990.0
  0
TEXT
  5
1C0C
330
17
100
AcDbEntity
  8
24_TEXT
100
AcDbText
 10
15000.0
 20
7070.0
 30
0.0
 40
250.0
  1
CL-F2 HP 300x12
  7
RU
100
AcDbText
  0
LINE
  5
1C0D
330
17
100
AcDbEntity
  8
24_MEMBER
100
AcDbLine
 10
13780.0
 20
8600.0
 30
0.0
 11
13780.0
 21
12000.0
 31
0.0
  0
LINE
  5
1C0E
330
17
100
AcDbEntity
  8
24_MEMBER
100
AcDbLine
 10
13769.0
 20
8600.0
 30
0.0
 11
13769.0
 21
12000.0
 31
0.0
  0
LWPOLYLINE
  5
1C0F
330
17
100
AcDbEntity
  8
24_TEXT
100
AcDbPolyline
 90
        3
 70
     0
 43
0.0
 10
13780.0
 20
10300.0
 10
15000.0
 20
10390.0
 10
17175.0
 20
10390.0
  0
TEXT
  5
1C10
330
17
100
AcDbEntity
  8
24_TEXT
100
AcDbText
 10
15000.0
 20
10470.0
 30
0.0
 40
250.0
  1
CL-F3 HP 280x11
  7
RU
100
AcDbText
  0
LINE
  5
1C11
330
17
100
AcDbEntity
  8
24_MEMBER
100
AcDbLine
 10
13760.0
 20
12000.0
 30
0.0
 11
13760.0
 21
16040.0
 31
0.0
  0
LINE
  5
1C12
330
17
100
AcDbEntity
  8
24_MEMBER
100
AcDbLine
 10
13749.0
 20
12000.0
 30
0.0
 11
13749.0
 21
16040.0
 31
0.0
  0
LWPOLYLINE
  5
1C13
330
17
100
AcDbEntity
  8
24_TEXT
100
AcDbPolyline
 90
        3
 70
     0
 43
0.0
 10
13760.0
 20
14020.0
 10
15000.0
 20
14110.0
 10
17175.0
 20
14110.0
  0
TEXT
  5
1C14
330
17
100
AcDbEntity
  8
24_TEXT
100
AcDbText
 10
15000.0
 20
14190.0
 30
0.0
 40
250.0
  1
CL-F4 HP 260x11
  7
RU
100
AcDbText
  0
LWPOLYLINE
  5
1C15
330
17
100
AcDbEntity
  8
24_TEXT
100
AcDbPolyline
 90
        3
 70
     0
 43
0.0
 10
13500.0
 20
9500.0
 10
15300.0
 20
9920.0
 10
16170.0
 20
9920.0
  0
TEXT
  5
1C16
330
17
100
AcDbEntity
  8
24_TEXT
100
AcDbText
 10
15300.0
 20
10000.0
 30
0.0
 40
250.0
  1
CL s18
  7
RU
100
AcDbText
  0
LINE
  5
1C17
330
17
100
AcDbEntity
  8
04_HULL
100
AcDbLine
 10
43000.0
 20
5200.0
 30
0.0
 11
43700.0
 21
5200.0
 31
0.0
  0
LINE
  5
1C18
330
17
100
AcDbEntity
  8
04_HULL
100
AcDbLine
 10
44300.0
 20
5200.0
 30
0.0
 11
45000.0
 21
5200.0
 31
0.0
  0
LINE
  5
1C19
330
17
100
AcDbEntity
  8
04_HULL
100
AcDbLine
 10
68000.0
 20
5200.0
 30
0.0
 11
68700.0
 21
5200.0
 31
0.0
  0
LINE
  5
1C1A
330
17
100
AcDbEntity
  8
04_HULL
100
AcDbLine
 10
69300.0
 20
5200.0
 30
0.0
 11
70000.0
 21
5200.0
 31
0.0
  0
LINE
  5
1C1B
330
17
100
AcDbEntity
  8
04_HULL
100
AcDbLine
 10
43000.0
 20
8600.0
 30
0.0
 11
43700.0
 21
8600.0
 31
0.0
  0
LINE
  5
1C1C
330
17
100
AcDbEntity
  8
04_HULL
100
AcDbLine
 10
44300.0
 20
8600.0
 30
0.0
 11
45000.0
 21
8600.0
 31
0.0
  0
LINE
  5
1C1D
330
17
100
AcDbEntity
  8
04_HULL
100
AcDbLine
 10
68000.0
 20
8600.0
 30
0.0
 11
68700.0
 21
8600.0
 31
0.0
  0
LINE
  5
1C1E
330
17
100
AcDbEntity
  8
04_HULL
100
AcDbLine
 10
69300.0
 20
8600.0
 30
0.0
 11
70000.0
 21
8600.0
 31
0.0
  0
LINE
  5
1C1F
330
17
100
AcDbEntity
  8
04_HULL
100
AcDbLine
 10
43000.0
 20
12000.0
 30
0.0
 11
43700.0
 21
12000.0
 31
0.0
  0
LINE
  5
1C20
330
17
100
AcDbEntity
  8
04_HULL
100
AcDbLine
 10
44300.0
 20
12000.0
 30
0.0
 11
45000.0
 21
12000.0
 31
0.0
  0
LINE
  5
1C21
330
17
100
AcDbEntity
  8
04_HULL
100
AcDbLine
 10
68000.0
 20
12000.0
 30
0.0
 11
68700.0
 21
12000.0
 31
0.0
  0
LINE
  5
1C22
330
17
100
AcDbEntity
  8
04_HULL
100
AcDbLine
 10
69300.0
 20
12000.0
 30
0.0
 11
70000.0
 21
12000.0
 31
0.0
  0
LWPOLYLINE
  5
1C23
330
17
100
AcDbEntity
  8
24_TEXT
100
AcDbPolyline
 90
        3
 70
     0
 43
0.0
 10
56500.0
 20
9500.0
 10
58000.0
 20
9920.0
 10
58870.0
 20
9920.0
  0
TEXT
  5
1C24
330
17
100
AcDbEntity
  8
24_TEXT
100
AcDbText
 10
58000.0
 20
10000.0
 30
0.0
 40
250.0
  1
CL s18
  7
RU
100
AcDbText
  0
LWPOLYLINE
  5
1C25
330
17
100
AcDbEntity
  8
24_TEXT
100
AcDbPolyline
 90
        3
 70
     0
 43
0.0
 10
43300.0
 20
12000.0
 10
46300.0
 20
12320.0
 10
49490.0
 20
12320.0
  0
TEXT
  5
1C26
330
17
100
AcDbEntity
  8
24_TEXT
100
AcDbText
 10
46300.0
 20
12400.0
 30
0.0
 40
250.0
  1
PL s12; вырез 600x1200
  7
RU
100
AcDbText
  0
TEXT
  5
1C27
330
17
100
AcDbEntity
  8
24_TEXT
100
AcDbText
 10
44000.0
 20
-9400.0
 30
0.0
 40
300.0
  1
ПЛАТФОРМА. ВИД СВЕРХУ
  7
RU
100
AcDbText
  0
LINE
  5
1C28
330
17
100
AcDbEntity
  8
24_DETAIL
100
AcDbLine
 10
44000.0
 20
-12500.0
 30
0.0
 11
48500.0
 21
-12500.0
 31
0.0
  0
LINE
  5
1C29
330
17
100
AcDbEntity
  8
24_DETAIL
100
AcDbLine
 10
44000.0
 20
-10500.0
 30
0.0
 11
48500.0
 21
-10500.0
 31
0.0
  0
LINE
  5
1C2A
330
17
100
AcDbEntity
  8
24_DETAIL
100
AcDbLine
 10
44000.0
 20
-12500.0
 30
0.0
 11
44000.0
 21
-10500.0
 31
0.0
  0
LINE
  5
1C2B
330
17
100
AcDbEntity
  8
24_DETAIL
100
AcDbLine
 10
46250.0
 20
-12500.0
 30
0.0
 11
46250.0
 21
-10500.0
 31
0.0
  0
LINE
  5
1C2C
330
17
100
AcDbEntity
  8
24_DETAIL
100
AcDbLine
 10
48500.0
 20
-12500.0
 30
0.0
 11
48500.0
 21
-10500.0
 31
0.0
  0
LWPOLYLINE
  5
1C2D
330
17
100
AcDbEntity
  8
24_DETAIL
100
AcDbPolyline
 90
        4
 70
     1
 43
0.0
 10
44525.0
 20
-11800.0
 10
45725.0
 20
-11800.0
 10
45725.0
 20
-11200.0
 10
44525.0
 20
-11200.0
  0
LWPOLYLINE
  5
1C2E
330
17
100
AcDbEntity
  8
24_DETAIL
100
AcDbPolyline
 90
        4
 70
     1
 43
0.0
 10
46775.0
 20
-11800.0
 10
47975.0
 20
-11800.0
 10
47975.0
 20
-11200.0
 10
46775.0
 20
-11200.0
  0
TEXT
  5
1C2F
330
17
100
AcDbEntity
  8
24_TEXT
100
AcDbText
 10
44000.0
 20
-13100.0
 30
0.0
 40
250.0
  1
s12; отверстия 600x1200
  7
RU
100
AcDbText
  0
TEXT
  5
1C30
330
17
100
AcDbEntity
  8
24_TEXT
100
AcDbText
 10
44000.0
 20
-13600.0
 30
0.0
 40
250.0
  1
Шаг рам 2250; ширина 2000
  7
RU
100
AcDbText
  0
LWPOLYLINE
  5
1C31
330
17
100
AcDbEntity
  8
24_NET
100
AcDbPolyline
 90
      165
 70
     0
 43
0.0
 10
60500.0
 20
25005.70628620929
 10
48550.0
 20
25005.70628620929
 10
44527.45922520211
 20
25712.95523841112
 10
42946.40545982463
 20
26422.10677793429
 10
41793.50555976354
 20
27133.16090477881
 10
40873.89725965696
 20
27846.11761894467
 10
40111.44908919072
 20
28560.97692043188
 10
39466.94868397525
 20
29277.73880924044
 10
38917.11827782221
 20
29996.40328537034
 10
38446.89628210321
 20
30716.97034882158
 10
38045.97796354543
 20
31439.43999959417
 10
37707.05365100836
 20
32163.81223768812
 10
37424.82784850826
 20
32890.08706310339
 10
37195.43713944375
 20
33618.26447584003
 10
37016.08912543449
 20
34348.34447589801
 10
36884.83270248947
 20
35080.32706327732
 10
36800.41167363523
 20
35814.21223797799
 10
36762.17510907704
 20
36550.0
 10
36746.95441050627
 20
36646.875
 10
36731.7337119355
 20
36743.75
 10
36722.89588695893
 20
36800.0
 10
36716.51301336473
 20
36840.625
 10
36701.29231479398
 20
36937.5
 10
36686.0716162232
 20
37034.375
 10
36670.85091765243
 20
37131.25
 10
36655.63021908166
 20
37228.125
 10
36640.4095205109
 20
37325.0
 10
36625.18882194014
 20
37421.875
 10
36609.96812336937
 20
37518.75
 10
36594.7474247986
 20
37615.625
 10
36579.52672622784
 20
37712.5
 10
36564.30602765707
 20
37809.375
 10
36551.59872574357
 20
37890.25301405092
 10
36561.24994732143
 20
37906.25
 10
36619.69608794643
 20
38003.125
 10
36678.14222857143
 20
38100.0
 10
36736.58836919643
 20
38196.875
 10
36795.03450982143
 20
38293.75
 10
36853.48065044643
 20
38390.625
 10
36911.92679107143
 20
38487.5
 10
36970.37293169643
 20
38584.375
 10
37028.81907232143
 20
38681.25
 10
37087.26521294643
 20
38778.125
 10
37145.71135357143
 20
38875.0
 10
37204.15749419643
 20
38971.875
 10
37262.60363482143
 20
39068.75
 10
37321.04977544643
 20
39165.625
 10
37379.49591607143
 20
39262.5
 10
37437.94205669643
 20
39359.375
 10
37496.38819732143
 20
39456.25
 10
37554.83433794643
 20
39553.125
 10
37613.28047857143
 20
39650.0
 10
37671.72661919643
 20
39746.875
 10
37730.17275982143
 20
39843.75
 10
37788.61890044642
 20
39940.625
 10
37824.44072857143
 20
40000.0
 10
37847.06504107143
 20
40037.5
 10
37905.51118169643
 20
40134.375
 10
37963.95732232143
 20
40231.25
 10
38022.40346294643
 20
40328.125
 10
38080.84960357144
 20
40425.0
 10
38139.29574419642
 20
40521.875
 10
38197.74188482143
 20
40618.75
 10
38256.18802544644
 20
40715.62499999999
 10
38314.63416607143
 20
40812.49999999999
 10
38373.08030669643
 20
40909.37499999999
 10
38431.52644732144
 20
41006.24999999999
 10
38489.97258794643
 20
41103.125
 10
38548.41872857143
 20
41200.0
 10
38606.86486919643
 20
41296.875
 10
38665.31100982142
 20
41393.75
 10
38723.75715044643
 20
41490.625
 10
38782.20329107143
 20
41587.5
 10
38840.64943169643
 20
41684.375
 10
38899.09557232143
 20
41781.25
 10
38957.54171294642
 20
41878.125
 10
39015.98785357143
 20
41975.0
 10
39074.43399419643
 20
42071.87499999999
 10
39132.88013482143
 20
42168.74999999999
 10
39191.32627544643
 20
42265.625
 10
39249.77241607143
 20
42362.5
 10
39308.21855669643
 20
42459.375
 10
39366.66469732143
 20
42556.25
 10
39425.11083794643
 20
42653.125
 10
39483.55697857143
 20
42750.0
 10
39542.00311919643
 20
42846.875
 10
39600.44925982143
 20
42943.75
 10
39658.89540044643
 20
43040.625
 10
39717.34154107143
 20
43137.5
 10
39775.78768169643
 20
43234.37499999999
 10
39834.23382232143
 20
43331.24999999999
 10
39892.67996294643
 20
43428.12499999999
 10
39951.12610357144
 20
43525.0
 10
40009.57224419643
 20
43621.875
 10
40068.01838482143
 20
43718.75
 10
40126.46452544643
 20
43815.625
 10
40184.91066607142
 20
43912.5
 10
40243.35680669643
 20
44009.375
 10
40301.80294732143
 20
44106.25
 10
40360.24908794643
 20
44203.125
 10
40418.69522857142
 20
44300.0
 10
40477.14136919642
 20
44396.87499999999
 10
40535.58750982142
 20
44493.74999999999
 10
40594.03365044643
 20
44590.62499999999
 10
40652.47979107143
 20
44687.5
 10
40710.92593169643
 20
44784.375
 10
40769.37207232142
 20
44881.25
 10
40827.81821294642
 20
44978.125
 10
40886.26435357142
 20
45075.0
 10
40944.71049419643
 20
45171.875
 10
41003.15663482143
 20
45268.75
 10
41061.60277544643
 20
45365.625
 10
41120.04891607142
 20
45462.5
 10
41178.49505669642
 20
45559.375
 10
41236.94119732142
 20
45656.24999999999
 10
41295.38733794642
 20
45753.12499999999
 10
41353.83347857143
 20
45850.0
 10
41412.27961919643
 20
45946.875
 10
41470.72575982142
 20
46043.75
 10
41529.17190044643
 20
46140.625
 10
41587.61804107142
 20
46237.5
 10
41646.06418169642
 20
46334.375
 10
41704.51032232143
 20
46431.25
 10
41762.95646294643
 20
46528.125
 10
41821.40260357143
 20
46625.0
 10
41879.84874419643
 20
46721.875
 10
41938.29488482142
 20
46818.74999999999
 10
41996.74102544643
 20
46915.62499999999
 10
42055.18716607143
 20
47012.49999999999
 10
42113.63330669643
 20
47109.375
 10
42172.07944732144
 20
47206.25
 10
42230.52558794643
 20
47303.125
 10
42288.97172857142
 20
47400.0
 10
42347.41786919642
 20
47496.875
 10
42405.86400982143
 20
47593.75
 10
42464.31015044643
 20
47690.625
 10
42522.75629107143
 20
47787.5
 10
42581.20243169643
 20
47884.375
 10
42639.64857232142
 20
47981.25
 10
42698.09471294643
 20
48078.12499999999
 10
42756.54085357142
 20
48175.0
 10
42814.98699419643
 20
48271.87499999999
 10
42873.43313482143
 20
48368.75
 10
42931.87927544643
 20
48465.625
 10
42990.32541607142
 20
48562.5
 10
43048.77155669643
 20
48659.375
 10
43107.21769732142
 20
48756.25
 10
43165.66383794643
 20
48853.125
 10
43224.10997857143
 20
48950.0
 10
43282.55611919643
 20
49046.875
 10
43341.00225982142
 20
49143.75
 10
43399.44840044643
 20
49240.625
 10
43457.89454107142
 20
49337.49999999999
 10
43516.34068169643
 20
49434.37499999999
 10
43574.78682232143
 20
49531.25
 10
43633.23296294643
 20
49628.125
 10
43691.67910357143
 20
49725.0
 10
43750.12524419643
 20
49821.875
 10
43808.57138482142
 20
49918.75
 10
43867.01752544643
 20
50015.625
 10
43925.46366607143
 20
50112.5
 10
43983.90980669644
 20
50209.375
 10
44042.35594732143
 20
50306.25
 10
44100.80208794644
 20
50403.125
 10
44159.24822857143
 20
50500.0
  0
TEXT
  5
1C32
330
17
100
AcDbEntity
  8
02_PRESSURE
100
AcDbText
 10
53000.0
 20
52800.0
 30
0.0
 40
270.0
  1
Море: d = 9,4 м
  7
RU
100
AcDbText
  0
TEXT
  5
1C33
330
17
100
AcDbEntity
  8
24_NET
100
AcDbText
 10
53000.0
 20
52300.0
 30
0.0
 40
270.0
  1
Нетто балласта: dB = 5,0 м
  7
RU
100
AcDbText
  0
TEXT
  5
1C34
330
17
100
AcDbEntity
  8
24_NET
100
AcDbText
 10
53000.0
 20
51700.0
 30
0.0
 40
270.0
  1
pнетто(0) = 166,57 кПа
  7
RU
100
AcDbText
  0
CIRCLE
  5
1C55
330
17
100
AcDbEntity
  8
03_MEMBER
100
AcDbCircle
 10
990.1544359344988
 20
6867.116054275481
 30
0.0
 40
656.3931236598651
  0
LINE
  5
1C56
330
17
100
AcDbEntity
  8
03_CENTER
100
AcDbLine
 10
114.9636043880123
 20
6867.116054275481
 30
0.0
 11
1865.345267480985
 21
6867.116054275481
 31
0.0
  0
LINE
  5
1C57
330
17
100
AcDbEntity
  8
03_CENTER
100
AcDbLine
 10
990.1544359344988
 20
5991.925222728994
 30
0.0
 11
990.1544359344988
 21
7742.306885821967
 31
0.0
  0
CIRCLE
  5
1C58
330
17
100
AcDbEntity
  8
03_MEMBER
100
AcDbCircle
 10
980.3088718689977
 20
10234.23210855096
 30
0.0
 40
656.3931236598651
  0
LINE
  5
1C59
330
17
100
AcDbEntity
  8
03_CENTER
100
AcDbLine
 10
105.1180403225112
 20
10234.23210855096
 30
0.0
 11
1855.499703415484
 21
10234.23210855096
 31
0.0
  0
LINE
  5
1C5A
330
17
100
AcDbEntity
  8
03_CENTER
100
AcDbLine
 10
980.3088718689977
 20
9359.041277004475
 30
0.0
 11
980.3088718689977
 21
11109.42294009745
 31
0.0
  0
CIRCLE
  5
1C5B
330
17
100
AcDbEntity
  8
03_MEMBER
100
AcDbCircle
 10
970.4633078034968
 20
13601.34816282644
 30
0.0
 40
656.3931236598651
  0
LINE
  5
1C5C
330
17
100
AcDbEntity
  8
03_CENTER
100
AcDbLine
 10
95.27247625701011
 20
13601.34816282644
 30
0.0
 11
1845.654139349983
 21
13601.34816282644
 31
0.0
  0
LINE
  5
1C5D
330
17
100
AcDbEntity
  8
03_CENTER
100
AcDbLine
 10
970.4633078034968
 20
12726.15733127995
 30
0.0
 11
970.4633078034968
 21
14476.53899437293
 31
0.0
  0
ENDSEC
  0
SECTION
  2
OBJECTS
  0
DICTIONARY
  5
A
330
0
100
AcDbDictionary
281
     1
  3
ACAD_CIP_PREVIOUS_PRODUCT_INFO
350
88C
  3
ACAD_COLOR
350
B
  3
ACAD_DETAILVIEWSTYLE
350
889
  3
ACAD_GROUP
350
C
  3
ACAD_LAST_SAVED_VERSION_INFO
350
88E
  3
ACAD_LAYOUT
350
D
  3
ACAD_MATERIAL
350
E
  3
ACAD_MLEADERSTYLE
350
F
  3
ACAD_MLINESTYLE
350
10
  3
ACAD_PLOTSETTINGS
350
11
  3
ACAD_PLOTSTYLENAME
350
12
  3
ACAD_SCALELIST
350
14
  3
ACAD_SECTIONVIEWSTYLE
350
887
  3
ACAD_TABLESTYLE
350
15
  3
ACAD_VISUALSTYLE
350
16
  3
ACDB_RECOMPOSE_DATA
350
1C6A
  3
AcDbVariableDictionary
350
8DC
  3
AcDsDecomposeData
350
1C70
  3
EZDXF_META
350
2D
  0
DICTIONARY
  5
897
330
8
100
AcDbDictionary
280
     1
281
     1
  0
DICTIONARY
  5
901
330
1
100
AcDbDictionary
280
     1
281
     1
  3
ACAD_LAYERSTATES
360
902
  0
XRECORD
  5
88C
102
{ACAD_REACTORS
330
A
102
}
330
A
100
AcDbXrecord
280
     1
300
ACD
300
2026
300

  0
DICTIONARY
  5
B
330
A
100
AcDbDictionary
281
     1
  0
DICTIONARY
  5
889
102
{ACAD_REACTORS
330
A
102
}
330
A
100
AcDbDictionary
281
     1
  3
Metric50
350
88A
  0
DICTIONARY
  5
C
330
A
100
AcDbDictionary
281
     1
  0
XRECORD
  5
88E
102
{ACAD_REACTORS
330
A
102
}
330
A
100
AcDbXrecord
280
     1
300
{B3E48451-769A-4147-B7FB-01B64832F28C}
301
{22339346-4AB2-584D-BA5F-3AACDE14DED9}
302
{B3E48451-769A-4147-B7FB-01B64832F28C}
303
<LOCAL_USER>\Desktop\过考试\船舶设计优化及船舶结构技术状况控制\outputs\2026-09-24_SAMPLE_荷载修正\SAMPLE_project_24-09.dwg
  0
DICTIONARY
  5
D
330
A
100
AcDbDictionary
281
     1
  3
Layout1
350
A8B
  3
Model
350
1A
  0
DICTIONARY
  5
E
330
A
100
AcDbDictionary
281
     1
  3
ByBlock
350
1F
  3
ByLayer
350
20
  3
Global
350
21
  0
DICTIONARY
  5
F
330
A
100
AcDbDictionary
281
     1
  3
Standard
350
2C
  0
DICTIONARY
  5
10
330
A
100
AcDbDictionary
281
     1
  3
Standard
350
22
  0
DICTIONARY
  5
11
330
A
100
AcDbDictionary
281
     1
  0
ACDBDICTIONARYWDFLT
  5
12
330
A
100
AcDbDictionary
281
     1
  3
Normal
350
13
100
AcDbDictionaryWithDefault
340
13
  0
DICTIONARY
  5
14
330
A
100
AcDbDictionary
281
     1
  3
A0
350
876
  3
A1
350
877
  3
A2
350
878
  3
A3
350
879
  3
A4
350
87A
  3
A5
350
87B
  3
A6
350
87C
  3
A7
350
87D
  3
A8
350
87E
  3
A9
350
87F
  3
B0
350
880
  3
B1
350
881
  3
B2
350
882
  3
B3
350
883
  3
B4
350
884
  3
B5
350
885
  3
B6
350
886
  0
DICTIONARY
  5
887
102
{ACAD_REACTORS
330
A
102
}
330
A
100
AcDbDictionary
281
     1
  3
Metric50
350
888
  0
DICTIONARY
  5
15
330
A
100
AcDbDictionary
281
     1
  3
Standard
350
875
  0
DICTIONARY
  5
16
330
A
100
AcDbDictionary
281
     1
  3
2dWireframe
350
862
  3
Basic
350
861
  3
Brighten
350
868
  3
ColorChange
350
86C
  3
Conceptual
350
865
  3
Dim
350
867
  3
EdgeColorOff
350
874
  3
Facepattern
350
86B
  3
Flat
350
85D
  3
FlatWithEdges
350
85E
  3
Gouraud
350
85F
  3
GouraudWithEdges
350
860
  3
Hidden
350
864
  3
JitterOff
350
872
  3
Linepattern
350
86A
  3
OverhangOff
350
873
  3
Realistic
350
866
  3
Shaded
350
871
  3
Shaded with edges
350
870
  3
Shades of Gray
350
86D
  3
Sketchy
350
86E
  3
Thicken
350
869
  3
Wireframe
350
863
  3
X-Ray
350
86F
  0
XRECORD
  5
1C6A
102
{ACAD_REACTORS
330
A
102
}
330
A
100
AcDbXrecord
280
     1
 90
        1
330
875
  0
DICTIONARY
  5
8DC
102
{ACAD_REACTORS
330
A
102
}
330
A
100
AcDbDictionary
281
     1
  3
CANNOSCALE
350
8E2
  3
CMLEADERSTYLE
350
8DE
  3
CTABLESTYLE
350
8DD
  3
CVIEWDETAILSTYLE
350
8DF
  3
CVIEWSECTIONSTYLE
350
8E0
  3
DGNFRAME
350
8ED
  3
DIMASSOC
350
8EA
  3
HIDETEXT
350
8E8
  3
INDEXCTL
350
8E7
  3
LAYEREVAL
350
8E4
  3
LAYERNOTIFY
350
8E5
  3
LIGHTINGUNITS
350
8E3
  3
MSLTSCALE
350
8E1
  3
SORTENTS
350
8E6
  3
STEPSIZE
350
8EC
  3
STEPSPERSEC
350
8EB
  0
DICTIONARY
  5
1C70
102
{ACAD_REACTORS
330
A
102
}
330
A
100
AcDbDictionary
281
     1
  3
AcDsRecords
350
1C72
  3
AcDsSchemas
350
1C71
1001
ACAD
1070
     2
  0
DICTIONARY
  5
2D
330
A
100
AcDbDictionary
280
     1
281
     1
  3
CREATED_BY_EZDXF
360
2E
  3
WRITTEN_BY_EZDXF
360
856
  0
DICTIONARY
  5
902
102
{ACAD_REACTORS
330
901
102
}
330
901
100
AcDbDictionary
281
     1
  0
ACDBDETAILVIEWSTYLE
  5
88A
102
{ACAD_XDICTIONARY
360
1C75
102
}
102
{ACAD_REACTORS
330
889
102
}
330
889
100
AcDbModelDocViewStyle
 70
     0
  3
Metric50
290
     0
100
AcDbDetailViewStyle
 70
     0
 71
     0
 90
        3
 71
     1
340
29
 62
   256
 40
5.0
340
0
 62
   256
 40
5.0
300

 40
0.0
280
     1
 71
     2
340
26
 90
       25
 62
   256
 71
     3
340
29
 62
   256
 40
5.0
 90
        0
 40
15.0
 90
        1
300
%<\AcVar ViewDetailId>% (%<\AcVar ViewScale \f "%sn">%)
 71
     4
340
26
 90
       25
 62
   256
340
26
 90
       25
 62
   256
280
     0
  0
LAYOUT
  5
A8B
330
D
100
AcDbPlotSettings
  1

  2
Microsoft Print to PDF
  4
A3
  6

 40
7.5
 41
20.0
 42
7.5
 43
20.0
 44
420.0
 45
297.0
 46
0.0
 47
0.0
 48
0.0
 49
0.0
140
0.0
141
0.0
142
1.0
143
1.0
 70
     0
 72
     1
 73
     0
 74
     5
  7

 75
    16
147
1.0
 76
     0
 77
     2
 78
   300
148
0.0
149
0.0
100
AcDbLayout
  1
Layout1
 70
     1
 71
     1
 10
0.0
 20
0.0
 11
420.0
 21
297.0
 12
0.0
 22
0.0
 32
0.0
 14
1.000000000000000E+20
 24
1.000000000000000E+20
 34
1.000000000000000E+20
 15
-1.000000000000000E+20
 25
-1.000000000000000E+20
 35
-1.000000000000000E+20
146
0.0
 13
0.0
 23
0.0
 33
0.0
 16
1.0
 26
0.0
 36
0.0
 17
0.0
 27
1.0
 37
0.0
 76
     0
330
A88
  0
LAYOUT
  5
1A
330
D
100
AcDbPlotSettings
  1

  2
Microsoft Print to PDF
  4
A3
  6

 40
7.5
 41
20.0
 42
7.5
 43
20.0
 44
420.0
 45
297.0
 46
0.0
 47
0.0
 48
0.0
 49
0.0
140
0.0
141
0.0
142
1.0
143
1.0
 70
  1024
 72
     1
 73
     0
 74
     5
  7

 75
    16
147
1.0
 76
     0
 77
     2
 78
   300
148
0.0
149
0.0
100
AcDbLayout
  1
Model
 70
     1
 71
     0
 10
0.0
 20
0.0
 11
420.0
 21
297.0
 12
0.0
 22
0.0
 32
0.0
 14
1.000000000000000E+20
 24
1.000000000000000E+20
 34
1.000000000000000E+20
 15
-1.000000000000000E+20
 25
-1.000000000000000E+20
 35
-1.000000000000000E+20
146
0.0
 13
0.0
 23
0.0
 33
0.0
 16
1.0
 26
0.0
 36
0.0
 17
0.0
 27
1.0
 37
0.0
 76
     1
330
17
331
1C35
  0
MATERIAL
  5
1F
102
{ACAD_REACTORS
330
E
102
}
330
E
100
AcDbMaterial
  1
ByBlock
 71
     1
 91
-1023410177
 73
     1
 78
     1
172
     1
176
     1
270
     1
273
     1
274
     1
 94
       63
  0
MATERIAL
  5
20
102
{ACAD_REACTORS
330
E
102
}
330
E
100
AcDbMaterial
  1
ByLayer
 71
     1
 91
-1023410177
 73
     1
 78
     1
172
     1
176
     1
270
     1
273
     1
274
     1
 94
       63
  0
MATERIAL
  5
21
102
{ACAD_REACTORS
330
E
102
}
330
E
100
AcDbMaterial
  1
Global
 71
     1
 91
-1023410177
 73
     1
 78
     1
172
     1
176
     1
270
     1
273
     1
274
     1
 94
       63
  0
MLEADERSTYLE
  5
2C
102
{ACAD_REACTORS
330
F
102
}
330
F
100
AcDbMLeaderStyle
179
     2
170
     2
171
     1
172
     0
 90
        2
 40
0.0
 41
0.0
173
     1
 91
-1056964608
 92
       -2
290
     1
 42
2.0
291
     1
 43
8.0
  3
Standard
 44
4.0
300

342
29
174
     1
178
     1
175
     1
176
     0
 93
-1056964608
 45
4.0
292
     0
297
     0
 46
4.0
 94
-1056964608
 47
1.0
 49
1.0
140
1.0
293
     1
141
0.0
294
     1
177
     0
142
1.0
295
     0
296
     0
143
3.75
271
     0
272
     9
273
     9
298
     0
  0
MLINESTYLE
  5
22
102
{ACAD_REACTORS
330
10
102
}
330
10
100
AcDbMlineStyle
  2
STANDARD
 70
     0
  3

 62
   256
 51
90.0
 52
90.0
 71
     2
 49
0.5
 62
   256
  6
BYLAYER
 49
-0.5
 62
   256
  6
BYLAYER
  0
ACDBPLACEHOLDER
  5
13
330
12
  0
SCALE
  5
876
102
{ACAD_REACTORS
330
14
102
}
330
14
100
AcDbScale
 70
     0
300
1:1
140
1.0
141
1.0
290
     1
  0
SCALE
  5
877
102
{ACAD_REACTORS
330
14
102
}
330
14
100
AcDbScale
 70
     0
300
1:2
140
1.0
141
2.0
290
     0
  0
SCALE
  5
878
102
{ACAD_REACTORS
330
14
102
}
330
14
100
AcDbScale
 70
     0
300
1:4
140
1.0
141
4.0
290
     0
  0
SCALE
  5
879
102
{ACAD_REACTORS
330
14
102
}
330
14
100
AcDbScale
 70
     0
300
1:5
140
1.0
141
5.0
290
     0
  0
SCALE
  5
87A
102
{ACAD_REACTORS
330
14
102
}
330
14
100
AcDbScale
 70
     0
300
1:8
140
1.0
141
8.0
290
     0
  0
SCALE
  5
87B
102
{ACAD_REACTORS
330
14
102
}
330
14
100
AcDbScale
 70
     0
300
1:10
140
1.0
141
10.0
290
     0
  0
SCALE
  5
87C
102
{ACAD_REACTORS
330
14
102
}
330
14
100
AcDbScale
 70
     0
300
1:16
140
1.0
141
16.0
290
     0
  0
SCALE
  5
87D
102
{ACAD_REACTORS
330
14
102
}
330
14
100
AcDbScale
 70
     0
300
1:20
140
1.0
141
20.0
290
     0
  0
SCALE
  5
87E
102
{ACAD_REACTORS
330
14
102
}
330
14
100
AcDbScale
 70
     0
300
1:30
140
1.0
141
30.0
290
     0
  0
SCALE
  5
87F
102
{ACAD_REACTORS
330
14
102
}
330
14
100
AcDbScale
 70
     0
300
1:40
140
1.0
141
40.0
290
     0
  0
SCALE
  5
880
102
{ACAD_REACTORS
330
14
102
}
330
14
100
AcDbScale
 70
     0
300
1:50
140
1.0
141
50.0
290
     0
  0
SCALE
  5
881
102
{ACAD_REACTORS
330
14
102
}
330
14
100
AcDbScale
 70
     0
300
1:100
140
1.0
141
100.0
290
     0
  0
SCALE
  5
882
102
{ACAD_REACTORS
330
14
102
}
330
14
100
AcDbScale
 70
     0
300
2:1
140
2.0
141
1.0
290
     0
  0
SCALE
  5
883
102
{ACAD_REACTORS
330
14
102
}
330
14
100
AcDbScale
 70
     0
300
4:1
140
4.0
141
1.0
290
     0
  0
SCALE
  5
884
102
{ACAD_REACTORS
330
14
102
}
330
14
100
AcDbScale
 70
     0
300
8:1
140
8.0
141
1.0
290
     0
  0
SCALE
  5
885
102
{ACAD_REACTORS
330
14
102
}
330
14
100
AcDbScale
 70
     0
300
10:1
140
10.0
141
1.0
290
     0
  0
SCALE
  5
886
102
{ACAD_REACTORS
330
14
102
}
330
14
100
AcDbScale
 70
     0
300
100:1
140
100.0
141
1.0
290
     0
  0
ACDBSECTIONVIEWSTYLE
  5
888
102
{ACAD_XDICTIONARY
360
1C73
102
}
102
{ACAD_REACTORS
330
887
102
}
330
887
100
AcDbModelDocViewStyle
 70
     0
  3
Metric50
290
     0
100
AcDbSectionViewStyle
 70
     0
 71
     0
 90
      102
 71
     1
340
29
 62
   256
 40
5.0
340
0
340
0
 62
   256
 40
5.0
300
I, O, Q, S, X, Z
 40
10.0
 90
        0
 40
2.5
 90
        0
 71
     2
340
26
 90
       25
 62
   256
340
26
 90
       50
 62
   256
 40
5.0
 40
2.5
 40
5.0
 71
     3
340
29
 62
   256
 40
5.0
 90
        0
 40
15.0
 90
        1
300
%<\AcVar ViewSectionStartId>%-%<\AcVar ViewSectionEndId>% (%<\AcVar ViewScale \f "%sn">%)
 71
     4
 62
   256
 62
   257
300
ANSI31
 40
1.0
 90
        0
290
     0
290
     0
 90
        6
 40
0.0
 40
1.570796326794896
 40
0.2617993877991494
 40
1.308996938995747
 40
-0.2617993877991494
 40
1.832595714594045
  0
TABLESTYLE
  5
875
102
{ACAD_XDICTIONARY
360
890
102
}
102
{ACAD_REACTORS
330
15
102
}
330
15
100
AcDbTableStyle
280
     0
  3
Standard
 70
     0
 71
     0
 40
1.5
 41
1.5
280
     0
281
     0
  7
Standard
140
4.5
170
     2
 62
     0
 63
     7
283
     0
 90
      512
 91
        0
  1

274
    -2
284
     1
 64
     0
275
    -2
285
     1
 65
     0
276
    -2
286
     1
 66
     0
277
    -2
287
     1
 67
     0
278
    -2
288
     1
 68
     0
279
    -2
289
     1
 69
     0
  7
Standard
140
6.0
170
     5
 62
     0
 63
     7
283
     0
 90
      512
 91
        0
  1

274
    -2
284
     1
 64
     0
275
    -2
285
     1
 65
     0
276
    -2
286
     1
 66
     0
277
    -2
287
     1
 67
     0
278
    -2
288
     1
 68
     0
279
    -2
289
     1
 69
     0
  7
Standard
140
4.5
170
     5
 62
     0
 63
     7
283
     0
 90
      512
 91
        0
  1

274
    -2
284
     1
 64
     0
275
    -2
285
     1
 65
     0
276
    -2
286
     1
 66
     0
277
    -2
287
     1
 67
     0
278
    -2
288
     1
 68
     0
279
    -2
289
     1
 69
     0
  0
VISUALSTYLE
  5
862
102
{ACAD_REACTORS
330
16
102
}
330
16
100
AcDbVisualStyle
  2
2dWireframe
 70
     4
177
     3
291
     0
 70
    58
 90
        0
176
     1
 90
        2
176
     1
 90
        0
176
     1
 90
        0
176
     1
 40
0.6
176
     1
 40
30.0
176
     1
 62
     7
176
     1
 90
        1
176
     1
 90
        4
176
     1
 62
     7
176
     1
 62
   257
176
     1
 90
        1
176
     1
 90
        1
176
     1
 40
1.0
176
     1
 90
        0
176
     1
 62
   257
176
     1
 40
1.0
176
     1
 90
        1
176
     1
 90
        6
176
     1
 90
        2
176
     1
 62
     7
176
     1
 90
        5
176
     1
 90
        0
176
     1
 90
        0
176
     1
290
     0
176
     1
 90
        1
176
     1
 40
0.0
176
     1
 90
        0
176
     1
290
     1
176
     1
290
     1
176
     1
290
     0
176
     1
290
     0
176
     1
290
     0
176
     1
290
     0
176
     1
290
     0
176
     1
290
     0
176
     1
290
     0
176
     1
 90
       50
176
     1
 40
0.0
176
     1
 40
1.0
176
     1
 90
        0
176
     1
 62
    18
176
     1
 90
       50
176
     1
 90
        3
176
     1
 62
     5
420
      255
176
     1
290
     0
176
     1
 90
       50
176
     1
 90
       50
176
     1
 90
       50
176
     1
290
     0
176
     1
 90
       50
176
     1
 62
   256
176
     0
 40
1.0
176
     0
 90
        2
176
     1
  1
strokes_ogs.tif
176
     1
290
     0
176
     1
 40
1.0
176
     1
 40
1.0
176
     1
1001
ACAD
1000
AcDbSavedByObjectVersion
1070
     0
  0
VISUALSTYLE
  5
861
102
{ACAD_REACTORS
330
16
102
}
330
16
100
AcDbVisualStyle
  2
Basic
 70
     7
177
     3
291
     1
 70
    58
 90
        1
176
     1
 90
        0
176
     1
 90
        1
176
     1
 90
        0
176
     1
 40
0.6
176
     1
 40
30.0
176
     1
 62
     7
176
     1
 90
        0
176
     1
 90
        4
176
     1
 62
     7
176
     1
 62
   257
176
     1
 90
        1
176
     1
 90
        1
176
     1
 40
1.0
176
     1
 90
        8
176
     1
 62
     7
176
     1
 40
1.0
176
     1
 90
        1
176
     1
 90
        6
176
     1
 90
        2
176
     1
 62
     7
176
     1
 90
        5
176
     1
 90
        0
176
     1
 90
        0
176
     1
290
     0
176
     1
 90
        1
176
     1
 40
0.0
176
     1
 90
        0
176
     1
290
     0
176
     1
290
     1
176
     1
290
     1
176
     1
290
     0
176
     1
290
     0
176
     1
290
     0
176
     1
290
     0
176
     1
290
     0
176
     1
290
     0
176
     1
 90
       50
176
     1
 40
0.0
176
     1
 40
1.0
176
     1
 90
        0
176
     1
 62
    18
176
     1
 90
       50
176
     1
 90
        3
176
     1
 62
     5
420
      255
176
     1
290
     0
176
     1
 90
       50
176
     1
 90
       50
176
     1
 90
       50
176
     1
290
     0
176
     1
 90
       50
176
     1
 62
   256
176
     0
 40
1.0
176
     0
 90
        2
176
     1
  1
strokes_ogs.tif
176
     1
290
     0
176
     1
 40
1.0
176
     1
 40
1.0
176
     1
1001
ACAD
1000
AcDbSavedByObjectVersion
1070
     0
  0
VISUALSTYLE
  5
868
102
{ACAD_REACTORS
330
16
102
}
330
16
100
AcDbVisualStyle
  2
Brighten
 70
    12
177
     3
291
     1
 70
    58
 90
        2
176
     1
 90
        2
176
     1
 90
        0
176
     1
 90
        0
176
     1
 40
0.6
176
     1
 40
30.0
176
     1
 62
     7
176
     1
 90
        1
176
     1
 90
        4
176
     1
 62
     7
176
     1
 62
   257
176
     1
 90
        1
176
     1
 90
        1
176
     1
 40
1.0
176
     1
 90
        8
176
     1
 62
     7
176
     1
 40
1.0
176
     1
 90
        1
176
     1
 90
        6
176
     1
 90
        2
176
     1
 62
     7
176
     1
 90
        5
176
     1
 90
        0
176
     1
 90
        0
176
     1
290
     0
176
     1
 90
        1
176
     1
 40
50.0
176
     1
 90
        0
176
     1
290
     0
176
     1
290
     1
176
     1
290
     1
176
     1
290
     0
176
     1
290
     0
176
     1
290
     0
176
     1
290
     0
176
     1
290
     0
176
     1
290
     0
176
     1
 90
       50
176
     1
 40
0.0
176
     1
 40
1.0
176
     1
 90
        0
176
     1
 62
    18
176
     1
 90
       50
176
     1
 90
        3
176
     1
 62
     5
420
      255
176
     1
290
     0
176
     1
 90
       50
176
     1
 90
       50
176
     1
 90
       50
176
     1
290
     0
176
     1
 90
       50
176
     1
 62
   256
176
     0
 40
1.0
176
     0
 90
        2
176
     1
  1
strokes_ogs.tif
176
     1
290
     0
176
     1
 40
1.0
176
     1
 40
1.0
176
     1
1001
ACAD
1000
AcDbSavedByObjectVersion
1070
     0
  0
VISUALSTYLE
  5
86C
102
{ACAD_REACTORS
330
16
102
}
330
16
100
AcDbVisualStyle
  2
ColorChange
 70
    16
177
     3
291
     1
 70
    58
 90
        2
176
     1
 90
        2
176
     1
 90
        3
176
     1
 90
        0
176
     1
 40
0.6
176
     1
 40
30.0
176
     1
 62
     8
176
     1
 90
        1
176
     1
 90
        4
176
     1
 62
     7
176
     1
 62
   257
176
     1
 90
        1
176
     1
 90
        1
176
     1
 40
1.0
176
     1
 90
        8
176
     1
 62
     8
176
     1
 40
1.0
176
     1
 90
        1
176
     1
 90
        6
176
     1
 90
        2
176
     1
 62
     7
176
     1
 90
        5
176
     1
 90
        0
176
     1
 90
        0
176
     1
290
     0
176
     1
 90
        1
176
     1
 40
0.0
176
     1
 90
        0
176
     1
290
     0
176
     1
290
     1
176
     1
290
     1
176
     1
290
     0
176
     1
290
     0
176
     1
290
     0
176
     1
290
     0
176
     1
290
     0
176
     1
290
     0
176
     1
 90
       50
176
     1
 40
0.0
176
     1
 40
1.0
176
     1
 90
        0
176
     1
 62
    18
176
     1
 90
       50
176
     1
 90
        3
176
     1
 62
     5
420
      255
176
     1
290
     0
176
     1
 90
       50
176
     1
 90
       50
176
     1
 90
       50
176
     1
290
     0
176
     1
 90
       50
176
     1
 62
   256
176
     0
 40
1.0
176
     0
 90
        2
176
     1
  1
strokes_ogs.tif
176
     1
290
     0
176
     1
 40
1.0
176
     1
 40
1.0
176
     1
1001
ACAD
1000
AcDbSavedByObjectVersion
1070
     0
  0
VISUALSTYLE
  5
865
102
{ACAD_REACTORS
330
16
102
}
330
16
100
AcDbVisualStyle
  2
Conceptual
 70
     9
177
     3
291
     0
 70
    58
 90
        3
176
     1
 90
        2
176
     1
 90
        0
176
     1
 90
        0
176
     1
 40
0.6
176
     1
 40
30.0
176
     1
 62
     7
176
     1
 90
        2
176
     1
 90
        2
176
     1
 62
     7
176
     1
 62
   257
176
     1
 90
        1
176
     1
 90
        1
176
     1
 40
179.0
176
     1
 90
        8
176
     1
 62
     7
176
     1
 40
1.0
176
     1
 90
        1
176
     1
 90
        6
176
     1
 90
        2
176
     1
 62
     7
176
     1
 90
        3
176
     1
 90
        0
176
     1
 90
        0
176
     1
290
     0
176
     1
 90
        1
176
     1
 40
0.0
176
     1
 90
        0
176
     1
290
     0
176
     1
290
     1
176
     1
290
     1
176
     1
290
     0
176
     1
290
     0
176
     1
290
     0
176
     1
290
     0
176
     1
290
     0
176
     1
290
     0
176
     1
 90
       50
176
     1
 40
0.0
176
     1
 40
1.0
176
     1
 90
        0
176
     1
 62
    18
176
     1
 90
       50
176
     1
 90
        3
176
     1
 62
     5
420
      255
176
     1
290
     0
176
     1
 90
       50
176
     1
 90
       50
176
     1
 90
       50
176
     1
290
     0
176
     1
 90
       50
176
     1
 62
   256
176
     0
 40
1.0
176
     0
 90
        2
176
     1
  1
strokes_ogs.tif
176
     1
290
     0
176
     1
 40
1.0
176
     1
 40
1.0
176
     1
1001
ACAD
1000
AcDbSavedByObjectVersion
1070
     0
  0
VISUALSTYLE
  5
867
102
{ACAD_REACTORS
330
16
102
}
330
16
100
AcDbVisualStyle
  2
Dim
 70
    11
177
     3
291
     1
 70
    58
 90
        2
176
     1
 90
        2
176
     1
 90
        0
176
     1
 90
        0
176
     1
 40
0.6
176
     1
 40
30.0
176
     1
 62
     7
176
     1
 90
        1
176
     1
 90
        4
176
     1
 62
     7
176
     1
 62
   257
176
     1
 90
        1
176
     1
 90
        1
176
     1
 40
1.0
176
     1
 90
        8
176
     1
 62
     7
176
     1
 40
1.0
176
     1
 90
        1
176
     1
 90
        6
176
     1
 90
        2
176
     1
 62
     7
176
     1
 90
        5
176
     1
 90
        0
176
     1
 90
        0
176
     1
290
     0
176
     1
 90
        1
176
     1
 40
-50.0
176
     1
 90
        0
176
     1
290
     0
176
     1
290
     1
176
     1
290
     1
176
     1
290
     0
176
     1
290
     0
176
     1
290
     0
176
     1
290
     0
176
     1
290
     0
176
     1
290
     0
176
     1
 90
       50
176
     1
 40
0.0
176
     1
 40
1.0
176
     1
 90
        0
176
     1
 62
    18
176
     1
 90
       50
176
     1
 90
        3
176
     1
 62
     5
420
      255
176
     1
290
     0
176
     1
 90
       50
176
     1
 90
       50
176
     1
 90
       50
176
     1
290
     0
176
     1
 90
       50
176
     1
 62
   256
176
     0
 40
1.0
176
     0
 90
        2
176
     1
  1
strokes_ogs.tif
176
     1
290
     0
176
     1
 40
1.0
176
     1
 40
1.0
176
     1
1001
ACAD
1000
AcDbSavedByObjectVersion
1070
     0
  0
VISUALSTYLE
  5
874
102
{ACAD_REACTORS
330
16
102
}
330
16
100
AcDbVisualStyle
  2
EdgeColorOff
 70
    22
177
     3
291
     1
 70
    58
 90
        2
176
     0
 90
        2
176
     0
 90
        0
176
     0
 90
        0
176
     0
 40
0.6
176
     0
 40
30.0
176
     0
 62
     7
176
     0
 90
        1
176
     0
 90
        4
176
     0
 62
     7
176
     0
 62
   257
176
     0
 90
        1
176
     0
 90
        1
176
     0
 40
1.0
176
     0
 90
        8
176
     2
 62
     7
176
     0
 40
1.0
176
     0
 90
        1
176
     0
 90
        6
176
     0
 90
        2
176
     0
 62
     7
176
     0
 90
        5
176
     0
 90
        0
176
     0
 90
        0
176
     0
290
     0
176
     0
 90
        1
176
     0
 40
0.0
176
     0
 90
        0
176
     0
290
     0
176
     1
290
     1
176
     1
290
     1
176
     1
290
     0
176
     1
290
     0
176
     1
290
     0
176
     1
290
     0
176
     1
290
     0
176
     1
290
     0
176
     1
 90
       50
176
     0
 40
0.0
176
     0
 40
1.0
176
     0
 90
        0
176
     0
 62
    18
176
     0
 90
       50
176
     0
 90
        3
176
     0
 62
     5
420
      255
176
     0
290
     0
176
     1
 90
       50
176
     0
 90
       50
176
     0
 90
       50
176
     0
290
     0
176
     1
 90
       50
176
     0
 62
   256
176
     0
 40
1.0
176
     0
 90
        2
176
     0
  1
strokes_ogs.tif
176
     0
290
     0
176
     1
 40
1.0
176
     0
 40
1.0
176
     0
1001
ACAD
1000
AcDbSavedByObjectVersion
1070
     0
  0
VISUALSTYLE
  5
86B
102
{ACAD_REACTORS
330
16
102
}
330
16
100
AcDbVisualStyle
  2
Facepattern
 70
    15
177
     3
291
     1
 70
    58
 90
        2
176
     1
 90
        2
176
     1
 90
        0
176
     1
 90
        0
176
     1
 40
0.6
176
     1
 40
30.0
176
     1
 62
     7
176
     1
 90
        1
176
     1
 90
        4
176
     1
 62
     7
176
     1
 62
   257
176
     1
 90
        1
176
     1
 90
        1
176
     1
 40
1.0
176
     1
 90
        8
176
     1
 62
     7
176
     1
 40
1.0
176
     1
 90
        1
176
     1
 90
        6
176
     1
 90
        2
176
     1
 62
     7
176
     1
 90
        5
176
     1
 90
        0
176
     1
 90
        0
176
     1
290
     0
176
     1
 90
        1
176
     1
 40
0.0
176
     1
 90
        0
176
     1
290
     0
176
     1
290
     1
176
     1
290
     1
176
     1
290
     0
176
     1
290
     0
176
     1
290
     0
176
     1
290
     0
176
     1
290
     0
176
     1
290
     0
176
     1
 90
       50
176
     1
 40
0.0
176
     1
 40
1.0
176
     1
 90
        0
176
     1
 62
    18
176
     1
 90
       50
176
     1
 90
        3
176
     1
 62
     5
420
      255
176
     1
290
     0
176
     1
 90
       50
176
     1
 90
       50
176
     1
 90
       50
176
     1
290
     0
176
     1
 90
       50
176
     1
 62
   256
176
     0
 40
1.0
176
     0
 90
        2
176
     1
  1
strokes_ogs.tif
176
     1
290
     0
176
     1
 40
1.0
176
     1
 40
1.0
176
     1
1001
ACAD
1000
AcDbSavedByObjectVersion
1070
     0
  0
VISUALSTYLE
  5
85D
102
{ACAD_REACTORS
330
16
102
}
330
16
100
AcDbVisualStyle
  2
Flat
 70
     0
177
     3
291
     1
 70
    58
 90
        2
176
     1
 90
        1
176
     1
 90
        1
176
     1
 90
        2
176
     1
 40
0.6
176
     1
 40
30.0
176
     1
 62
     7
176
     1
 90
        0
176
     1
 90
        0
176
     1
 62
     7
176
     1
 62
   257
176
     1
 90
        1
176
     1
 90
        1
176
     1
 40
1.0
176
     1
 90
        8
176
     1
 62
     7
176
     1
 40
1.0
176
     1
 90
        1
176
     1
 90
        6
176
     1
 90
        2
176
     1
 62
     7
176
     1
 90
        5
176
     1
 90
        0
176
     1
 90
        0
176
     1
290
     0
176
     1
 90
       13
176
     1
 40
0.0
176
     1
 90
        0
176
     1
290
     0
176
     1
290
     1
176
     1
290
     1
176
     1
290
     0
176
     1
290
     0
176
     1
290
     0
176
     1
290
     0
176
     1
290
     0
176
     1
290
     0
176
     1
 90
       50
176
     1
 40
0.0
176
     1
 40
1.0
176
     1
 90
        0
176
     1
 62
    18
176
     1
 90
       50
176
     1
 90
        3
176
     1
 62
     5
420
      255
176
     1
290
     0
176
     1
 90
       50
176
     1
 90
       50
176
     1
 90
       50
176
     1
290
     0
176
     1
 90
       50
176
     1
 62
   256
176
     0
 40
1.0
176
     0
 90
        2
176
     1
  1
strokes_ogs.tif
176
     1
290
     0
176
     1
 40
1.0
176
     1
 40
1.0
176
     1
1001
ACAD
1000
AcDbSavedByObjectVersion
1070
     0
  0
VISUALSTYLE
  5
85E
102
{ACAD_REACTORS
330
16
102
}
330
16
100
AcDbVisualStyle
  2
FlatWithEdges
 70
     1
177
     3
291
     1
 70
    58
 90
        2
176
     1
 90
        1
176
     1
 90
        1
176
     1
 90
        2
176
     1
 40
0.6
176
     1
 40
30.0
176
     1
 62
     7
176
     1
 90
        1
176
     1
 90
        0
176
     1
 62
     7
176
     1
 62
   257
176
     1
 90
        1
176
     1
 90
        1
176
     1
 40
1.0
176
     1
 90
        0
176
     1
 62
   257
176
     1
 40
1.0
176
     1
 90
        1
176
     1
 90
        6
176
     1
 90
        2
176
     1
 62
     7
176
     1
 90
        5
176
     1
 90
        0
176
     1
 90
        0
176
     1
290
     0
176
     1
 90
       13
176
     1
 40
0.0
176
     1
 90
        0
176
     1
290
     0
176
     1
290
     1
176
     1
290
     1
176
     1
290
     0
176
     1
290
     0
176
     1
290
     0
176
     1
290
     0
176
     1
290
     0
176
     1
290
     0
176
     1
 90
       50
176
     1
 40
0.0
176
     1
 40
1.0
176
     1
 90
        0
176
     1
 62
    18
176
     1
 90
       50
176
     1
 90
        3
176
     1
 62
     5
420
      255
176
     1
290
     0
176
     1
 90
       50
176
     1
 90
       50
176
     1
 90
       50
176
     1
290
     0
176
     1
 90
       50
176
     1
 62
   256
176
     0
 40
1.0
176
     0
 90
        2
176
     1
  1
strokes_ogs.tif
176
     1
290
     0
176
     1
 40
1.0
176
     1
 40
1.0
176
     1
1001
ACAD
1000
AcDbSavedByObjectVersion
1070
     0
  0
VISUALSTYLE
  5
85F
102
{ACAD_REACTORS
330
16
102
}
330
16
100
AcDbVisualStyle
  2
Gouraud
 70
     2
177
     3
291
     1
 70
    58
 90
        2
176
     1
 90
        2
176
     1
 90
        1
176
     1
 90
        2
176
     1
 40
0.6
176
     1
 40
30.0
176
     1
 62
     7
176
     1
 90
        0
176
     1
 90
        0
176
     1
 62
     7
176
     1
 62
   257
176
     1
 90
        1
176
     1
 90
        1
176
     1
 40
1.0
176
     1
 90
        0
176
     1
 62
     7
176
     1
 40
1.0
176
     1
 90
        1
176
     1
 90
        6
176
     1
 90
        2
176
     1
 62
     7
176
     1
 90
        5
176
     1
 90
        0
176
     1
 90
        0
176
     1
290
     0
176
     1
 90
       13
176
     1
 40
0.0
176
     1
 90
        0
176
     1
290
     0
176
     1
290
     1
176
     1
290
     1
176
     1
290
     0
176
     1
290
     0
176
     1
290
     0
176
     1
290
     0
176
     1
290
     0
176
     1
290
     0
176
     1
 90
       50
176
     1
 40
0.0
176
     1
 40
1.0
176
     1
 90
        0
176
     1
 62
    18
176
     1
 90
       50
176
     1
 90
        3
176
     1
 62
     5
420
      255
176
     1
290
     0
176
     1
 90
       50
176
     1
 90
       50
176
     1
 90
       50
176
     1
290
     0
176
     1
 90
       50
176
     1
 62
   256
176
     0
 40
1.0
176
     0
 90
        2
176
     1
  1
strokes_ogs.tif
176
     1
290
     0
176
     1
 40
1.0
176
     1
 40
1.0
176
     1
1001
ACAD
1000
AcDbSavedByObjectVersion
1070
     0
  0
VISUALSTYLE
  5
860
102
{ACAD_REACTORS
330
16
102
}
330
16
100
AcDbVisualStyle
  2
GouraudWithEdges
 70
     3
177
     3
291
     1
 70
    58
 90
        2
176
     1
 90
        2
176
     1
 90
        1
176
     1
 90
        2
176
     1
 40
0.6
176
     1
 40
30.0
176
     1
 62
     7
176
     1
 90
        1
176
     1
 90
        0
176
     1
 62
     7
176
     1
 62
   257
176
     1
 90
        1
176
     1
 90
        1
176
     1
 40
1.0
176
     1
 90
        0
176
     1
 62
   257
176
     1
 40
1.0
176
     1
 90
        1
176
     1
 90
        6
176
     1
 90
        2
176
     1
 62
     7
176
     1
 90
        5
176
     1
 90
        0
176
     1
 90
        0
176
     1
290
     0
176
     1
 90
       13
176
     1
 40
0.0
176
     1
 90
        0
176
     1
290
     0
176
     1
290
     1
176
     1
290
     1
176
     1
290
     0
176
     1
290
     0
176
     1
290
     0
176
     1
290
     0
176
     1
290
     0
176
     1
290
     0
176
     1
 90
       50
176
     1
 40
0.0
176
     1
 40
1.0
176
     1
 90
        0
176
     1
 62
    18
176
     1
 90
       50
176
     1
 90
        3
176
     1
 62
     5
420
      255
176
     1
290
     0
176
     1
 90
       50
176
     1
 90
       50
176
     1
 90
       50
176
     1
290
     0
176
     1
 90
       50
176
     1
 62
   256
176
     0
 40
1.0
176
     0
 90
        2
176
     1
  1
strokes_ogs.tif
176
     1
290
     0
176
     1
 40
1.0
176
     1
 40
1.0
176
     1
1001
ACAD
1000
AcDbSavedByObjectVersion
1070
     0
  0
VISUALSTYLE
  5
864
102
{ACAD_REACTORS
330
16
102
}
330
16
100
AcDbVisualStyle
  2
Hidden
 70
     6
177
     3
291
     0
 70
    58
 90
        1
176
     1
 90
        2
176
     1
 90
        2
176
     1
 90
        0
176
     1
 40
0.6
176
     1
 40
30.0
176
     1
 62
     7
176
     1
 90
        2
176
     1
 90
        2
176
     1
 62
     7
176
     1
 62
   257
176
     1
 90
        2
176
     1
 90
        1
176
     1
 40
40.0
176
     1
 90
        0
176
     1
 62
   257
176
     1
 40
1.0
176
     1
 90
        1
176
     1
 90
        6
176
     1
 90
        2
176
     1
 62
     7
176
     1
 90
        3
176
     1
 90
        0
176
     1
 90
        0
176
     1
290
     0
176
     1
 90
        1
176
     1
 40
0.0
176
     1
 90
        0
176
     1
290
     0
176
     1
290
     1
176
     1
290
     1
176
     1
290
     0
176
     1
290
     0
176
     1
290
     0
176
     1
290
     0
176
     1
290
     0
176
     1
290
     0
176
     1
 90
       50
176
     1
 40
0.0
176
     1
 40
1.0
176
     1
 90
        0
176
     1
 62
    18
176
     1
 90
       50
176
     1
 90
        3
176
     1
 62
     5
420
      255
176
     1
290
     0
176
     1
 90
       50
176
     1
 90
       50
176
     1
 90
       50
176
     1
290
     0
176
     1
 90
       50
176
     1
 62
   256
176
     0
 40
1.0
176
     0
 90
        2
176
     1
  1
strokes_ogs.tif
176
     1
290
     0
176
     1
 40
1.0
176
     1
 40
1.0
176
     1
1001
ACAD
1000
AcDbSavedByObjectVersion
1070
     0
  0
VISUALSTYLE
  5
872
102
{ACAD_REACTORS
330
16
102
}
330
16
100
AcDbVisualStyle
  2
JitterOff
 70
    20
177
     3
291
     1
 70
    58
 90
        2
176
     0
 90
        2
176
     0
 90
        0
176
     0
 90
        0
176
     0
 40
0.6
176
     0
 40
30.0
176
     0
 62
     7
176
     0
 90
        1
176
     0
 90
        4
176
     0
 62
     7
176
     0
 62
   257
176
     0
 90
        1
176
     0
 90
        1
176
     0
 40
1.0
176
     0
 90
       10
176
     2
 62
     7
176
     0
 40
1.0
176
     0
 90
        1
176
     0
 90
        6
176
     0
 90
        2
176
     0
 62
     7
176
     0
 90
        5
176
     0
 90
        0
176
     0
 90
        0
176
     0
290
     0
176
     0
 90
        1
176
     0
 40
0.0
176
     0
 90
        0
176
     0
290
     0
176
     1
290
     1
176
     1
290
     1
176
     1
290
     0
176
     1
290
     0
176
     1
290
     0
176
     1
290
     0
176
     1
290
     0
176
     1
290
     0
176
     1
 90
       50
176
     0
 40
0.0
176
     0
 40
1.0
176
     0
 90
        0
176
     0
 62
    18
176
     0
 90
       50
176
     0
 90
        3
176
     0
 62
     5
420
      255
176
     0
290
     0
176
     1
 90
       50
176
     0
 90
       50
176
     0
 90
       50
176
     0
290
     0
176
     1
 90
       50
176
     0
 62
   256
176
     0
 40
1.0
176
     0
 90
        2
176
     0
  1
strokes_ogs.tif
176
     0
290
     0
176
     1
 40
1.0
176
     0
 40
1.0
176
     0
1001
ACAD
1000
AcDbSavedByObjectVersion
1070
     0
  0
VISUALSTYLE
  5
86A
102
{ACAD_REACTORS
330
16
102
}
330
16
100
AcDbVisualStyle
  2
Linepattern
 70
    14
177
     3
291
     1
 70
    58
 90
        2
176
     1
 90
        2
176
     1
 90
        0
176
     1
 90
        0
176
     1
 40
0.6
176
     1
 40
30.0
176
     1
 62
     7
176
     1
 90
        1
176
     1
 90
        4
176
     1
 62
     7
176
     1
 62
   257
176
     1
 90
        7
176
     1
 90
        7
176
     1
 40
1.0
176
     1
 90
        8
176
     1
 62
     7
176
     1
 40
1.0
176
     1
 90
        1
176
     1
 90
        6
176
     1
 90
        2
176
     1
 62
     7
176
     1
 90
        5
176
     1
 90
        0
176
     1
 90
        0
176
     1
290
     0
176
     1
 90
        1
176
     1
 40
0.0
176
     1
 90
        0
176
     1
290
     0
176
     1
290
     1
176
     1
290
     1
176
     1
290
     0
176
     1
290
     0
176
     1
290
     0
176
     1
290
     0
176
     1
290
     0
176
     1
290
     0
176
     1
 90
       50
176
     1
 40
0.0
176
     1
 40
1.0
176
     1
 90
        0
176
     1
 62
    18
176
     1
 90
       50
176
     1
 90
        3
176
     1
 62
     5
420
      255
176
     1
290
     0
176
     1
 90
       50
176
     1
 90
       50
176
     1
 90
       50
176
     1
290
     0
176
     1
 90
       50
176
     1
 62
   256
176
     0
 40
1.0
176
     0
 90
        2
176
     1
  1
strokes_ogs.tif
176
     1
290
     0
176
     1
 40
1.0
176
     1
 40
1.0
176
     1
1001
ACAD
1000
AcDbSavedByObjectVersion
1070
     0
  0
VISUALSTYLE
  5
873
102
{ACAD_REACTORS
330
16
102
}
330
16
100
AcDbVisualStyle
  2
OverhangOff
 70
    21
177
     3
291
     1
 70
    58
 90
        2
176
     0
 90
        2
176
     0
 90
        0
176
     0
 90
        0
176
     0
 40
0.6
176
     0
 40
30.0
176
     0
 62
     7
176
     0
 90
        1
176
     0
 90
        4
176
     0
 62
     7
176
     0
 62
   257
176
     0
 90
        1
176
     0
 90
        1
176
     0
 40
1.0
176
     0
 90
        9
176
     2
 62
     7
176
     0
 40
1.0
176
     0
 90
        1
176
     0
 90
        6
176
     0
 90
        2
176
     0
 62
     7
176
     0
 90
        5
176
     0
 90
        0
176
     0
 90
        0
176
     0
290
     0
176
     0
 90
        1
176
     0
 40
0.0
176
     0
 90
        0
176
     0
290
     0
176
     1
290
     1
176
     1
290
     1
176
     1
290
     0
176
     1
290
     0
176
     1
290
     0
176
     1
290
     0
176
     1
290
     0
176
     1
290
     0
176
     1
 90
       50
176
     0
 40
0.0
176
     0
 40
1.0
176
     0
 90
        0
176
     0
 62
    18
176
     0
 90
       50
176
     0
 90
        3
176
     0
 62
     5
420
      255
176
     0
290
     0
176
     1
 90
       50
176
     0
 90
       50
176
     0
 90
       50
176
     0
290
     0
176
     1
 90
       50
176
     0
 62
   256
176
     0
 40
1.0
176
     0
 90
        2
176
     0
  1
strokes_ogs.tif
176
     0
290
     0
176
     1
 40
1.0
176
     0
 40
1.0
176
     0
1001
ACAD
1000
AcDbSavedByObjectVersion
1070
     0
  0
VISUALSTYLE
  5
866
102
{ACAD_REACTORS
330
16
102
}
330
16
100
AcDbVisualStyle
  2
Realistic
 70
     8
177
     3
291
     0
 70
    58
 90
        2
176
     1
 90
        2
176
     1
 90
        0
176
     1
 90
        2
176
     1
 40
0.6
176
     1
 40
30.0
176
     1
 62
     7
176
     1
 90
        0
176
     1
 90
        0
176
     1
 62
     7
176
     1
 62
   257
176
     1
 90
        1
176
     1
 90
        1
176
     1
 40
1.0
176
     1
 90
        8
176
     1
 62
   257
176
     1
 40
1.0
176
     1
 90
        1
176
     1
 90
        6
176
     1
 90
        2
176
     1
 62
     7
176
     1
 90
        3
176
     1
 90
        0
176
     1
 90
        0
176
     1
290
     0
176
     1
 90
       13
176
     1
 40
0.0
176
     1
 90
        0
176
     1
290
     0
176
     1
290
     1
176
     1
290
     1
176
     1
290
     0
176
     1
290
     0
176
     1
290
     0
176
     1
290
     0
176
     1
290
     0
176
     1
290
     0
176
     1
 90
       50
176
     1
 40
0.0
176
     1
 40
1.0
176
     1
 90
        0
176
     1
 62
    18
176
     1
 90
       50
176
     1
 90
        3
176
     1
 62
     5
420
      255
176
     1
290
     0
176
     1
 90
       50
176
     1
 90
       50
176
     1
 90
       50
176
     1
290
     0
176
     1
 90
       50
176
     1
 62
   256
176
     0
 40
1.0
176
     0
 90
        2
176
     1
  1
strokes_ogs.tif
176
     1
290
     0
176
     1
 40
1.0
176
     1
 40
1.0
176
     1
1001
ACAD
1000
AcDbSavedByObjectVersion
1070
     0
  0
VISUALSTYLE
  5
871
102
{ACAD_REACTORS
330
16
102
}
330
16
100
AcDbVisualStyle
  2
Shaded
 70
    27
177
     3
291
     0
 70
    58
 90
        2
176
     1
 90
        2
176
     1
 90
        1
176
     1
 90
        2
176
     1
 40
0.6
176
     1
 40
30.0
176
     1
 62
     7
176
     1
 90
        0
176
     1
 90
        4
176
     1
 62
     7
176
     1
 62
   257
176
     1
 90
        1
176
     1
 90
        1
176
     1
 40
1.0
176
     1
 90
        8
176
     1
 62
   257
176
     1
 40
1.0
176
     1
 90
        1
176
     1
 90
        6
176
     1
 90
        2
176
     1
 62
     8
176
     1
 90
        3
176
     1
 90
        0
176
     1
 90
        0
176
     1
290
     0
176
     1
 90
        5
176
     1
 40
0.0
176
     1
 90
        0
176
     1
290
     0
176
     1
290
     1
176
     1
290
     1
176
     1
290
     0
176
     1
290
     0
176
     1
290
     0
176
     1
290
     0
176
     1
290
     0
176
     1
290
     0
176
     1
 90
       50
176
     1
 40
0.0
176
     1
 40
1.0
176
     1
 90
        0
176
     1
 62
    18
176
     1
 90
       50
176
     1
 90
        3
176
     1
 62
     5
420
      255
176
     1
290
     0
176
     1
 90
       50
176
     1
 90
       50
176
     1
 90
       50
176
     1
290
     0
176
     1
 90
       50
176
     1
 62
   256
176
     0
 40
1.0
176
     0
 90
        2
176
     1
  1
strokes_ogs.tif
176
     1
290
     0
176
     1
 40
1.0
176
     1
 40
1.0
176
     1
1001
ACAD
1000
AcDbSavedByObjectVersion
1070
     0
  0
VISUALSTYLE
  5
870
102
{ACAD_REACTORS
330
16
102
}
330
16
100
AcDbVisualStyle
  2
Shaded with edges
 70
    26
177
     3
291
     0
 70
    58
 90
        2
176
     1
 90
        2
176
     1
 90
        1
176
     1
 90
        2
176
     1
 40
0.6
176
     1
 40
30.0
176
     1
 62
     7
176
     1
 90
        1
176
     1
 90
        2
176
     1
 62
     7
176
     1
 62
   257
176
     1
 90
        2
176
     1
 90
        1
176
     1
 40
1.0
176
     1
 90
        8
176
     1
 62
   257
176
     1
 40
1.0
176
     1
 90
        1
176
     1
 90
        6
176
     1
 90
        2
176
     1
 62
     7
176
     1
 90
        3
176
     1
 90
        0
176
     1
 90
        0
176
     1
290
     0
176
     1
 90
        5
176
     1
 40
0.0
176
     1
 90
        0
176
     1
290
     0
176
     1
290
     1
176
     1
290
     1
176
     1
290
     0
176
     1
290
     0
176
     1
290
     0
176
     1
290
     0
176
     1
290
     0
176
     1
290
     0
176
     1
 90
       50
176
     1
 40
0.0
176
     1
 40
1.0
176
     1
 90
        0
176
     1
 62
    18
176
     1
 90
       50
176
     1
 90
        3
176
     1
 62
     5
420
      255
176
     1
290
     0
176
     1
 90
       50
176
     1
 90
       50
176
     1
 90
       50
176
     1
290
     0
176
     1
 90
       50
176
     1
 62
   256
176
     0
 40
1.0
176
     0
 90
        2
176
     1
  1
strokes_ogs.tif
176
     1
290
     0
176
     1
 40
1.0
176
     1
 40
1.0
176
     1
1001
ACAD
1000
AcDbSavedByObjectVersion
1070
     0
  0
VISUALSTYLE
  5
86D
102
{ACAD_REACTORS
330
16
102
}
330
16
100
AcDbVisualStyle
  2
Shades of Gray
 70
    23
177
     3
291
     0
 70
    58
 90
        2
176
     1
 90
        2
176
     1
 90
        3
176
     1
 90
        0
176
     1
 40
0.6
176
     1
 40
30.0
176
     1
 62
     7
176
     1
 90
        2
176
     1
 90
        2
176
     1
 62
     7
176
     1
 62
     7
176
     1
 90
        1
176
     1
 90
        1
176
     1
 40
40.0
176
     1
 90
        8
176
     1
 62
     7
176
     1
 40
1.0
176
     1
 90
        1
176
     1
 90
        6
176
     1
 90
        2
176
     1
 62
     7
176
     1
 90
        3
176
     1
 90
        0
176
     1
 90
        0
176
     1
290
     0
176
     1
 90
        1
176
     1
 40
0.0
176
     1
 90
        0
176
     1
290
     0
176
     1
290
     1
176
     1
290
     1
176
     1
290
     0
176
     1
290
     0
176
     1
290
     0
176
     1
290
     0
176
     1
290
     0
176
     1
290
     0
176
     1
 90
       50
176
     1
 40
0.0
176
     1
 40
1.0
176
     1
 90
        0
176
     1
 62
    18
176
     1
 90
       50
176
     1
 90
        3
176
     1
 62
     5
420
      255
176
     1
290
     0
176
     1
 90
       50
176
     1
 90
       50
176
     1
 90
       50
176
     1
290
     0
176
     1
 90
       50
176
     1
 62
   256
176
     0
 40
1.0
176
     0
 90
        2
176
     1
  1
strokes_ogs.tif
176
     1
290
     0
176
     1
 40
1.0
176
     1
 40
1.0
176
     1
1001
ACAD
1000
AcDbSavedByObjectVersion
1070
     0
  0
VISUALSTYLE
  5
86E
102
{ACAD_REACTORS
330
16
102
}
330
16
100
AcDbVisualStyle
  2
Sketchy
 70
    24
177
     3
291
     0
 70
    58
 90
        1
176
     1
 90
        2
176
     1
 90
        2
176
     1
 90
        0
176
     1
 40
0.6
176
     1
 40
30.0
176
     1
 62
     7
176
     1
 90
        2
176
     1
 90
        2
176
     1
 62
     7
176
     1
 62
     7
176
     1
 90
        1
176
     1
 90
        1
176
     1
 40
40.0
176
     1
 90
       11
176
     1
 62
     7
176
     1
 40
1.0
176
     1
 90
        1
176
     1
 90
        6
176
     1
 90
        2
176
     1
 62
     7
176
     1
 90
        6
176
     1
 90
        0
176
     1
 90
        0
176
     1
290
     0
176
     1
 90
        1
176
     1
 40
0.0
176
     1
 90
        0
176
     1
290
     0
176
     1
290
     1
176
     1
290
     1
176
     1
290
     0
176
     1
290
     0
176
     1
290
     0
176
     1
290
     0
176
     1
290
     0
176
     1
290
     0
176
     1
 90
       50
176
     1
 40
0.0
176
     1
 40
1.0
176
     1
 90
        0
176
     1
 62
    18
176
     1
 90
       50
176
     1
 90
        3
176
     1
 62
     5
420
      255
176
     1
290
     0
176
     1
 90
       50
176
     1
 90
       50
176
     1
 90
       50
176
     1
290
     0
176
     1
 90
       50
176
     1
 62
   256
176
     0
 40
1.0
176
     0
 90
        2
176
     1
  1
strokes_ogs.tif
176
     1
290
     0
176
     1
 40
1.0
176
     1
 40
1.0
176
     1
1001
ACAD
1000
AcDbSavedByObjectVersion
1070
     0
  0
VISUALSTYLE
  5
869
102
{ACAD_REACTORS
330
16
102
}
330
16
100
AcDbVisualStyle
  2
Thicken
 70
    13
177
     3
291
     1
 70
    58
 90
        2
176
     1
 90
        2
176
     1
 90
        0
176
     1
 90
        0
176
     1
 40
0.6
176
     1
 40
30.0
176
     1
 62
     7
176
     1
 90
        1
176
     1
 90
        4
176
     1
 62
     7
176
     1
 62
   257
176
     1
 90
        1
176
     1
 90
        1
176
     1
 40
1.0
176
     1
 90
       12
176
     1
 62
     7
176
     1
 40
1.0
176
     1
 90
        1
176
     1
 90
        6
176
     1
 90
        2
176
     1
 62
     7
176
     1
 90
        5
176
     1
 90
        0
176
     1
 90
        0
176
     1
290
     0
176
     1
 90
        1
176
     1
 40
0.0
176
     1
 90
        0
176
     1
290
     0
176
     1
290
     1
176
     1
290
     1
176
     1
290
     0
176
     1
290
     0
176
     1
290
     0
176
     1
290
     0
176
     1
290
     0
176
     1
290
     0
176
     1
 90
       50
176
     1
 40
0.0
176
     1
 40
1.0
176
     1
 90
        0
176
     1
 62
    18
176
     1
 90
       50
176
     1
 90
        3
176
     1
 62
     5
420
      255
176
     1
290
     0
176
     1
 90
       50
176
     1
 90
       50
176
     1
 90
       50
176
     1
290
     0
176
     1
 90
       50
176
     1
 62
   256
176
     0
 40
1.0
176
     0
 90
        2
176
     1
  1
strokes_ogs.tif
176
     1
290
     0
176
     1
 40
1.0
176
     1
 40
1.0
176
     1
1001
ACAD
1000
AcDbSavedByObjectVersion
1070
     0
  0
VISUALSTYLE
  5
863
102
{ACAD_REACTORS
330
16
102
}
330
16
100
AcDbVisualStyle
  2
Wireframe
 70
     5
177
     3
291
     0
 70
    58
 90
        0
176
     1
 90
        2
176
     1
 90
        0
176
     1
 90
        0
176
     1
 40
0.6
176
     1
 40
30.0
176
     1
 62
     7
176
     1
 90
        1
176
     1
 90
        4
176
     1
 62
     7
176
     1
 62
   257
176
     1
 90
        1
176
     1
 90
        1
176
     1
 40
1.0
176
     1
 90
        0
176
     1
 62
   257
176
     1
 40
1.0
176
     1
 90
        1
176
     1
 90
        6
176
     1
 90
        2
176
     1
 62
     7
176
     1
 90
        3
176
     1
 90
        0
176
     1
 90
        0
176
     1
290
     0
176
     1
 90
        1
176
     1
 40
0.0
176
     1
 90
        0
176
     1
290
     0
176
     1
290
     1
176
     1
290
     1
176
     1
290
     0
176
     1
290
     0
176
     1
290
     0
176
     1
290
     0
176
     1
290
     0
176
     1
290
     0
176
     1
 90
       50
176
     1
 40
0.0
176
     1
 40
1.0
176
     1
 90
        0
176
     1
 62
    18
176
     1
 90
       50
176
     1
 90
        3
176
     1
 62
     5
420
      255
176
     1
290
     0
176
     1
 90
       50
176
     1
 90
       50
176
     1
 90
       50
176
     1
290
     0
176
     1
 90
       50
176
     1
 62
   256
176
     0
 40
1.0
176
     0
 90
        2
176
     1
  1
strokes_ogs.tif
176
     1
290
     0
176
     1
 40
1.0
176
     1
 40
1.0
176
     1
1001
ACAD
1000
AcDbSavedByObjectVersion
1070
     0
  0
VISUALSTYLE
  5
86F
102
{ACAD_REACTORS
330
16
102
}
330
16
100
AcDbVisualStyle
  2
X-Ray
 70
    25
177
     3
291
     0
 70
    58
 90
        2
176
     1
 90
        2
176
     1
 90
        1
176
     1
 90
        1
176
     1
 40
0.5
176
     1
 40
30.0
176
     1
 62
     7
176
     1
 90
        1
176
     1
 90
        0
176
     1
 62
     7
176
     1
 62
   257
176
     1
 90
        1
176
     1
 90
        1
176
     1
 40
1.0
176
     1
 90
        8
176
     1
 62
     7
176
     1
 40
1.0
176
     1
 90
        1
176
     1
 90
        6
176
     1
 90
        2
176
     1
 62
     7
176
     1
 90
        3
176
     1
 90
        0
176
     1
 90
        0
176
     1
290
     0
176
     1
 90
       13
176
     1
 40
0.0
176
     1
 90
        0
176
     1
290
     0
176
     1
290
     1
176
     1
290
     1
176
     1
290
     0
176
     1
290
     0
176
     1
290
     0
176
     1
290
     0
176
     1
290
     0
176
     1
290
     0
176
     1
 90
       50
176
     1
 40
0.0
176
     1
 40
1.0
176
     1
 90
        0
176
     1
 62
    18
176
     1
 90
       50
176
     1
 90
        3
176
     1
 62
     5
420
      255
176
     1
290
     0
176
     1
 90
       50
176
     1
 90
       50
176
     1
 90
       50
176
     1
290
     0
176
     1
 90
       50
176
     1
 62
   256
176
     0
 40
1.0
176
     0
 90
        2
176
     1
  1
strokes_ogs.tif
176
     1
290
     0
176
     1
 40
1.0
176
     1
 40
1.0
176
     1
1001
ACAD
1000
AcDbSavedByObjectVersion
1070
     0
  0
DICTIONARYVAR
  5
8E2
102
{ACAD_REACTORS
330
8DC
102
}
330
8DC
100
DictionaryVariables
280
     0
  1
1:1
  0
DICTIONARYVAR
  5
8DE
102
{ACAD_REACTORS
330
8DC
102
}
330
8DC
100
DictionaryVariables
280
     0
  1
STANDARD
  0
DICTIONARYVAR
  5
8DD
102
{ACAD_REACTORS
330
8DC
102
}
330
8DC
100
DictionaryVariables
280
     0
  1
STANDARD
  0
DICTIONARYVAR
  5
8DF
102
{ACAD_REACTORS
330
8DC
102
}
330
8DC
100
DictionaryVariables
280
     0
  1
Metric50
  0
DICTIONARYVAR
  5
8E0
102
{ACAD_REACTORS
330
8DC
102
}
330
8DC
100
DictionaryVariables
280
     0
  1
Metric50
  0
DICTIONARYVAR
  5
8ED
102
{ACAD_REACTORS
330
8DC
102
}
330
8DC
100
DictionaryVariables
280
     0
  1
2
  0
DICTIONARYVAR
  5
8EA
102
{ACAD_REACTORS
330
8DC
102
}
330
8DC
100
DictionaryVariables
280
     0
  1
2
  0
DICTIONARYVAR
  5
8E8
102
{ACAD_REACTORS
330
8DC
102
}
330
8DC
100
DictionaryVariables
280
     0
  1
1
  0
DICTIONARYVAR
  5
8E7
102
{ACAD_REACTORS
330
8DC
102
}
330
8DC
100
DictionaryVariables
280
     0
  1
0
  0
DICTIONARYVAR
  5
8E4
102
{ACAD_REACTORS
330
8DC
102
}
330
8DC
100
DictionaryVariables
280
     0
  1
0
  0
DICTIONARYVAR
  5
8E5
102
{ACAD_REACTORS
330
8DC
102
}
330
8DC
100
DictionaryVariables
280
     0
  1
0
  0
DICTIONARYVAR
  5
8E3
102
{ACAD_REACTORS
330
8DC
102
}
330
8DC
100
DictionaryVariables
280
     0
  1
2
  0
DICTIONARYVAR
  5
8E1
102
{ACAD_REACTORS
330
8DC
102
}
330
8DC
100
DictionaryVariables
280
     0
  1
1
  0
DICTIONARYVAR
  5
8E6
102
{ACAD_REACTORS
330
8DC
102
}
330
8DC
100
DictionaryVariables
280
     0
  1
127
  0
DICTIONARYVAR
  5
8EC
102
{ACAD_REACTORS
330
8DC
102
}
330
8DC
100
DictionaryVariables
280
     0
  1
100.000000
  0
DICTIONARYVAR
  5
8EB
102
{ACAD_REACTORS
330
8DC
102
}
330
8DC
100
DictionaryVariables
280
     0
  1
24.000000
  0
DICTIONARY
  5
1C72
102
{ACAD_REACTORS
330
1C70
102
}
330
1C70
100
AcDbDictionary
281
     1
  0
DICTIONARY
  5
1C71
102
{ACAD_REACTORS
330
1C70
102
}
330
1C70
100
AcDbDictionary
281
     1
  3
2539097347376
350
1C6B
  3
2539097347392
350
1C6C
  3
2539097347408
350
1C6D
  3
2539097347424
350
1C6E
  3
2539097347440
350
1C6F
  0
DICTIONARYVAR
  5
2E
330
2D
100
DictionaryVariables
280
     0
  1
1.4.4 @ 2026-09-20T07:16:09.802697+00:00
  0
DICTIONARYVAR
  5
856
330
2D
100
DictionaryVariables
280
     0
  1
1.4.4 @ 2026-09-24T00:00:35.353947+00:00
  0
DICTIONARY
  5
1C75
330
88A
100
AcDbDictionary
280
     1
281
     1
  3
ACAD_XREC_ROUNDTRIP
360
1C76
  0
DICTIONARY
  5
1C73
330
888
100
AcDbDictionary
280
     1
281
     1
  3
ACAD_XREC_ROUNDTRIP
360
1C74
  0
DICTIONARY
  5
890
330
875
100
AcDbDictionary
280
     1
281
     1
  3
ACAD_ROUNDTRIP_2008_TABLESTYLE_CELLSTYLEMAP
360
1C69
  0
XRECORD
  5
1C6B
102
{ACAD_REACTORS
330
1C71
102
}
330
1C71
100
AcDbXrecord
280
     1
  1
AcDb_Thumbnail_Schema
102
{ATTRRECORD
341
1C6C
  2
AcDbDs::TreatedAsObjectData
280
     1
291
     1
102
ATTRRECORD}
102
{ATTRRECORD
341
1C6D
  2
AcDbDs::Legacy
280
     1
291
     1
102
ATTRRECORD}
  2
AcDbDs::ID
280
    10
 91
        8
102
{ATTRRECORD
341
1C6E
  2
AcDs:Indexable
280
     1
291
     1
102
ATTRRECORD}
102
{ATTRRECORD
341
1C6F
  2
AcDbDs::HandleAttribute
280
     7
282
     1
102
ATTRRECORD}
  2
Thumbnail_Data
280
    15
 91
        0
  0
XRECORD
  5
1C6C
102
{ACAD_REACTORS
330
1C71
102
}
330
1C71
100
AcDbXrecord
280
     1
  1
AcDbDs::TreatedAsObjectDataSchema
  2
AcDbDs::TreatedAsObjectData
280
     1
 91
        0
  0
XRECORD
  5
1C6D
102
{ACAD_REACTORS
330
1C71
102
}
330
1C71
100
AcDbXrecord
280
     1
  1
AcDbDs::LegacySchema
  2
AcDbDs::Legacy
280
     1
 91
        0
  0
XRECORD
  5
1C6E
102
{ACAD_REACTORS
330
1C71
102
}
330
1C71
100
AcDbXrecord
280
     1
  1
AcDbDs::IndexedPropertySchema
  2
AcDs:Indexable
280
     1
 91
        0
  0
XRECORD
  5
1C6F
102
{ACAD_REACTORS
330
1C71
102
}
330
1C71
100
AcDbXrecord
280
     1
  1
AcDbDs::HandleAttributeSchema
  2
AcDbDs::HandleAttribute
280
     7
 91
        1
284
     1
  0
XRECORD
  5
1C76
102
{ACAD_REACTORS
330
1C75
102
}
330
1C75
100
AcDbXrecord
280
     1
102
DISPLAYNAME
  1
Metric50
102
FLAGS
 90
        0
  0
XRECORD
  5
1C74
102
{ACAD_REACTORS
330
1C73
102
}
330
1C73
100
AcDbXrecord
280
     1
102
DISPLAYNAME
  1
Metric50
102
FLAGS
 90
        0
  0
CELLSTYLEMAP
  5
1C69
102
{ACAD_REACTORS
330
890
102
}
330
890
100
AcDbCellStyleMap
 90
        3
300
CELLSTYLE
  1
TABLEFORMAT_BEGIN
 90
        5
170
     1
 91
        0
 92
    32768
 62
   257
 93
        1
300
CONTENTFORMAT
  1
CONTENTFORMAT_BEGIN
 90
        0
 91
        0
 92
      512
 93
        0
300

 40
0.0
140
1.0
 94
        5
 62
     0
340
29
144
6.0
309
CONTENTFORMAT_END
171
     1
301
MARGIN
  1
CELLMARGIN_BEGIN
 40
1.5
 40
1.5
 40
1.5
 40
1.5
 40
0.18
 40
0.18
309
CELLMARGIN_END
 94
        6
 95
        1
302
GRIDFORMAT
  1
GRIDFORMAT_BEGIN
 90
        0
 91
        1
 62
     0
 92
       -2
340
0
 93
        0
 40
1.125
309
GRIDFORMAT_END
 95
        2
302
GRIDFORMAT
  1
GRIDFORMAT_BEGIN
 90
        0
 91
        1
 62
     0
 92
       -2
340
0
 93
        0
 40
1.125
309
GRIDFORMAT_END
 95
        4
302
GRIDFORMAT
  1
GRIDFORMAT_BEGIN
 90
        0
 91
        1
 62
     0
 92
       -2
340
0
 93
        0
 40
1.125
309
GRIDFORMAT_END
 95
        8
302
GRIDFORMAT
  1
GRIDFORMAT_BEGIN
 90
        0
 91
        1
 62
     0
 92
       -2
340
0
 93
        0
 40
1.125
309
GRIDFORMAT_END
 95
       16
302
GRIDFORMAT
  1
GRIDFORMAT_BEGIN
 90
        0
 91
        1
 62
     0
 92
       -2
340
0
 93
        0
 40
1.125
309
GRIDFORMAT_END
 95
       32
302
GRIDFORMAT
  1
GRIDFORMAT_BEGIN
 90
        0
 91
        1
 62
     0
 92
       -2
340
0
 93
        0
 40
1.125
309
GRIDFORMAT_END
309
TABLEFORMAT_END
  1
CELLSTYLE_BEGIN
 90
        1
 91
        1
300
_TITLE
309
CELLSTYLE_END
300
CELLSTYLE
  1
TABLEFORMAT_BEGIN
 90
        5
170
     1
 91
        0
 92
        0
 62
   257
 93
        1
300
CONTENTFORMAT
  1
CONTENTFORMAT_BEGIN
 90
        0
 91
        0
 92
      512
 93
        0
300

 40
0.0
140
1.0
 94
        5
 62
     0
340
29
144
4.5
309
CONTENTFORMAT_END
171
     1
301
MARGIN
  1
CELLMARGIN_BEGIN
 40
1.5
 40
1.5
 40
1.5
 40
1.5
 40
0.18
 40
0.18
309
CELLMARGIN_END
 94
        6
 95
        1
302
GRIDFORMAT
  1
GRIDFORMAT_BEGIN
 90
        0
 91
        1
 62
     0
 92
       -2
340
0
 93
        0
 40
1.125
309
GRIDFORMAT_END
 95
        2
302
GRIDFORMAT
  1
GRIDFORMAT_BEGIN
 90
        0
 91
        1
 62
     0
 92
       -2
340
0
 93
        0
 40
1.125
309
GRIDFORMAT_END
 95
        4
302
GRIDFORMAT
  1
GRIDFORMAT_BEGIN
 90
        0
 91
        1
 62
     0
 92
       -2
340
0
 93
        0
 40
1.125
309
GRIDFORMAT_END
 95
        8
302
GRIDFORMAT
  1
GRIDFORMAT_BEGIN
 90
        0
 91
        1
 62
     0
 92
       -2
340
0
 93
        0
 40
1.125
309
GRIDFORMAT_END
 95
       16
302
GRIDFORMAT
  1
GRIDFORMAT_BEGIN
 90
        0
 91
        1
 62
     0
 92
       -2
340
0
 93
        0
 40
1.125
309
GRIDFORMAT_END
 95
       32
302
GRIDFORMAT
  1
GRIDFORMAT_BEGIN
 90
        0
 91
        1
 62
     0
 92
       -2
340
0
 93
        0
 40
1.125
309
GRIDFORMAT_END
309
TABLEFORMAT_END
  1
CELLSTYLE_BEGIN
 90
        2
 91
        1
300
_HEADER
309
CELLSTYLE_END
300
CELLSTYLE
  1
TABLEFORMAT_BEGIN
 90
        5
170
     1
 91
        0
 92
        0
 62
   257
 93
        1
300
CONTENTFORMAT
  1
CONTENTFORMAT_BEGIN
 90
        0
 91
        0
 92
      512
 93
        0
300

 40
0.0
140
1.0
 94
        2
 62
     0
340
29
144
4.5
309
CONTENTFORMAT_END
171
     1
301
MARGIN
  1
CELLMARGIN_BEGIN
 40
1.5
 40
1.5
 40
1.5
 40
1.5
 40
0.18
 40
0.18
309
CELLMARGIN_END
 94
        6
 95
        1
302
GRIDFORMAT
  1
GRIDFORMAT_BEGIN
 90
        0
 91
        1
 62
     0
 92
       -2
340
0
 93
        0
 40
1.125
309
GRIDFORMAT_END
 95
        2
302
GRIDFORMAT
  1
GRIDFORMAT_BEGIN
 90
        0
 91
        1
 62
     0
 92
       -2
340
0
 93
        0
 40
1.125
309
GRIDFORMAT_END
 95
        4
302
GRIDFORMAT
  1
GRIDFORMAT_BEGIN
 90
        0
 91
        1
 62
     0
 92
       -2
340
0
 93
        0
 40
1.125
309
GRIDFORMAT_END
 95
        8
302
GRIDFORMAT
  1
GRIDFORMAT_BEGIN
 90
        0
 91
        1
 62
     0
 92
       -2
340
0
 93
        0
 40
1.125
309
GRIDFORMAT_END
 95
       16
302
GRIDFORMAT
  1
GRIDFORMAT_BEGIN
 90
        0
 91
        1
 62
     0
 92
       -2
340
0
 93
        0
 40
1.125
309
GRIDFORMAT_END
 95
       32
302
GRIDFORMAT
  1
GRIDFORMAT_BEGIN
 90
        0
 91
        1
 62
     0
 92
       -2
340
0
 93
        0
 40
1.125
309
GRIDFORMAT_END
309
TABLEFORMAT_END
  1
CELLSTYLE_BEGIN
 90
        3
 91
        2
300
_DATA
309
CELLSTYLE_END
  0
ENDSEC
  0
SECTION
  2
ACDSDATA
 70
     2
 71
     8
  0
ACDSSCHEMA
 90
        0
  1
AcDb_Thumbnail_Schema
  2
AcDbDs::ID
280
    10
 91
        8
  2
Thumbnail_Data
280
    15
 91
        0
101
ACDSRECORD
 95
        0
 90
        1
  2
AcDbDs::TreatedAsObjectData
280
     1
291
     1
101
ACDSRECORD
 95
        0
 90
        2
  2
AcDbDs::Legacy
280
     1
291
     1
101
ACDSRECORD
  1
AcDbDs::ID
 90
        3
  2
AcDs:Indexable
280
     1
291
     1
101
ACDSRECORD
  1
AcDbDs::ID
 90
        4
  2
AcDbDs::HandleAttribute
280
     7
282
     1
  0
ACDSSCHEMA
 90
        1
  1
AcDbDs::TreatedAsObjectDataSchema
  2
AcDbDs::TreatedAsObjectData
280
     1
 91
        0
  0
ACDSSCHEMA
 90
        2
  1
AcDbDs::LegacySchema
  2
AcDbDs::Legacy
280
     1
 91
        0
  0
ACDSSCHEMA
 90
        3
  1
AcDbDs::IndexedPropertySchema
  2
AcDs:Indexable
280
     1
 91
        0
  0
ACDSSCHEMA
 90
        4
  1
AcDbDs::HandleAttributeSchema
  2
AcDbDs::HandleAttribute
280
     7
 91
        1
284
     1
  0
ACDSRECORD
 90
        0
  2
AcDbDs::ID
280
    10
320
39
  2
Thumbnail_Data
280
    15
 94
     2307
310
89504E470D0A1A0A0000000D4948445200000100000000B408030000004C80028300000300504C5445FFFFFFFFFFFFFFFFFF0000000000000000000000000000000000000000000000000000330000660000990000CC0000FF0033000033330033660033990033CC0033FF0066000066330066660066990066CC0066FF0099
310
000099330099660099990099CC0099FF00CC0000CC3300CC6600CC9900CCCC00CCFF00FF0000FF3300FF6600FF9900FFCC00FFFF3300003300333300663300993300CC3300FF3333003333333333663333993333CC3333FF3366003366333366663366993366CC3366FF3399003399333399663399993399CC3399FF33CC00
310
33CC3333CC6633CC9933CCCC33CCFF33FF0033FF3333FF6633FF9933FFCC33FFFF6600006600336600666600996600CC6600FF6633006633336633666633996633CC6633FF6666006666336666666666996666CC6666FF6699006699336699666699996699CC6699FF66CC0066CC3366CC6666CC9966CCCC66CCFF66FF0066
310
FF3366FF6666FF9966FFCC66FFFF9900009900339900669900999900CC9900FF9933009933339933669933999933CC9933FF9966009966339966669966999966CC9966FF9999009999339999669999999999CC9999FF99CC0099CC3399CC6699CC9999CCCC99CCFF99FF0099FF3399FF6699FF9999FFCC99FFFFCC0000CC00
310
33CC0066CC0099CC00CCCC00FFCC3300CC3333CC3366CC3399CC33CCCC33FFCC6600CC6633CC6666CC6699CC66CCCC66FFCC9900CC9933CC9966CC9999CC99CCCC99FFCCCC00CCCC33CCCC66CCCC99CCCCCCCCCCFFCCFF00CCFF33CCFF66CCFF99CCFFCCCCFFFFFF0000FF0033FF0066FF0099FF00CCFF00FFFF3300FF3333
310
FF3366FF3399FF33CCFF33FFFF6600FF6633FF6666FF6699FF66CCFF66FFFF9900FF9933FF9966FF9999FF99CCFF99FFFFCC00FFCC33FFCC66FFCC99FFCCCCFFCCFFFFFF00FFFF33FFFF66FFFF99FFFFCCFFFFFF0000000D0D0D1A1A1A2828283535354343435050505D5D5D6B6B6B787878868686939393A1A1A1AEAEAEBB
310
BBBBC9C9C9D6D6D6E4E4E4F1F1F1FFFFFF000000000000000000000000000000000000000000000000000000000000AD4AB4E4000005BE4944415478DAED9D5B9AA4200C85D910FBDF03CB38CFB388E952943B027213C237DD45534E29BF8724444AD9BFCD0B23006CE3220160D3A200EC79FA090001D001F8C70801F8568F
310
F20E9D00900D78524082239D52010480DC603E801DE360520001200004600D0085CE99144000961B0204800010003282A40052401700C573D055143015005200D98079BD4017D9CFAC00F17905DC58312F80A60A7869C01650004B524008D2120A507B79C6B4A20D90FD8E2146B051B00E5EB6B10218EE0ABC9D3CAEB2C036
310
9A1E00A18D26B7019702349F6E1C3FCC8EC400442C4B8CD258052800CC0BE0D207FFFBCD8F8A2C47455C95A3E56FA363332081447375942940F5EDAC809B2D92837CF929C068E1DCFE00A352A680B600B83CA7E0678D595DBAFB9AE505FC1F71EF07A760DACEA9D20070ED5FB89FF502A173889C3B04F7BA16B0CE00AC4AFB
310
4850851EBD0178E4A50328D06011007E01485440BD6B83B1F15636F43E06609221900BA0BD0D10BB02B80425D00A8057B75C9B7FC1DD263004DA2940FC0A2BF3BFC9007CC3D8D31AB601B5BC807F0860EA21501580F7644C6E03EA0178F602B9FB5AC4088E0A84DC5D0D54C0C48150D550D8B1061F980BB4308214095E4910
310
AE673A32FBF1CB08152639C3F980AE36C09A0C65EE841729C00E84267383DBC701F31A416CAC80BA19A1504264F68C50F37CC016815010C0A07C00F76ED35D01673EA03180E77CC09A0A98DC06E8F9803619A12F0542607D00FCAEC65D0A70FAD50CC06F94CB9FC4C2AC9F26FF0DB036A75078743EA04B4A6C5C281CCB0794
310
5D9F5E2010DA3A1FF0CE06F0970AC0EEEB037C7EB7F374D83082DDE300306F208441F980FE9120987708609B84C84400C44C00FA0442A1D960ED40C81B5C6800D22F8F570E84F4BDAAF5016D032167EE0FFFE2E46DF201C943A070F924D9808F7A816181D000003919A1FE8150D2426611DFFE21109AFBCA5023000593A165
310
23C119F30139AC5FE60390970F681808956684281FF0FD7CC003800439AC1D08A1B1119C3F104263008981503B054066A605C273B34AD3617F4608CC5A2E3F6408442E8F3F5A813797C791BA5C7EE0741853D8800E00826E100900B2A7EB435362998BA492008454EFB6BD4A88E47A822AABC59FF629DC4FAF0FA07B1CA02F
310
582A00C09E40CE09C05DB9E4B97B800346C83BB7AB665818E0282C3B1FD03E0E506189311BBBFB16FEF2BFB00E390C8039B202DCCB71BD006846F0BAF7C1AF06394955DFA697EDE77BDC7E8F4370E37D6EBCAF6F797C675EED226B3ADC42014E047C9DE9EB08925E0081A4ADA11E72A08F9832D7DB06004B0500E3E509009C
310
0F856FE703019C698DFB0C89FB5885D2846A84B01A0B22C15305916B319D03211C73817323715765EDA8C2789FE9EF43141E596C756E1F23684E877A2A40B21CA2003F007E07B47F6A5000D470166A540BABB11C000B2ECBEA6C034E04C54690E51A41B9ABC8AAB4EE00FE0E8FF35237C8B2DCE03592388F04D99D0321A645
310
44770473C52CFCFE0B9EBFFE8AD03753F1926ABC6F1C64B4408F3D3BDE47487E76707F66F00F6F45FF0BC664C8DC843D54FC73819A25EC06837A8B7519DABDE5544D383325786F2607EFB4B03B80840197764738E60390DF2902B022809CBBFF4D0DC0FD1A9BDD727881D500C0BD248050CB01E095D39A1A40A4097A44CB16
310
03E071944E93A6F1E500E4CF6908C0C6005E47EE1F0770A6C55F1E2201180EE0DD834DC5DB0FF8B602DE766106000B17029000E0B30FA2AFAD00A0FD909C1C80F7F90A1B0160BB2BA08A4B9CCCA02419C1FBD110DA0BE7D807806E03DF3E75EA936EB01E80F91E3E480A18AD80D11AC80420360730F1B3433B011088DDE0A8
310
4C0163716601C099DAD8D5081E0BC184902B7EB0A117908B9E5025CFF34900BB1B41667EF78300EC088011000240003604603E18F34D46E89B00963CF304A000C0921788F21450F50B6B9F03B066310060BB420A20002680C1EB7508C0AB9E941D220D0102400016015068A148010480005C00362D37807DCB0160F3B23D80
310
FF8F324052182EA08F0000000049454E44AE426082
  0
ACDSRECORD
 90
        0
  2
AcDbDs::ID
280
    10
320
1A
  2
Thumbnail_Data
280
    15
 94
     2155
310
89504E470D0A1A0A0000000D49484452000001000000008208030000009EA3E63300000300504C5445212830FFFFFF2128300000000000000000000000000000000000000000000000000000330000660000990000CC0000FF0033000033330033660033990033CC0033FF0066000066330066660066990066CC0066FF0099
310
000099330099660099990099CC0099FF00CC0000CC3300CC6600CC9900CCCC00CCFF00FF0000FF3300FF6600FF9900FFCC00FFFF3300003300333300663300993300CC3300FF3333003333333333663333993333CC3333FF3366003366333366663366993366CC3366FF3399003399333399663399993399CC3399FF33CC00
310
33CC3333CC6633CC9933CCCC33CCFF33FF0033FF3333FF6633FF9933FFCC33FFFF6600006600336600666600996600CC6600FF6633006633336633666633996633CC6633FF6666006666336666666666996666CC6666FF6699006699336699666699996699CC6699FF66CC0066CC3366CC6666CC9966CCCC66CCFF66FF0066
310
FF3366FF6666FF9966FFCC66FFFF9900009900339900669900999900CC9900FF9933009933339933669933999933CC9933FF9966009966339966669966999966CC9966FF9999009999339999669999999999CC9999FF99CC0099CC3399CC6699CC9999CCCC99CCFF99FF0099FF3399FF6699FF9999FFCC99FFFFCC0000CC00
310
33CC0066CC0099CC00CCCC00FFCC3300CC3333CC3366CC3399CC33CCCC33FFCC6600CC6633CC6666CC6699CC66CCCC66FFCC9900CC9933CC9966CC9999CC99CCCC99FFCCCC00CCCC33CCCC66CCCC99CCCCCCCCCCFFCCFF00CCFF33CCFF66CCFF99CCFFCCCCFFFFFF0000FF0033FF0066FF0099FF00CCFF00FFFF3300FF3333
310
FF3366FF3399FF33CCFF33FFFF6600FF6633FF6666FF6699FF66CCFF66FFFF9900FF9933FF9966FF9999FF99CCFF99FFFFCC00FFCC33FFCC66FFCC99FFCCCCFFCCFFFFFF00FFFF33FFFF66FFFF99FFFFCCFFFFFF0000000D0D0D1A1A1A2828283535354343435050505D5D5D6B6B6B787878868686939393A1A1A1AEAEAEBB
310
BBBBC9C9C9D6D6D6E4E4E4F1F1F1FFFFFF0000000000000000000000000000000000000000000000000000000000002E4550F1000005264944415478DAED9D6D92E4200886BD10F7BF03F779FFEF763E142231DA494F89265B3BD56A4F6A781A11D0D021BCD78C178099C5E7178027653D6DCC0260BBD617339A2B69B3D044
310
6DE22980A8377302C07036C06C7C2DBF3B97A511008E37C8C6381FE87B0AC06CD87202A579230104970094061872A26C387C0200CC8625270C993F0DDA2EFCFFB7BFC4F27218008B384852C6E63AA01071200DCC0F80FD73A3249A9011410B8AF8CB08F2952F0042505202694183D5AF6544F20328B8B9480A49B6B486ECC2
310
78E604C81B808C462E28AB2E56AB47468087019004653535186AF944B60C0E036013943F57EAFFB432074ABCEA10808ADDA0AE0200216851038EAFA85700560C4BA65B9809CAE7463027E0700A6CCEEBBAD89757817DC55CFEDB04FC0100636BC01654FC103C48FABA824002E020225CC562E1C3E7825EDCC0D001BACE9B75
310
940B5866ED66BD7631A879160900CBBE00FC4C8115C0A2F61B115093049B12387585595CB4E905A1517F35815EFD8070E207080D68D77F8B80373F40D980EFE4D7041C46839B9F43DB5AF88D01A7AE5DE18B8991FC805525BE079012225EF281074F30DABF76048900F97585EFFCE5D4B32B5C5C050CAFEE56600D761B0D52
310
7802C0E60A7B4D88DC882AD26D3C1941753DC3D2DF32283B6602606584E606F0D014A04901887566720DE8D40FA8F204E547391A8093EB180C7D1D0B38B601311C9E74193C26441E04E0212D6EA4C49E01001F876FF3A4E8137E80DBB4F8647E80B53132A30DF8D12AE0641AD0D10FB8792B0E5D6D8D2D273BE20FBE6A735B
310
FB70130AEB890A0628763A8905F8A158603D4AE33E1CBE130B30FA0F862ECE08DD8B05D8413054C808CD180BCC9C147D3342F364845E00A558606200717B7CE655407A82D36E8C3C180CB904A0CF08CD07608684487163244B897D190C1D1CA1AE92A2858D916352F4818D11BF6785DF8D917715B80D80C3E47E00FB7E66E8
310
EEAD9CE50493A52FB9C2B8BA46D08092BBD00860BC7C401B809913224E5362BF498AF646E0EA90946E3C7048AA6B003FDD18E918C09F6E8CF831027546B04A2326005046209EA37607E0CA15460B4BF8D380EB60084D86C60B805DA92BC261546B001CD9806D632425440AB31CB5CAA48CE04027452B9601518285288430D6
310
49D10AEF28965FE0C6FA032E34A0620E90A824E548036A93A2D7B21042B700CA8FCE1E57015BD7FD03388F05763FE02CD5510740D61021043F3620D42545AF3E4D59458628C01580B3D0D0A8997B2A3FF907A0C59565568A1555F700081AC052A3D69906C0B2997100859ABA203ADA809BE74DFED015D6E2C447E95A008072
310
23188BB0F61F0CD98B65AEE93999B58790AF023D87027AA9135574214BC7415493C35A48787B83E8DF6B0CCB7A739FD26CA9D5ABEA271B40124CB0ABCAE6458475BF7E3F38A0EFBAC26787234FEB0737F6B303E37720C00AC0B186AE14943500B3DC2EA36F73877C21E464E63FC786A4AA7F5AC85AA1F4D65E019CED6DD25E
310
3577FDEB750DDDD85C5B9083676FEDFD4929E4BED0C31AD03B809C80B201384C6C281B80A000586578BB7F562E9BA2D26F79C008C21D8098C5BCF00342AD1F10BAF603F25CCF5A24180FF9010E001C5362D22F86FC7209886F9880FA768DAC0B8E5CE10C433E3F10B2F8AF76009519B43F97D6163A0BDA55649727422E07B6
310
247B8700EC242DCC0EF9AD4AA6CCE7031180939418AE7BD132D0A906DC01D006037529D4B101F8D780EF67C080000A894263607D0A673C0056AAD81C489DE34C81B68121A6C00DF9070170B6AF5D31300E00F388C0F5C0207EC0BDFBF10B606600F19BCCD7F63FA8659C430BBE169C0000000049454E44AE426082
  0
ENDSEC
  0
EOF
